id,title,description,link,image_link,additional_image_link,availability,availability_date,sale_price_effective_date,price,sale_price,product_type,google_product_category,gtin,brand,mpn,identifier_exists,condition,is_bundle,age_group,color,gender,material,pattern,size,item_group_id,shipping,size_type,size_system,shipping_label,adult,multipack,mobile_link,custom_label_0,custom_label_1,custom_label_2,custom_label_3,custom_label_4,unit_pricing_measure,expiration_date,energy_efficiency_class,promotion_id,adwords_redirect,style[0]
ND1001,Nordace Siena - Smart Backpack,,https://lp.nordace.com/dpalink/nordace-siena-smart-backpack?utm_source=Facebook_DPA&utm_campaign={{campaign.name}}_{{adset.name}}&utm_medium={{adset.id}}&utm_content={{ad.id}}_{{ad.name}}&cmpid=69844dedca420a8b8b43f68e&sub1={{ad.id}}&sub2={{adset.id}}&sub3={{campaign.id}}&sub4={{ad.name}}&sub5={{adset.name}}&sub6={{campaign.name}}&sub7={{site_source_name}}&sub9=Meta&ref_id={{fbclid}},,,in stock,,,165 USD,109.99 USD,Backpacks & Wallets,100,,Nordace,ND1001-EN,yes,new,no,,,,,,,ND1001-GROUP,,,,,no,,,English,en,,,single,,,,,https://lp.nordace.com/dpalink/nordace-siena-smart-backpack?utm_source=Facebook_DPA&utm_campaign={{campaign.name}}_{{adset.name}}&utm_medium={{adset.id}}&utm_content={{ad.id}}_{{ad.name}}&cmpid=69844dedca420a8b8b43f68e&sub1={{ad.id}}&sub2={{adset.id}}&sub3={{campaign.id}}&sub4={{ad.name}}&sub5={{adset.name}}&sub6={{campaign.name}}&sub7={{site_source_name}}&sub9=Meta&ref_id={{fbclid}},
ND1001-5,Nordace Siena - Smart Backpack,,https://lp.nordace.com/dpalink/nordace-siena-smart-backpack_beige?utm_source=Facebook_DPA&utm_campaign={{campaign.name}}_{{adset.name}}&utm_medium={{adset.id}}&utm_content={{ad.id}}_{{ad.name}}&cmpid=69844dedca420a8b8b43f68e&sub1={{ad.id}}&sub2={{adset.id}}&sub3={{campaign.id}}&sub4={{ad.name}}&sub5={{adset.name}}&sub6={{campaign.name}}&sub7={{site_source_name}}&sub9=Meta&ref_id={{fbclid}},https://nordace.com/wp-content/uploads/2018/12/ND1001-5-1.jpg,,in stock,,,165 USD,109.99 USD,Backpacks & Wallets,100,,Nordace,ND1001-5-EN,yes,new,no,,Beige,,,,,ND1001-GROUP,,,,,no,,,English,en,,,single,,,,,https://lp.nordace.com/dpalink/nordace-siena-smart-backpack_beige?utm_source=Facebook_DPA&utm_campaign={{campaign.name}}_{{adset.name}}&utm_medium={{adset.id}}&utm_content={{ad.id}}_{{ad.name}}&cmpid=69844dedca420a8b8b43f68e&sub1={{ad.id}}&sub2={{adset.id}}&sub3={{campaign.id}}&sub4={{ad.name}}&sub5={{adset.name}}&sub6={{campaign.name}}&sub7={{site_source_name}}&sub9=Meta&ref_id={{fbclid}},
ND1001-1,Nordace Siena - Smart Backpack,,https://lp.nordace.com/dpalink/nordace-siena-smart-backpack_black?utm_source=Facebook_DPA&utm_campaign={{campaign.name}}_{{adset.name}}&utm_medium={{adset.id}}&utm_content={{ad.id}}_{{ad.name}}&cmpid=69844dedca420a8b8b43f68e&sub1={{ad.id}}&sub2={{adset.id}}&sub3={{campaign.id}}&sub4={{ad.name}}&sub5={{adset.name}}&sub6={{campaign.name}}&sub7={{site_source_name}}&sub9=Meta&ref_id={{fbclid}},https://nordace.com/wp-content/uploads/2019/02/Nordace-Siena-backpack-3.jpg,,in stock,,,165 USD,109.99 USD,Backpacks & Wallets,100,,Nordace,ND1001-1-EN,yes,new,no,,Black,,,,,ND1001-GROUP,,,,,no,,,English,en,,,single,,,,,https://lp.nordace.com/dpalink/nordace-siena-smart-backpack_black?utm_source=Facebook_DPA&utm_campaign={{campaign.name}}_{{adset.name}}&utm_medium={{adset.id}}&utm_content={{ad.id}}_{{ad.name}}&cmpid=69844dedca420a8b8b43f68e&sub1={{ad.id}}&sub2={{adset.id}}&sub3={{campaign.id}}&sub4={{ad.name}}&sub5={{adset.name}}&sub6={{campaign.name}}&sub7={{site_source_name}}&sub9=Meta&ref_id={{fbclid}},
ND1001-4,Nordace Siena - Smart Backpack,,https://lp.nordace.com/dpalink/nordace-siena-smart-backpack_blue?utm_source=Facebook_DPA&utm_campaign={{campaign.name}}_{{adset.name}}&utm_medium={{adset.id}}&utm_content={{ad.id}}_{{ad.name}}&cmpid=69844dedca420a8b8b43f68e&sub1={{ad.id}}&sub2={{adset.id}}&sub3={{campaign.id}}&sub4={{ad.name}}&sub5={{adset.name}}&sub6={{campaign.name}}&sub7={{site_source_name}}&sub9=Meta&ref_id={{fbclid}},https://nordace.com/wp-content/uploads/2019/02/Nordace-Siena-backpack-11.jpg,,in stock,,,165 USD,109.99 USD,Backpacks & Wallets,100,,Nordace,ND1001-4-EN,yes,new,no,,Blue,,,,,ND1001-GROUP,,,,,no,,,English,en,,,single,,,,,https://lp.nordace.com/dpalink/nordace-siena-smart-backpack_blue?utm_source=Facebook_DPA&utm_campaign={{campaign.name}}_{{adset.name}}&utm_medium={{adset.id}}&utm_content={{ad.id}}_{{ad.name}}&cmpid=69844dedca420a8b8b43f68e&sub1={{ad.id}}&sub2={{adset.id}}&sub3={{campaign.id}}&sub4={{ad.name}}&sub5={{adset.name}}&sub6={{campaign.name}}&sub7={{site_source_name}}&sub9=Meta&ref_id={{fbclid}},
ND1001-3,Nordace Siena - Smart Backpack,,https://lp.nordace.com/dpalink/nordace-siena-smart-backpack_red?utm_source=Facebook_DPA&utm_campaign={{campaign.name}}_{{adset.name}}&utm_medium={{adset.id}}&utm_content={{ad.id}}_{{ad.name}}&cmpid=69844dedca420a8b8b43f68e&sub1={{ad.id}}&sub2={{adset.id}}&sub3={{campaign.id}}&sub4={{ad.name}}&sub5={{adset.name}}&sub6={{campaign.name}}&sub7={{site_source_name}}&sub9=Meta&ref_id={{fbclid}},https://nordace.com/wp-content/uploads/2019/07/Nordace_Siena_Red_31.jpg,,in stock,,,165 USD,109.99 USD,Backpacks & Wallets,100,,Nordace,ND1001-3-EN,yes,new,no,,Red,,,,,ND1001-GROUP,,,,,no,,,English,en,,,single,,,,,https://lp.nordace.com/dpalink/nordace-siena-smart-backpack_red?utm_source=Facebook_DPA&utm_campaign={{campaign.name}}_{{adset.name}}&utm_medium={{adset.id}}&utm_content={{ad.id}}_{{ad.name}}&cmpid=69844dedca420a8b8b43f68e&sub1={{ad.id}}&sub2={{adset.id}}&sub3={{campaign.id}}&sub4={{ad.name}}&sub5={{adset.name}}&sub6={{campaign.name}}&sub7={{site_source_name}}&sub9=Meta&ref_id={{fbclid}},
ND1001-6,Nordace Siena - Smart Backpack,,https://lp.nordace.com/dpalink/nordace-siena-smart-backpack_dark-green?utm_source=Facebook_DPA&utm_campaign={{campaign.name}}_{{adset.name}}&utm_medium={{adset.id}}&utm_content={{ad.id}}_{{ad.name}}&cmpid=69844dedca420a8b8b43f68e&sub1={{ad.id}}&sub2={{adset.id}}&sub3={{campaign.id}}&sub4={{ad.name}}&sub5={{adset.name}}&sub6={{campaign.name}}&sub7={{site_source_name}}&sub9=Meta&ref_id={{fbclid}},https://nordace.com/wp-content/uploads/2019/07/Nordace_Siena_Green_24.jpg,,in stock,,,165 USD,109.99 USD,Backpacks & Wallets,100,,Nordace,ND1001-6-EN,yes,new,no,,Dark Green,,,,,ND1001-GROUP,,,,,no,,,English,en,,,single,,,,,https://lp.nordace.com/dpalink/nordace-siena-smart-backpack_dark-green?utm_source=Facebook_DPA&utm_campaign={{campaign.name}}_{{adset.name}}&utm_medium={{adset.id}}&utm_content={{ad.id}}_{{ad.name}}&cmpid=69844dedca420a8b8b43f68e&sub1={{ad.id}}&sub2={{adset.id}}&sub3={{campaign.id}}&sub4={{ad.name}}&sub5={{adset.name}}&sub6={{campaign.name}}&sub7={{site_source_name}}&sub9=Meta&ref_id={{fbclid}},
ND1001-2,Nordace Siena - Smart Backpack,,https://lp.nordace.com/dpalink/nordace-siena-smart-backpack_gray?utm_source=Facebook_DPA&utm_campaign={{campaign.name}}_{{adset.name}}&utm_medium={{adset.id}}&utm_content={{ad.id}}_{{ad.name}}&cmpid=69844dedca420a8b8b43f68e&sub1={{ad.id}}&sub2={{adset.id}}&sub3={{campaign.id}}&sub4={{ad.name}}&sub5={{adset.name}}&sub6={{campaign.name}}&sub7={{site_source_name}}&sub9=Meta&ref_id={{fbclid}},https://nordace.com/wp-content/uploads/2019/07/Siena-–-Smart-Backpack-3-1.jpg,,in stock,,,165 USD,109.99 USD,Backpacks & Wallets,100,,Nordace,ND1001-2-EN,yes,new,no,,Gray,,,,,ND1001-GROUP,,,,,no,,,English,en,,,single,,,,,https://lp.nordace.com/dpalink/nordace-siena-smart-backpack_gray?utm_source=Facebook_DPA&utm_campaign={{campaign.name}}_{{adset.name}}&utm_medium={{adset.id}}&utm_content={{ad.id}}_{{ad.name}}&cmpid=69844dedca420a8b8b43f68e&sub1={{ad.id}}&sub2={{adset.id}}&sub3={{campaign.id}}&sub4={{ad.name}}&sub5={{adset.name}}&sub6={{campaign.name}}&sub7={{site_source_name}}&sub9=Meta&ref_id={{fbclid}},
ND1001-27,Nordace Siena - Smart Backpack,,https://lp.nordace.com/dpalink/nordace-siena-smart-backpack_khaki?utm_source=Facebook_DPA&utm_campaign={{campaign.name}}_{{adset.name}}&utm_medium={{adset.id}}&utm_content={{ad.id}}_{{ad.name}}&cmpid=69844dedca420a8b8b43f68e&sub1={{ad.id}}&sub2={{adset.id}}&sub3={{campaign.id}}&sub4={{ad.name}}&sub5={{adset.name}}&sub6={{campaign.name}}&sub7={{site_source_name}}&sub9=Meta&ref_id={{fbclid}},https://nordace.com/wp-content/uploads/2021/12/Siena-–-Smart-Backpack-Khaki-1.jpg,,in stock,,,165 USD,109.99 USD,Backpacks & Wallets,100,,Nordace,ND1001-27-EN,yes,new,no,,Khaki,,,,,ND1001-GROUP,,,,,no,,,English,en,,,single,,,,,https://lp.nordace.com/dpalink/nordace-siena-smart-backpack_khaki?utm_source=Facebook_DPA&utm_campaign={{campaign.name}}_{{adset.name}}&utm_medium={{adset.id}}&utm_content={{ad.id}}_{{ad.name}}&cmpid=69844dedca420a8b8b43f68e&sub1={{ad.id}}&sub2={{adset.id}}&sub3={{campaign.id}}&sub4={{ad.name}}&sub5={{adset.name}}&sub6={{campaign.name}}&sub7={{site_source_name}}&sub9=Meta&ref_id={{fbclid}},
ND1001-33,Nordace Siena - Smart Backpack,,https://lp.nordace.com/dpalink/nordace-siena-smart-backpack_aqua?utm_source=Facebook_DPA&utm_campaign={{campaign.name}}_{{adset.name}}&utm_medium={{adset.id}}&utm_content={{ad.id}}_{{ad.name}}&cmpid=69844dedca420a8b8b43f68e&sub1={{ad.id}}&sub2={{adset.id}}&sub3={{campaign.id}}&sub4={{ad.name}}&sub5={{adset.name}}&sub6={{campaign.name}}&sub7={{site_source_name}}&sub9=Meta&ref_id={{fbclid}},https://nordace.com/wp-content/uploads/2021/12/Siena-Classic-Aqua-1.jpg,,in stock,,,165 USD,109.99 USD,Backpacks & Wallets,100,,Nordace,ND1001-33-EN,yes,new,no,,Aqua,,,,,ND1001-GROUP,,,,,no,,,English,en,,,single,,,,,https://lp.nordace.com/dpalink/nordace-siena-smart-backpack_aqua?utm_source=Facebook_DPA&utm_campaign={{campaign.name}}_{{adset.name}}&utm_medium={{adset.id}}&utm_content={{ad.id}}_{{ad.name}}&cmpid=69844dedca420a8b8b43f68e&sub1={{ad.id}}&sub2={{adset.id}}&sub3={{campaign.id}}&sub4={{ad.name}}&sub5={{adset.name}}&sub6={{campaign.name}}&sub7={{site_source_name}}&sub9=Meta&ref_id={{fbclid}},
ND1001-8,Nordace Siena - Smart Backpack,,https://lp.nordace.com/dpalink/nordace-siena-smart-backpack_pink?utm_source=Facebook_DPA&utm_campaign={{campaign.name}}_{{adset.name}}&utm_medium={{adset.id}}&utm_content={{ad.id}}_{{ad.name}}&cmpid=69844dedca420a8b8b43f68e&sub1={{ad.id}}&sub2={{adset.id}}&sub3={{campaign.id}}&sub4={{ad.name}}&sub5={{adset.name}}&sub6={{campaign.name}}&sub7={{site_source_name}}&sub9=Meta&ref_id={{fbclid}},https://nordace.com/wp-content/uploads/2021/12/Siena-Classic-Pink-1.jpg,,in stock,,,165 USD,109.99 USD,Backpacks & Wallets,100,,Nordace,ND1001-8-EN,yes,new,no,,Pink,,,,,ND1001-GROUP,,,,,no,,,English,en,,,single,,,,,https://lp.nordace.com/dpalink/nordace-siena-smart-backpack_pink?utm_source=Facebook_DPA&utm_campaign={{campaign.name}}_{{adset.name}}&utm_medium={{adset.id}}&utm_content={{ad.id}}_{{ad.name}}&cmpid=69844dedca420a8b8b43f68e&sub1={{ad.id}}&sub2={{adset.id}}&sub3={{campaign.id}}&sub4={{ad.name}}&sub5={{adset.name}}&sub6={{campaign.name}}&sub7={{site_source_name}}&sub9=Meta&ref_id={{fbclid}},
ND1125,Siena Pro Tote Bag Grande,,https://lp.nordace.com/dpalink/siena-pro-tote-bag-plus?utm_source=Facebook_DPA&utm_campaign={{campaign.name}}_{{adset.name}}&utm_medium={{adset.id}}&utm_content={{ad.id}}_{{ad.name}}&cmpid=69844dedca420a8b8b43f68e&sub1={{ad.id}}&sub2={{adset.id}}&sub3={{campaign.id}}&sub4={{ad.name}}&sub5={{adset.name}}&sub6={{campaign.name}}&sub7={{site_source_name}}&sub9=Meta&ref_id={{fbclid}},,,in stock,,,210.99 USD,138 USD,Backpacks & Wallets,100,,Nordace,ND1125-EN,yes,new,no,,,,,,,ND1125-GROUP,,,,,no,,,English,en,,,single,,,,,https://lp.nordace.com/dpalink/siena-pro-tote-bag-plus?utm_source=Facebook_DPA&utm_campaign={{campaign.name}}_{{adset.name}}&utm_medium={{adset.id}}&utm_content={{ad.id}}_{{ad.name}}&cmpid=69844dedca420a8b8b43f68e&sub1={{ad.id}}&sub2={{adset.id}}&sub3={{campaign.id}}&sub4={{ad.name}}&sub5={{adset.name}}&sub6={{campaign.name}}&sub7={{site_source_name}}&sub9=Meta&ref_id={{fbclid}},
ND1125-1,Siena Pro Tote Bag Grande,,https://lp.nordace.com/dpalink/siena-pro-tote-bag-plus_black-brown?utm_source=Facebook_DPA&utm_campaign={{campaign.name}}_{{adset.name}}&utm_medium={{adset.id}}&utm_content={{ad.id}}_{{ad.name}}&cmpid=69844dedca420a8b8b43f68e&sub1={{ad.id}}&sub2={{adset.id}}&sub3={{campaign.id}}&sub4={{ad.name}}&sub5={{adset.name}}&sub6={{campaign.name}}&sub7={{site_source_name}}&sub9=Meta&ref_id={{fbclid}},https://nordace.com/wp-content/uploads/2024/03/ND1125-1-1a.jpg,,in stock,,,210.99 USD,138 USD,Backpacks & Wallets,100,,Nordace,ND1125-1-EN,yes,new,no,,Black Brown,,,,,ND1125-GROUP,,,,,no,,,English,en,,,single,,,,,https://lp.nordace.com/dpalink/siena-pro-tote-bag-plus_black-brown?utm_source=Facebook_DPA&utm_campaign={{campaign.name}}_{{adset.name}}&utm_medium={{adset.id}}&utm_content={{ad.id}}_{{ad.name}}&cmpid=69844dedca420a8b8b43f68e&sub1={{ad.id}}&sub2={{adset.id}}&sub3={{campaign.id}}&sub4={{ad.name}}&sub5={{adset.name}}&sub6={{campaign.name}}&sub7={{site_source_name}}&sub9=Meta&ref_id={{fbclid}},
ND1125-5,Siena Pro Tote Bag Grande,,https://lp.nordace.com/dpalink/siena-pro-tote-bag-plus_beige?utm_source=Facebook_DPA&utm_campaign={{campaign.name}}_{{adset.name}}&utm_medium={{adset.id}}&utm_content={{ad.id}}_{{ad.name}}&cmpid=69844dedca420a8b8b43f68e&sub1={{ad.id}}&sub2={{adset.id}}&sub3={{campaign.id}}&sub4={{ad.name}}&sub5={{adset.name}}&sub6={{campaign.name}}&sub7={{site_source_name}}&sub9=Meta&ref_id={{fbclid}},https://nordace.com/wp-content/uploads/2024/03/ND1125-5-1.jpg,,in stock,,,210.99 USD,138 USD,Backpacks & Wallets,100,,Nordace,ND1125-5-EN,yes,new,no,,Beige,,,,,ND1125-GROUP,,,,,no,,,English,en,,,single,,,,,https://lp.nordace.com/dpalink/siena-pro-tote-bag-plus_beige?utm_source=Facebook_DPA&utm_campaign={{campaign.name}}_{{adset.name}}&utm_medium={{adset.id}}&utm_content={{ad.id}}_{{ad.name}}&cmpid=69844dedca420a8b8b43f68e&sub1={{ad.id}}&sub2={{adset.id}}&sub3={{campaign.id}}&sub4={{ad.name}}&sub5={{adset.name}}&sub6={{campaign.name}}&sub7={{site_source_name}}&sub9=Meta&ref_id={{fbclid}},
ND1125-4,Siena Pro Tote Bag Grande,,https://lp.nordace.com/dpalink/siena-pro-tote-bag-plus_blue?utm_source=Facebook_DPA&utm_campaign={{campaign.name}}_{{adset.name}}&utm_medium={{adset.id}}&utm_content={{ad.id}}_{{ad.name}}&cmpid=69844dedca420a8b8b43f68e&sub1={{ad.id}}&sub2={{adset.id}}&sub3={{campaign.id}}&sub4={{ad.name}}&sub5={{adset.name}}&sub6={{campaign.name}}&sub7={{site_source_name}}&sub9=Meta&ref_id={{fbclid}},https://nordace.com/wp-content/uploads/2024/03/ND1125-4-1.jpg,,in stock,,,210.99 USD,138 USD,Backpacks & Wallets,100,,Nordace,ND1125-4-EN,yes,new,no,,Blue,,,,,ND1125-GROUP,,,,,no,,,English,en,,,single,,,,,https://lp.nordace.com/dpalink/siena-pro-tote-bag-plus_blue?utm_source=Facebook_DPA&utm_campaign={{campaign.name}}_{{adset.name}}&utm_medium={{adset.id}}&utm_content={{ad.id}}_{{ad.name}}&cmpid=69844dedca420a8b8b43f68e&sub1={{ad.id}}&sub2={{adset.id}}&sub3={{campaign.id}}&sub4={{ad.name}}&sub5={{adset.name}}&sub6={{campaign.name}}&sub7={{site_source_name}}&sub9=Meta&ref_id={{fbclid}},
ND1125-6,Siena Pro Tote Bag Grande,,https://lp.nordace.com/dpalink/siena-pro-tote-bag-plus_olive?utm_source=Facebook_DPA&utm_campaign={{campaign.name}}_{{adset.name}}&utm_medium={{adset.id}}&utm_content={{ad.id}}_{{ad.name}}&cmpid=69844dedca420a8b8b43f68e&sub1={{ad.id}}&sub2={{adset.id}}&sub3={{campaign.id}}&sub4={{ad.name}}&sub5={{adset.name}}&sub6={{campaign.name}}&sub7={{site_source_name}}&sub9=Meta&ref_id={{fbclid}},https://nordace.com/wp-content/uploads/2024/12/IMG_59987.jpg,,in stock,,,210.99 USD,138 USD,Backpacks & Wallets,100,,Nordace,ND1125-6-EN,yes,new,no,,Olive,,,,,ND1125-GROUP,,,,,no,,,English,en,,,single,,,,,https://lp.nordace.com/dpalink/siena-pro-tote-bag-plus_olive?utm_source=Facebook_DPA&utm_campaign={{campaign.name}}_{{adset.name}}&utm_medium={{adset.id}}&utm_content={{ad.id}}_{{ad.name}}&cmpid=69844dedca420a8b8b43f68e&sub1={{ad.id}}&sub2={{adset.id}}&sub3={{campaign.id}}&sub4={{ad.name}}&sub5={{adset.name}}&sub6={{campaign.name}}&sub7={{site_source_name}}&sub9=Meta&ref_id={{fbclid}},
ND1125-2,Siena Pro Tote Bag Grande,,https://lp.nordace.com/dpalink/siena-pro-tote-bag-plus_gray?utm_source=Facebook_DPA&utm_campaign={{campaign.name}}_{{adset.name}}&utm_medium={{adset.id}}&utm_content={{ad.id}}_{{ad.name}}&cmpid=69844dedca420a8b8b43f68e&sub1={{ad.id}}&sub2={{adset.id}}&sub3={{campaign.id}}&sub4={{ad.name}}&sub5={{adset.name}}&sub6={{campaign.name}}&sub7={{site_source_name}}&sub9=Meta&ref_id={{fbclid}},https://nordace.com/wp-content/uploads/2024/12/IMG_59975.jpg,,in stock,,,210.99 USD,138 USD,Backpacks & Wallets,100,,Nordace,ND1125-2-EN,yes,new,no,,Gray,,,,,ND1125-GROUP,,,,,no,,,English,en,,,single,,,,,https://lp.nordace.com/dpalink/siena-pro-tote-bag-plus_gray?utm_source=Facebook_DPA&utm_campaign={{campaign.name}}_{{adset.name}}&utm_medium={{adset.id}}&utm_content={{ad.id}}_{{ad.name}}&cmpid=69844dedca420a8b8b43f68e&sub1={{ad.id}}&sub2={{adset.id}}&sub3={{campaign.id}}&sub4={{ad.name}}&sub5={{adset.name}}&sub6={{campaign.name}}&sub7={{site_source_name}}&sub9=Meta&ref_id={{fbclid}},
ND1125-3,Siena Pro Tote Bag Grande,,https://lp.nordace.com/dpalink/siena-pro-tote-bag-plus_red?utm_source=Facebook_DPA&utm_campaign={{campaign.name}}_{{adset.name}}&utm_medium={{adset.id}}&utm_content={{ad.id}}_{{ad.name}}&cmpid=69844dedca420a8b8b43f68e&sub1={{ad.id}}&sub2={{adset.id}}&sub3={{campaign.id}}&sub4={{ad.name}}&sub5={{adset.name}}&sub6={{campaign.name}}&sub7={{site_source_name}}&sub9=Meta&ref_id={{fbclid}},https://nordace.com/wp-content/uploads/2025/02/2.jpg,,in stock,,,210.99 USD,138 USD,Backpacks & Wallets,100,,Nordace,ND1125-3-EN,yes,new,no,,Red,,,,,ND1125-GROUP,,,,,no,,,English,en,,,single,,,,,https://lp.nordace.com/dpalink/siena-pro-tote-bag-plus_red?utm_source=Facebook_DPA&utm_campaign={{campaign.name}}_{{adset.name}}&utm_medium={{adset.id}}&utm_content={{ad.id}}_{{ad.name}}&cmpid=69844dedca420a8b8b43f68e&sub1={{ad.id}}&sub2={{adset.id}}&sub3={{campaign.id}}&sub4={{ad.name}}&sub5={{adset.name}}&sub6={{campaign.name}}&sub7={{site_source_name}}&sub9=Meta&ref_id={{fbclid}},
ND1125-17,Siena Pro Tote Bag Grande,,https://lp.nordace.com/dpalink/siena-pro-tote-bag-plus_purple?utm_source=Facebook_DPA&utm_campaign={{campaign.name}}_{{adset.name}}&utm_medium={{adset.id}}&utm_content={{ad.id}}_{{ad.name}}&cmpid=69844dedca420a8b8b43f68e&sub1={{ad.id}}&sub2={{adset.id}}&sub3={{campaign.id}}&sub4={{ad.name}}&sub5={{adset.name}}&sub6={{campaign.name}}&sub7={{site_source_name}}&sub9=Meta&ref_id={{fbclid}},https://nordace.com/wp-content/uploads/2025/03/1.jpg,,in stock,,,210.99 USD,138 USD,Backpacks & Wallets,100,,Nordace,ND1125-17-EN,yes,new,no,,Purple,,,,,ND1125-GROUP,,,,,no,,,English,en,,,single,,,,,https://lp.nordace.com/dpalink/siena-pro-tote-bag-plus_purple?utm_source=Facebook_DPA&utm_campaign={{campaign.name}}_{{adset.name}}&utm_medium={{adset.id}}&utm_content={{ad.id}}_{{ad.name}}&cmpid=69844dedca420a8b8b43f68e&sub1={{ad.id}}&sub2={{adset.id}}&sub3={{campaign.id}}&sub4={{ad.name}}&sub5={{adset.name}}&sub6={{campaign.name}}&sub7={{site_source_name}}&sub9=Meta&ref_id={{fbclid}},
ND1125-50,Siena Pro Tote Bag Grande,,https://lp.nordace.com/dpalink/siena-pro-tote-bag-plus_light-purple?utm_source=Facebook_DPA&utm_campaign={{campaign.name}}_{{adset.name}}&utm_medium={{adset.id}}&utm_content={{ad.id}}_{{ad.name}}&cmpid=69844dedca420a8b8b43f68e&sub1={{ad.id}}&sub2={{adset.id}}&sub3={{campaign.id}}&sub4={{ad.name}}&sub5={{adset.name}}&sub6={{campaign.name}}&sub7={{site_source_name}}&sub9=Meta&ref_id={{fbclid}},https://nordace.com/wp-content/uploads/2025/03/2-1.jpg,,in stock,,,210.99 USD,138 USD,Backpacks & Wallets,100,,Nordace,ND1125-50-EN,yes,new,no,,Light Purple,,,,,ND1125-GROUP,,,,,no,,,English,en,,,single,,,,,https://lp.nordace.com/dpalink/siena-pro-tote-bag-plus_light-purple?utm_source=Facebook_DPA&utm_campaign={{campaign.name}}_{{adset.name}}&utm_medium={{adset.id}}&utm_content={{ad.id}}_{{ad.name}}&cmpid=69844dedca420a8b8b43f68e&sub1={{ad.id}}&sub2={{adset.id}}&sub3={{campaign.id}}&sub4={{ad.name}}&sub5={{adset.name}}&sub6={{campaign.name}}&sub7={{site_source_name}}&sub9=Meta&ref_id={{fbclid}},
ND1125-33,Siena Pro Tote Bag Grande,,https://lp.nordace.com/dpalink/siena-pro-tote-bag-plus_aqua?utm_source=Facebook_DPA&utm_campaign={{campaign.name}}_{{adset.name}}&utm_medium={{adset.id}}&utm_content={{ad.id}}_{{ad.name}}&cmpid=69844dedca420a8b8b43f68e&sub1={{ad.id}}&sub2={{adset.id}}&sub3={{campaign.id}}&sub4={{ad.name}}&sub5={{adset.name}}&sub6={{campaign.name}}&sub7={{site_source_name}}&sub9=Meta&ref_id={{fbclid}},https://nordace.com/wp-content/uploads/2025/03/2-2.jpg,,in stock,,,210.99 USD,138 USD,Backpacks & Wallets,100,,Nordace,ND1125-33-EN,yes,new,no,,Aqua,,,,,ND1125-GROUP,,,,,no,,,English,en,,,single,,,,,https://lp.nordace.com/dpalink/siena-pro-tote-bag-plus_aqua?utm_source=Facebook_DPA&utm_campaign={{campaign.name}}_{{adset.name}}&utm_medium={{adset.id}}&utm_content={{ad.id}}_{{ad.name}}&cmpid=69844dedca420a8b8b43f68e&sub1={{ad.id}}&sub2={{adset.id}}&sub3={{campaign.id}}&sub4={{ad.name}}&sub5={{adset.name}}&sub6={{campaign.name}}&sub7={{site_source_name}}&sub9=Meta&ref_id={{fbclid}},
ND1125-8,Siena Pro Tote Bag Grande,,https://lp.nordace.com/dpalink/siena-pro-tote-bag-plus_pink?utm_source=Facebook_DPA&utm_campaign={{campaign.name}}_{{adset.name}}&utm_medium={{adset.id}}&utm_content={{ad.id}}_{{ad.name}}&cmpid=69844dedca420a8b8b43f68e&sub1={{ad.id}}&sub2={{adset.id}}&sub3={{campaign.id}}&sub4={{ad.name}}&sub5={{adset.name}}&sub6={{campaign.name}}&sub7={{site_source_name}}&sub9=Meta&ref_id={{fbclid}},https://nordace.com/wp-content/uploads/2025/03/4-1.jpg,,in stock,,,210.99 USD,138 USD,Backpacks & Wallets,100,,Nordace,ND1125-8-EN,yes,new,no,,Pink,,,,,ND1125-GROUP,,,,,no,,,English,en,,,single,,,,,https://lp.nordace.com/dpalink/siena-pro-tote-bag-plus_pink?utm_source=Facebook_DPA&utm_campaign={{campaign.name}}_{{adset.name}}&utm_medium={{adset.id}}&utm_content={{ad.id}}_{{ad.name}}&cmpid=69844dedca420a8b8b43f68e&sub1={{ad.id}}&sub2={{adset.id}}&sub3={{campaign.id}}&sub4={{ad.name}}&sub5={{adset.name}}&sub6={{campaign.name}}&sub7={{site_source_name}}&sub9=Meta&ref_id={{fbclid}},
ND1125-10,Siena Pro Tote Bag Grande,,https://lp.nordace.com/dpalink/siena-pro-tote-bag-plus_all-black?utm_source=Facebook_DPA&utm_campaign={{campaign.name}}_{{adset.name}}&utm_medium={{adset.id}}&utm_content={{ad.id}}_{{ad.name}}&cmpid=69844dedca420a8b8b43f68e&sub1={{ad.id}}&sub2={{adset.id}}&sub3={{campaign.id}}&sub4={{ad.name}}&sub5={{adset.name}}&sub6={{campaign.name}}&sub7={{site_source_name}}&sub9=Meta&ref_id={{fbclid}},https://nordace.com/wp-content/uploads/2025/07/ND1125-10-2.jpg,,in stock,,,210.99 USD,138 USD,Backpacks & Wallets,100,,Nordace,ND1125-10-EN,yes,new,no,,All Black,,,,,ND1125-GROUP,,,,,no,,,English,en,,,single,,,,,https://lp.nordace.com/dpalink/siena-pro-tote-bag-plus_all-black?utm_source=Facebook_DPA&utm_campaign={{campaign.name}}_{{adset.name}}&utm_medium={{adset.id}}&utm_content={{ad.id}}_{{ad.name}}&cmpid=69844dedca420a8b8b43f68e&sub1={{ad.id}}&sub2={{adset.id}}&sub3={{campaign.id}}&sub4={{ad.name}}&sub5={{adset.name}}&sub6={{campaign.name}}&sub7={{site_source_name}}&sub9=Meta&ref_id={{fbclid}},
ND1118,Siena Pro 15 Backpack,,https://lp.nordace.com/dpalink/nordace-siena-pro-15-backpack?utm_source=Facebook_DPA&utm_campaign={{campaign.name}}_{{adset.name}}&utm_medium={{adset.id}}&utm_content={{ad.id}}_{{ad.name}}&cmpid=69844dedca420a8b8b43f68e&sub1={{ad.id}}&sub2={{adset.id}}&sub3={{campaign.id}}&sub4={{ad.name}}&sub5={{adset.name}}&sub6={{campaign.name}}&sub7={{site_source_name}}&sub9=Meta&ref_id={{fbclid}},,,in stock,,,119.99 USD,,Backpacks & Wallets,100,,Nordace,ND1118-EN,yes,new,no,,,,,,,ND1118-GROUP,,,,,no,,,English,en,,,single,,,,,https://lp.nordace.com/dpalink/nordace-siena-pro-15-backpack?utm_source=Facebook_DPA&utm_campaign={{campaign.name}}_{{adset.name}}&utm_medium={{adset.id}}&utm_content={{ad.id}}_{{ad.name}}&cmpid=69844dedca420a8b8b43f68e&sub1={{ad.id}}&sub2={{adset.id}}&sub3={{campaign.id}}&sub4={{ad.name}}&sub5={{adset.name}}&sub6={{campaign.name}}&sub7={{site_source_name}}&sub9=Meta&ref_id={{fbclid}},
ND1118-1,Siena Pro 15 Backpack,,https://lp.nordace.com/dpalink/nordace-siena-pro-15-backpack_black-brown?utm_source=Facebook_DPA&utm_campaign={{campaign.name}}_{{adset.name}}&utm_medium={{adset.id}}&utm_content={{ad.id}}_{{ad.name}}&cmpid=69844dedca420a8b8b43f68e&sub1={{ad.id}}&sub2={{adset.id}}&sub3={{campaign.id}}&sub4={{ad.name}}&sub5={{adset.name}}&sub6={{campaign.name}}&sub7={{site_source_name}}&sub9=Meta&ref_id={{fbclid}},https://nordace.com/wp-content/uploads/2023/03/ND1118-1-2.jpg,,in stock,,,119.99 USD,,Backpacks & Wallets,100,,Nordace,ND1118-1-EN,yes,new,no,,Black Brown,,,,,ND1118-GROUP,,,,,no,,,English,en,,,single,,,,,https://lp.nordace.com/dpalink/nordace-siena-pro-15-backpack_black-brown?utm_source=Facebook_DPA&utm_campaign={{campaign.name}}_{{adset.name}}&utm_medium={{adset.id}}&utm_content={{ad.id}}_{{ad.name}}&cmpid=69844dedca420a8b8b43f68e&sub1={{ad.id}}&sub2={{adset.id}}&sub3={{campaign.id}}&sub4={{ad.name}}&sub5={{adset.name}}&sub6={{campaign.name}}&sub7={{site_source_name}}&sub9=Meta&ref_id={{fbclid}},
ND1118-5,Siena Pro 15 Backpack,,https://lp.nordace.com/dpalink/nordace-siena-pro-15-backpack_beige?utm_source=Facebook_DPA&utm_campaign={{campaign.name}}_{{adset.name}}&utm_medium={{adset.id}}&utm_content={{ad.id}}_{{ad.name}}&cmpid=69844dedca420a8b8b43f68e&sub1={{ad.id}}&sub2={{adset.id}}&sub3={{campaign.id}}&sub4={{ad.name}}&sub5={{adset.name}}&sub6={{campaign.name}}&sub7={{site_source_name}}&sub9=Meta&ref_id={{fbclid}},https://nordace.com/wp-content/uploads/2023/03/ND1118-5-1.jpg,,in stock,,,119.99 USD,,Backpacks & Wallets,100,,Nordace,ND1118-5-EN,yes,new,no,,Beige,,,,,ND1118-GROUP,,,,,no,,,English,en,,,single,,,,,https://lp.nordace.com/dpalink/nordace-siena-pro-15-backpack_beige?utm_source=Facebook_DPA&utm_campaign={{campaign.name}}_{{adset.name}}&utm_medium={{adset.id}}&utm_content={{ad.id}}_{{ad.name}}&cmpid=69844dedca420a8b8b43f68e&sub1={{ad.id}}&sub2={{adset.id}}&sub3={{campaign.id}}&sub4={{ad.name}}&sub5={{adset.name}}&sub6={{campaign.name}}&sub7={{site_source_name}}&sub9=Meta&ref_id={{fbclid}},
ND1118-4,Siena Pro 15 Backpack,,https://lp.nordace.com/dpalink/nordace-siena-pro-15-backpack_blue?utm_source=Facebook_DPA&utm_campaign={{campaign.name}}_{{adset.name}}&utm_medium={{adset.id}}&utm_content={{ad.id}}_{{ad.name}}&cmpid=69844dedca420a8b8b43f68e&sub1={{ad.id}}&sub2={{adset.id}}&sub3={{campaign.id}}&sub4={{ad.name}}&sub5={{adset.name}}&sub6={{campaign.name}}&sub7={{site_source_name}}&sub9=Meta&ref_id={{fbclid}},https://nordace.com/wp-content/uploads/2023/03/ND1118-4-2.jpg,,in stock,,,119.99 USD,,Backpacks & Wallets,100,,Nordace,ND1118-4-EN,yes,new,no,,Blue,,,,,ND1118-GROUP,,,,,no,,,English,en,,,single,,,,,https://lp.nordace.com/dpalink/nordace-siena-pro-15-backpack_blue?utm_source=Facebook_DPA&utm_campaign={{campaign.name}}_{{adset.name}}&utm_medium={{adset.id}}&utm_content={{ad.id}}_{{ad.name}}&cmpid=69844dedca420a8b8b43f68e&sub1={{ad.id}}&sub2={{adset.id}}&sub3={{campaign.id}}&sub4={{ad.name}}&sub5={{adset.name}}&sub6={{campaign.name}}&sub7={{site_source_name}}&sub9=Meta&ref_id={{fbclid}},
ND1118-6,Siena Pro 15 Backpack,,https://lp.nordace.com/dpalink/nordace-siena-pro-15-backpack_green?utm_source=Facebook_DPA&utm_campaign={{campaign.name}}_{{adset.name}}&utm_medium={{adset.id}}&utm_content={{ad.id}}_{{ad.name}}&cmpid=69844dedca420a8b8b43f68e&sub1={{ad.id}}&sub2={{adset.id}}&sub3={{campaign.id}}&sub4={{ad.name}}&sub5={{adset.name}}&sub6={{campaign.name}}&sub7={{site_source_name}}&sub9=Meta&ref_id={{fbclid}},https://nordace.com/wp-content/uploads/2023/03/ND1118-6-2.jpg,,in stock,,,119.99 USD,,Backpacks & Wallets,100,,Nordace,ND1118-6-EN,yes,new,no,,Green,,,,,ND1118-GROUP,,,,,no,,,English,en,,,single,,,,,https://lp.nordace.com/dpalink/nordace-siena-pro-15-backpack_green?utm_source=Facebook_DPA&utm_campaign={{campaign.name}}_{{adset.name}}&utm_medium={{adset.id}}&utm_content={{ad.id}}_{{ad.name}}&cmpid=69844dedca420a8b8b43f68e&sub1={{ad.id}}&sub2={{adset.id}}&sub3={{campaign.id}}&sub4={{ad.name}}&sub5={{adset.name}}&sub6={{campaign.name}}&sub7={{site_source_name}}&sub9=Meta&ref_id={{fbclid}},
ND1118-3,Siena Pro 15 Backpack,,https://lp.nordace.com/dpalink/nordace-siena-pro-15-backpack_red?utm_source=Facebook_DPA&utm_campaign={{campaign.name}}_{{adset.name}}&utm_medium={{adset.id}}&utm_content={{ad.id}}_{{ad.name}}&cmpid=69844dedca420a8b8b43f68e&sub1={{ad.id}}&sub2={{adset.id}}&sub3={{campaign.id}}&sub4={{ad.name}}&sub5={{adset.name}}&sub6={{campaign.name}}&sub7={{site_source_name}}&sub9=Meta&ref_id={{fbclid}},https://nordace.com/wp-content/uploads/2023/03/ND1118-3-2-1.jpg,,in stock,,,119.99 USD,,Backpacks & Wallets,100,,Nordace,ND1118-3-EN,yes,new,no,,Red,,,,,ND1118-GROUP,,,,,no,,,English,en,,,single,,,,,https://lp.nordace.com/dpalink/nordace-siena-pro-15-backpack_red?utm_source=Facebook_DPA&utm_campaign={{campaign.name}}_{{adset.name}}&utm_medium={{adset.id}}&utm_content={{ad.id}}_{{ad.name}}&cmpid=69844dedca420a8b8b43f68e&sub1={{ad.id}}&sub2={{adset.id}}&sub3={{campaign.id}}&sub4={{ad.name}}&sub5={{adset.name}}&sub6={{campaign.name}}&sub7={{site_source_name}}&sub9=Meta&ref_id={{fbclid}},
ND1124-1,Siena Pro 15 Backpack,,https://lp.nordace.com/dpalink/nordace-siena-pro-15-backpack_all-black?utm_source=Facebook_DPA&utm_campaign={{campaign.name}}_{{adset.name}}&utm_medium={{adset.id}}&utm_content={{ad.id}}_{{ad.name}}&cmpid=69844dedca420a8b8b43f68e&sub1={{ad.id}}&sub2={{adset.id}}&sub3={{campaign.id}}&sub4={{ad.name}}&sub5={{adset.name}}&sub6={{campaign.name}}&sub7={{site_source_name}}&sub9=Meta&ref_id={{fbclid}},https://nordace.com/wp-content/uploads/2023/04/ND1124-2-1.jpg,,in stock,,,119.99 USD,,Backpacks & Wallets,100,,Nordace,ND1124-1-EN,yes,new,no,,All Black,,,,,ND1118-GROUP,,,,,no,,,English,en,,,single,,,,,https://lp.nordace.com/dpalink/nordace-siena-pro-15-backpack_all-black?utm_source=Facebook_DPA&utm_campaign={{campaign.name}}_{{adset.name}}&utm_medium={{adset.id}}&utm_content={{ad.id}}_{{ad.name}}&cmpid=69844dedca420a8b8b43f68e&sub1={{ad.id}}&sub2={{adset.id}}&sub3={{campaign.id}}&sub4={{ad.name}}&sub5={{adset.name}}&sub6={{campaign.name}}&sub7={{site_source_name}}&sub9=Meta&ref_id={{fbclid}},
ND1118-13,Siena Pro 15 Backpack,,https://lp.nordace.com/dpalink/nordace-siena-pro-15-backpack_teal?utm_source=Facebook_DPA&utm_campaign={{campaign.name}}_{{adset.name}}&utm_medium={{adset.id}}&utm_content={{ad.id}}_{{ad.name}}&cmpid=69844dedca420a8b8b43f68e&sub1={{ad.id}}&sub2={{adset.id}}&sub3={{campaign.id}}&sub4={{ad.name}}&sub5={{adset.name}}&sub6={{campaign.name}}&sub7={{site_source_name}}&sub9=Meta&ref_id={{fbclid}},https://nordace.com/wp-content/uploads/2023/09/ND1118-13-1.jpg,,in stock,,,119.99 USD,,Backpacks & Wallets,100,,Nordace,ND1118-13-EN,yes,new,no,,Teal,,,,,ND1118-GROUP,,,,,no,,,English,en,,,single,,,,,https://lp.nordace.com/dpalink/nordace-siena-pro-15-backpack_teal?utm_source=Facebook_DPA&utm_campaign={{campaign.name}}_{{adset.name}}&utm_medium={{adset.id}}&utm_content={{ad.id}}_{{ad.name}}&cmpid=69844dedca420a8b8b43f68e&sub1={{ad.id}}&sub2={{adset.id}}&sub3={{campaign.id}}&sub4={{ad.name}}&sub5={{adset.name}}&sub6={{campaign.name}}&sub7={{site_source_name}}&sub9=Meta&ref_id={{fbclid}},
ND1118-12,Siena Pro 15 Backpack,,https://lp.nordace.com/dpalink/nordace-siena-pro-15-backpack_purple-navy?utm_source=Facebook_DPA&utm_campaign={{campaign.name}}_{{adset.name}}&utm_medium={{adset.id}}&utm_content={{ad.id}}_{{ad.name}}&cmpid=69844dedca420a8b8b43f68e&sub1={{ad.id}}&sub2={{adset.id}}&sub3={{campaign.id}}&sub4={{ad.name}}&sub5={{adset.name}}&sub6={{campaign.name}}&sub7={{site_source_name}}&sub9=Meta&ref_id={{fbclid}},https://nordace.com/wp-content/uploads/2023/09/ND1118-12-1-1.jpg,,in stock,,,119.99 USD,,Backpacks & Wallets,100,,Nordace,ND1118-12-EN,yes,new,no,,Purple Navy,,,,,ND1118-GROUP,,,,,no,,,English,en,,,single,,,,,https://lp.nordace.com/dpalink/nordace-siena-pro-15-backpack_purple-navy?utm_source=Facebook_DPA&utm_campaign={{campaign.name}}_{{adset.name}}&utm_medium={{adset.id}}&utm_content={{ad.id}}_{{ad.name}}&cmpid=69844dedca420a8b8b43f68e&sub1={{ad.id}}&sub2={{adset.id}}&sub3={{campaign.id}}&sub4={{ad.name}}&sub5={{adset.name}}&sub6={{campaign.name}}&sub7={{site_source_name}}&sub9=Meta&ref_id={{fbclid}},
ND1124-2,Siena Pro 15 Backpack,,https://lp.nordace.com/dpalink/nordace-siena-pro-15-backpack_all-gray?utm_source=Facebook_DPA&utm_campaign={{campaign.name}}_{{adset.name}}&utm_medium={{adset.id}}&utm_content={{ad.id}}_{{ad.name}}&cmpid=69844dedca420a8b8b43f68e&sub1={{ad.id}}&sub2={{adset.id}}&sub3={{campaign.id}}&sub4={{ad.name}}&sub5={{adset.name}}&sub6={{campaign.name}}&sub7={{site_source_name}}&sub9=Meta&ref_id={{fbclid}},https://nordace.com/wp-content/uploads/2023/11/6G8A4927.jpg,,in stock,,,119.99 USD,,Backpacks & Wallets,100,,Nordace,ND1124-2-EN,yes,new,no,,All Gray,,,,,ND1118-GROUP,,,,,no,,,English,en,,,single,,,,,https://lp.nordace.com/dpalink/nordace-siena-pro-15-backpack_all-gray?utm_source=Facebook_DPA&utm_campaign={{campaign.name}}_{{adset.name}}&utm_medium={{adset.id}}&utm_content={{ad.id}}_{{ad.name}}&cmpid=69844dedca420a8b8b43f68e&sub1={{ad.id}}&sub2={{adset.id}}&sub3={{campaign.id}}&sub4={{ad.name}}&sub5={{adset.name}}&sub6={{campaign.name}}&sub7={{site_source_name}}&sub9=Meta&ref_id={{fbclid}},
ND1118-15,Siena Pro 15 Backpack,,https://lp.nordace.com/dpalink/nordace-siena-pro-15-backpack_gray?utm_source=Facebook_DPA&utm_campaign={{campaign.name}}_{{adset.name}}&utm_medium={{adset.id}}&utm_content={{ad.id}}_{{ad.name}}&cmpid=69844dedca420a8b8b43f68e&sub1={{ad.id}}&sub2={{adset.id}}&sub3={{campaign.id}}&sub4={{ad.name}}&sub5={{adset.name}}&sub6={{campaign.name}}&sub7={{site_source_name}}&sub9=Meta&ref_id={{fbclid}},https://nordace.com/wp-content/uploads/2024/04/nd1118-15-1a.jpg,,in stock,,,119.99 USD,,Backpacks & Wallets,100,,Nordace,ND1118-15-EN,yes,new,no,,Gray,,,,,ND1118-GROUP,,,,,no,,,English,en,,,single,,,,,https://lp.nordace.com/dpalink/nordace-siena-pro-15-backpack_gray?utm_source=Facebook_DPA&utm_campaign={{campaign.name}}_{{adset.name}}&utm_medium={{adset.id}}&utm_content={{ad.id}}_{{ad.name}}&cmpid=69844dedca420a8b8b43f68e&sub1={{ad.id}}&sub2={{adset.id}}&sub3={{campaign.id}}&sub4={{ad.name}}&sub5={{adset.name}}&sub6={{campaign.name}}&sub7={{site_source_name}}&sub9=Meta&ref_id={{fbclid}},
ND1118-17,Siena Pro 15 Backpack,,https://lp.nordace.com/dpalink/nordace-siena-pro-15-backpack_purple?utm_source=Facebook_DPA&utm_campaign={{campaign.name}}_{{adset.name}}&utm_medium={{adset.id}}&utm_content={{ad.id}}_{{ad.name}}&cmpid=69844dedca420a8b8b43f68e&sub1={{ad.id}}&sub2={{adset.id}}&sub3={{campaign.id}}&sub4={{ad.name}}&sub5={{adset.name}}&sub6={{campaign.name}}&sub7={{site_source_name}}&sub9=Meta&ref_id={{fbclid}},https://nordace.com/wp-content/uploads/2024/04/ND1118-17-1.jpg,,in stock,,,119.99 USD,,Backpacks & Wallets,100,,Nordace,ND1118-17-EN,yes,new,no,,Purple,,,,,ND1118-GROUP,,,,,no,,,English,en,,,single,,,,,https://lp.nordace.com/dpalink/nordace-siena-pro-15-backpack_purple?utm_source=Facebook_DPA&utm_campaign={{campaign.name}}_{{adset.name}}&utm_medium={{adset.id}}&utm_content={{ad.id}}_{{ad.name}}&cmpid=69844dedca420a8b8b43f68e&sub1={{ad.id}}&sub2={{adset.id}}&sub3={{campaign.id}}&sub4={{ad.name}}&sub5={{adset.name}}&sub6={{campaign.name}}&sub7={{site_source_name}}&sub9=Meta&ref_id={{fbclid}},
ND1118-8,Siena Pro 15 Backpack,,https://lp.nordace.com/dpalink/nordace-siena-pro-15-backpack_peach-pink?utm_source=Facebook_DPA&utm_campaign={{campaign.name}}_{{adset.name}}&utm_medium={{adset.id}}&utm_content={{ad.id}}_{{ad.name}}&cmpid=69844dedca420a8b8b43f68e&sub1={{ad.id}}&sub2={{adset.id}}&sub3={{campaign.id}}&sub4={{ad.name}}&sub5={{adset.name}}&sub6={{campaign.name}}&sub7={{site_source_name}}&sub9=Meta&ref_id={{fbclid}},https://nordace.com/wp-content/uploads/2024/12/GP3A4769.jpg,,in stock,,,119.99 USD,,Backpacks & Wallets,100,,Nordace,ND1118-8-EN,yes,new,no,,Peach Pink,,,,,ND1118-GROUP,,,,,no,,,English,en,,,single,,,,,https://lp.nordace.com/dpalink/nordace-siena-pro-15-backpack_peach-pink?utm_source=Facebook_DPA&utm_campaign={{campaign.name}}_{{adset.name}}&utm_medium={{adset.id}}&utm_content={{ad.id}}_{{ad.name}}&cmpid=69844dedca420a8b8b43f68e&sub1={{ad.id}}&sub2={{adset.id}}&sub3={{campaign.id}}&sub4={{ad.name}}&sub5={{adset.name}}&sub6={{campaign.name}}&sub7={{site_source_name}}&sub9=Meta&ref_id={{fbclid}},
ND1118-50,Siena Pro 15 Backpack,,https://lp.nordace.com/dpalink/nordace-siena-pro-15-backpack_light-purple?utm_source=Facebook_DPA&utm_campaign={{campaign.name}}_{{adset.name}}&utm_medium={{adset.id}}&utm_content={{ad.id}}_{{ad.name}}&cmpid=69844dedca420a8b8b43f68e&sub1={{ad.id}}&sub2={{adset.id}}&sub3={{campaign.id}}&sub4={{ad.name}}&sub5={{adset.name}}&sub6={{campaign.name}}&sub7={{site_source_name}}&sub9=Meta&ref_id={{fbclid}},https://nordace.com/wp-content/uploads/2024/12/GP3A4746.jpg,,in stock,,,119.99 USD,,Backpacks & Wallets,100,,Nordace,ND1118-50-EN,yes,new,no,,Light Purple,,,,,ND1118-GROUP,,,,,no,,,English,en,,,single,,,,,https://lp.nordace.com/dpalink/nordace-siena-pro-15-backpack_light-purple?utm_source=Facebook_DPA&utm_campaign={{campaign.name}}_{{adset.name}}&utm_medium={{adset.id}}&utm_content={{ad.id}}_{{ad.name}}&cmpid=69844dedca420a8b8b43f68e&sub1={{ad.id}}&sub2={{adset.id}}&sub3={{campaign.id}}&sub4={{ad.name}}&sub5={{adset.name}}&sub6={{campaign.name}}&sub7={{site_source_name}}&sub9=Meta&ref_id={{fbclid}},
ND1124-7,Siena Pro 15 Backpack,,https://lp.nordace.com/dpalink/nordace-siena-pro-15-backpack_navy-blue?utm_source=Facebook_DPA&utm_campaign={{campaign.name}}_{{adset.name}}&utm_medium={{adset.id}}&utm_content={{ad.id}}_{{ad.name}}&cmpid=69844dedca420a8b8b43f68e&sub1={{ad.id}}&sub2={{adset.id}}&sub3={{campaign.id}}&sub4={{ad.name}}&sub5={{adset.name}}&sub6={{campaign.name}}&sub7={{site_source_name}}&sub9=Meta&ref_id={{fbclid}},https://nordace.com/wp-content/uploads/2024/12/IMG_60879.jpg,,in stock,,,119.99 USD,,Backpacks & Wallets,100,,Nordace,ND1124-7-EN,yes,new,no,,Navy Blue,,,,,ND1118-GROUP,,,,,no,,,English,en,,,single,,,,,https://lp.nordace.com/dpalink/nordace-siena-pro-15-backpack_navy-blue?utm_source=Facebook_DPA&utm_campaign={{campaign.name}}_{{adset.name}}&utm_medium={{adset.id}}&utm_content={{ad.id}}_{{ad.name}}&cmpid=69844dedca420a8b8b43f68e&sub1={{ad.id}}&sub2={{adset.id}}&sub3={{campaign.id}}&sub4={{ad.name}}&sub5={{adset.name}}&sub6={{campaign.name}}&sub7={{site_source_name}}&sub9=Meta&ref_id={{fbclid}},
ND1118-19,Siena Pro 15 Backpack,,https://lp.nordace.com/dpalink/nordace-siena-pro-15-backpack_pale-yellow?utm_source=Facebook_DPA&utm_campaign={{campaign.name}}_{{adset.name}}&utm_medium={{adset.id}}&utm_content={{ad.id}}_{{ad.name}}&cmpid=69844dedca420a8b8b43f68e&sub1={{ad.id}}&sub2={{adset.id}}&sub3={{campaign.id}}&sub4={{ad.name}}&sub5={{adset.name}}&sub6={{campaign.name}}&sub7={{site_source_name}}&sub9=Meta&ref_id={{fbclid}},https://nordace.com/wp-content/uploads/2025/01/IMG_65916-1.jpg,,in stock,,,119.99 USD,,Backpacks & Wallets,100,,Nordace,ND1118-19-EN,yes,new,no,,Pale Yellow,,,,,ND1118-GROUP,,,,,no,,,English,en,,,single,,,,,https://lp.nordace.com/dpalink/nordace-siena-pro-15-backpack_pale-yellow?utm_source=Facebook_DPA&utm_campaign={{campaign.name}}_{{adset.name}}&utm_medium={{adset.id}}&utm_content={{ad.id}}_{{ad.name}}&cmpid=69844dedca420a8b8b43f68e&sub1={{ad.id}}&sub2={{adset.id}}&sub3={{campaign.id}}&sub4={{ad.name}}&sub5={{adset.name}}&sub6={{campaign.name}}&sub7={{site_source_name}}&sub9=Meta&ref_id={{fbclid}},
ND1118-26,Siena Pro 15 Backpack,,https://lp.nordace.com/dpalink/nordace-siena-pro-15-backpack_coral-pink?utm_source=Facebook_DPA&utm_campaign={{campaign.name}}_{{adset.name}}&utm_medium={{adset.id}}&utm_content={{ad.id}}_{{ad.name}}&cmpid=69844dedca420a8b8b43f68e&sub1={{ad.id}}&sub2={{adset.id}}&sub3={{campaign.id}}&sub4={{ad.name}}&sub5={{adset.name}}&sub6={{campaign.name}}&sub7={{site_source_name}}&sub9=Meta&ref_id={{fbclid}},https://nordace.com/wp-content/uploads/2025/01/2-4.jpg,,in stock,,,119.99 USD,,Backpacks & Wallets,100,,Nordace,ND1118-26-EN,yes,new,no,,Coral Pink,,,,,ND1118-GROUP,,,,,no,,,English,en,,,single,,,,,https://lp.nordace.com/dpalink/nordace-siena-pro-15-backpack_coral-pink?utm_source=Facebook_DPA&utm_campaign={{campaign.name}}_{{adset.name}}&utm_medium={{adset.id}}&utm_content={{ad.id}}_{{ad.name}}&cmpid=69844dedca420a8b8b43f68e&sub1={{ad.id}}&sub2={{adset.id}}&sub3={{campaign.id}}&sub4={{ad.name}}&sub5={{adset.name}}&sub6={{campaign.name}}&sub7={{site_source_name}}&sub9=Meta&ref_id={{fbclid}},
ND1122,Siena Pro Crossbody Bag,,https://lp.nordace.com/dpalink/nordace-siena-pro-crossbody-bag?utm_source=Facebook_DPA&utm_campaign={{campaign.name}}_{{adset.name}}&utm_medium={{adset.id}}&utm_content={{ad.id}}_{{ad.name}}&cmpid=69844dedca420a8b8b43f68e&sub1={{ad.id}}&sub2={{adset.id}}&sub3={{campaign.id}}&sub4={{ad.name}}&sub5={{adset.name}}&sub6={{campaign.name}}&sub7={{site_source_name}}&sub9=Meta&ref_id={{fbclid}},,,in stock,,,69.99 USD,,Backpacks & Wallets,100,,Nordace,ND1122-EN,yes,new,no,,,,,,,ND1122-GROUP,,,,,no,,,English,en,,,single,,,,,https://lp.nordace.com/dpalink/nordace-siena-pro-crossbody-bag?utm_source=Facebook_DPA&utm_campaign={{campaign.name}}_{{adset.name}}&utm_medium={{adset.id}}&utm_content={{ad.id}}_{{ad.name}}&cmpid=69844dedca420a8b8b43f68e&sub1={{ad.id}}&sub2={{adset.id}}&sub3={{campaign.id}}&sub4={{ad.name}}&sub5={{adset.name}}&sub6={{campaign.name}}&sub7={{site_source_name}}&sub9=Meta&ref_id={{fbclid}},
ND1122-1,Siena Pro Crossbody Bag,,https://lp.nordace.com/dpalink/nordace-siena-pro-crossbody-bag_black-brown?utm_source=Facebook_DPA&utm_campaign={{campaign.name}}_{{adset.name}}&utm_medium={{adset.id}}&utm_content={{ad.id}}_{{ad.name}}&cmpid=69844dedca420a8b8b43f68e&sub1={{ad.id}}&sub2={{adset.id}}&sub3={{campaign.id}}&sub4={{ad.name}}&sub5={{adset.name}}&sub6={{campaign.name}}&sub7={{site_source_name}}&sub9=Meta&ref_id={{fbclid}},https://nordace.com/wp-content/uploads/2023/03/ND1122-1-3.jpg,,in stock,,,69.99 USD,,Backpacks & Wallets,100,,Nordace,ND1122-1-EN,yes,new,no,,Black Brown,,,,,ND1122-GROUP,,,,,no,,,English,en,,,single,,,,,https://lp.nordace.com/dpalink/nordace-siena-pro-crossbody-bag_black-brown?utm_source=Facebook_DPA&utm_campaign={{campaign.name}}_{{adset.name}}&utm_medium={{adset.id}}&utm_content={{ad.id}}_{{ad.name}}&cmpid=69844dedca420a8b8b43f68e&sub1={{ad.id}}&sub2={{adset.id}}&sub3={{campaign.id}}&sub4={{ad.name}}&sub5={{adset.name}}&sub6={{campaign.name}}&sub7={{site_source_name}}&sub9=Meta&ref_id={{fbclid}},
ND1122-5,Siena Pro Crossbody Bag,,https://lp.nordace.com/dpalink/nordace-siena-pro-crossbody-bag_beige?utm_source=Facebook_DPA&utm_campaign={{campaign.name}}_{{adset.name}}&utm_medium={{adset.id}}&utm_content={{ad.id}}_{{ad.name}}&cmpid=69844dedca420a8b8b43f68e&sub1={{ad.id}}&sub2={{adset.id}}&sub3={{campaign.id}}&sub4={{ad.name}}&sub5={{adset.name}}&sub6={{campaign.name}}&sub7={{site_source_name}}&sub9=Meta&ref_id={{fbclid}},https://nordace.com/wp-content/uploads/2023/03/ND1122-5-10.jpg,,in stock,,,69.99 USD,,Backpacks & Wallets,100,,Nordace,ND1122-5-EN,yes,new,no,,Beige,,,,,ND1122-GROUP,,,,,no,,,English,en,,,single,,,,,https://lp.nordace.com/dpalink/nordace-siena-pro-crossbody-bag_beige?utm_source=Facebook_DPA&utm_campaign={{campaign.name}}_{{adset.name}}&utm_medium={{adset.id}}&utm_content={{ad.id}}_{{ad.name}}&cmpid=69844dedca420a8b8b43f68e&sub1={{ad.id}}&sub2={{adset.id}}&sub3={{campaign.id}}&sub4={{ad.name}}&sub5={{adset.name}}&sub6={{campaign.name}}&sub7={{site_source_name}}&sub9=Meta&ref_id={{fbclid}},
ND1122-4,Siena Pro Crossbody Bag,,https://lp.nordace.com/dpalink/nordace-siena-pro-crossbody-bag_blue?utm_source=Facebook_DPA&utm_campaign={{campaign.name}}_{{adset.name}}&utm_medium={{adset.id}}&utm_content={{ad.id}}_{{ad.name}}&cmpid=69844dedca420a8b8b43f68e&sub1={{ad.id}}&sub2={{adset.id}}&sub3={{campaign.id}}&sub4={{ad.name}}&sub5={{adset.name}}&sub6={{campaign.name}}&sub7={{site_source_name}}&sub9=Meta&ref_id={{fbclid}},https://nordace.com/wp-content/uploads/2024/02/ND1122-4-1.jpg,,in stock,,,69.99 USD,,Backpacks & Wallets,100,,Nordace,ND1122-4-EN,yes,new,no,,Blue,,,,,ND1122-GROUP,,,,,no,,,English,en,,,single,,,,,https://lp.nordace.com/dpalink/nordace-siena-pro-crossbody-bag_blue?utm_source=Facebook_DPA&utm_campaign={{campaign.name}}_{{adset.name}}&utm_medium={{adset.id}}&utm_content={{ad.id}}_{{ad.name}}&cmpid=69844dedca420a8b8b43f68e&sub1={{ad.id}}&sub2={{adset.id}}&sub3={{campaign.id}}&sub4={{ad.name}}&sub5={{adset.name}}&sub6={{campaign.name}}&sub7={{site_source_name}}&sub9=Meta&ref_id={{fbclid}},
ND1122-2,Siena Pro Crossbody Bag,,https://lp.nordace.com/dpalink/nordace-siena-pro-crossbody-bag_gray?utm_source=Facebook_DPA&utm_campaign={{campaign.name}}_{{adset.name}}&utm_medium={{adset.id}}&utm_content={{ad.id}}_{{ad.name}}&cmpid=69844dedca420a8b8b43f68e&sub1={{ad.id}}&sub2={{adset.id}}&sub3={{campaign.id}}&sub4={{ad.name}}&sub5={{adset.name}}&sub6={{campaign.name}}&sub7={{site_source_name}}&sub9=Meta&ref_id={{fbclid}},https://nordace.com/wp-content/uploads/2024/02/ND1122-2-3.jpg,,in stock,,,69.99 USD,,Backpacks & Wallets,100,,Nordace,ND1122-2-EN,yes,new,no,,Gray,,,,,ND1122-GROUP,,,,,no,,,English,en,,,single,,,,,https://lp.nordace.com/dpalink/nordace-siena-pro-crossbody-bag_gray?utm_source=Facebook_DPA&utm_campaign={{campaign.name}}_{{adset.name}}&utm_medium={{adset.id}}&utm_content={{ad.id}}_{{ad.name}}&cmpid=69844dedca420a8b8b43f68e&sub1={{ad.id}}&sub2={{adset.id}}&sub3={{campaign.id}}&sub4={{ad.name}}&sub5={{adset.name}}&sub6={{campaign.name}}&sub7={{site_source_name}}&sub9=Meta&ref_id={{fbclid}},
ND1122-6,Siena Pro Crossbody Bag,,https://lp.nordace.com/dpalink/nordace-siena-pro-crossbody-bag_green?utm_source=Facebook_DPA&utm_campaign={{campaign.name}}_{{adset.name}}&utm_medium={{adset.id}}&utm_content={{ad.id}}_{{ad.name}}&cmpid=69844dedca420a8b8b43f68e&sub1={{ad.id}}&sub2={{adset.id}}&sub3={{campaign.id}}&sub4={{ad.name}}&sub5={{adset.name}}&sub6={{campaign.name}}&sub7={{site_source_name}}&sub9=Meta&ref_id={{fbclid}},https://nordace.com/wp-content/uploads/2024/02/ND1122-6-3.jpg,,in stock,,,69.99 USD,,Backpacks & Wallets,100,,Nordace,ND1122-6-EN,yes,new,no,,Green,,,,,ND1122-GROUP,,,,,no,,,English,en,,,single,,,,,https://lp.nordace.com/dpalink/nordace-siena-pro-crossbody-bag_green?utm_source=Facebook_DPA&utm_campaign={{campaign.name}}_{{adset.name}}&utm_medium={{adset.id}}&utm_content={{ad.id}}_{{ad.name}}&cmpid=69844dedca420a8b8b43f68e&sub1={{ad.id}}&sub2={{adset.id}}&sub3={{campaign.id}}&sub4={{ad.name}}&sub5={{adset.name}}&sub6={{campaign.name}}&sub7={{site_source_name}}&sub9=Meta&ref_id={{fbclid}},
ND1122-3,Siena Pro Crossbody Bag,,https://lp.nordace.com/dpalink/nordace-siena-pro-crossbody-bag_red?utm_source=Facebook_DPA&utm_campaign={{campaign.name}}_{{adset.name}}&utm_medium={{adset.id}}&utm_content={{ad.id}}_{{ad.name}}&cmpid=69844dedca420a8b8b43f68e&sub1={{ad.id}}&sub2={{adset.id}}&sub3={{campaign.id}}&sub4={{ad.name}}&sub5={{adset.name}}&sub6={{campaign.name}}&sub7={{site_source_name}}&sub9=Meta&ref_id={{fbclid}},https://nordace.com/wp-content/uploads/2024/11/酒红5.jpg,,in stock,,,69.99 USD,,Backpacks & Wallets,100,,Nordace,ND1122-3-EN,yes,new,no,,Red,,,,,ND1122-GROUP,,,,,no,,,English,en,,,single,,,,,https://lp.nordace.com/dpalink/nordace-siena-pro-crossbody-bag_red?utm_source=Facebook_DPA&utm_campaign={{campaign.name}}_{{adset.name}}&utm_medium={{adset.id}}&utm_content={{ad.id}}_{{ad.name}}&cmpid=69844dedca420a8b8b43f68e&sub1={{ad.id}}&sub2={{adset.id}}&sub3={{campaign.id}}&sub4={{ad.name}}&sub5={{adset.name}}&sub6={{campaign.name}}&sub7={{site_source_name}}&sub9=Meta&ref_id={{fbclid}},
ND1122-8,Siena Pro Crossbody Bag,,https://lp.nordace.com/dpalink/nordace-siena-pro-crossbody-bag_pink?utm_source=Facebook_DPA&utm_campaign={{campaign.name}}_{{adset.name}}&utm_medium={{adset.id}}&utm_content={{ad.id}}_{{ad.name}}&cmpid=69844dedca420a8b8b43f68e&sub1={{ad.id}}&sub2={{adset.id}}&sub3={{campaign.id}}&sub4={{ad.name}}&sub5={{adset.name}}&sub6={{campaign.name}}&sub7={{site_source_name}}&sub9=Meta&ref_id={{fbclid}},https://nordace.com/wp-content/uploads/2024/11/IMG_55714.jpg,,in stock,,,69.99 USD,,Backpacks & Wallets,100,,Nordace,ND1122-8-EN,yes,new,no,,Pink,,,,,ND1122-GROUP,,,,,no,,,English,en,,,single,,,,,https://lp.nordace.com/dpalink/nordace-siena-pro-crossbody-bag_pink?utm_source=Facebook_DPA&utm_campaign={{campaign.name}}_{{adset.name}}&utm_medium={{adset.id}}&utm_content={{ad.id}}_{{ad.name}}&cmpid=69844dedca420a8b8b43f68e&sub1={{ad.id}}&sub2={{adset.id}}&sub3={{campaign.id}}&sub4={{ad.name}}&sub5={{adset.name}}&sub6={{campaign.name}}&sub7={{site_source_name}}&sub9=Meta&ref_id={{fbclid}},
ND1122-33,Siena Pro Crossbody Bag,,https://lp.nordace.com/dpalink/nordace-siena-pro-crossbody-bag_aqua?utm_source=Facebook_DPA&utm_campaign={{campaign.name}}_{{adset.name}}&utm_medium={{adset.id}}&utm_content={{ad.id}}_{{ad.name}}&cmpid=69844dedca420a8b8b43f68e&sub1={{ad.id}}&sub2={{adset.id}}&sub3={{campaign.id}}&sub4={{ad.name}}&sub5={{adset.name}}&sub6={{campaign.name}}&sub7={{site_source_name}}&sub9=Meta&ref_id={{fbclid}},https://nordace.com/wp-content/uploads/2024/11/浅蓝1.jpg,,in stock,,,69.99 USD,,Backpacks & Wallets,100,,Nordace,ND1122-33-EN,yes,new,no,,Aqua,,,,,ND1122-GROUP,,,,,no,,,English,en,,,single,,,,,https://lp.nordace.com/dpalink/nordace-siena-pro-crossbody-bag_aqua?utm_source=Facebook_DPA&utm_campaign={{campaign.name}}_{{adset.name}}&utm_medium={{adset.id}}&utm_content={{ad.id}}_{{ad.name}}&cmpid=69844dedca420a8b8b43f68e&sub1={{ad.id}}&sub2={{adset.id}}&sub3={{campaign.id}}&sub4={{ad.name}}&sub5={{adset.name}}&sub6={{campaign.name}}&sub7={{site_source_name}}&sub9=Meta&ref_id={{fbclid}},
ND1122-10,Siena Pro Crossbody Bag,,https://lp.nordace.com/dpalink/nordace-siena-pro-crossbody-bag_all-black?utm_source=Facebook_DPA&utm_campaign={{campaign.name}}_{{adset.name}}&utm_medium={{adset.id}}&utm_content={{ad.id}}_{{ad.name}}&cmpid=69844dedca420a8b8b43f68e&sub1={{ad.id}}&sub2={{adset.id}}&sub3={{campaign.id}}&sub4={{ad.name}}&sub5={{adset.name}}&sub6={{campaign.name}}&sub7={{site_source_name}}&sub9=Meta&ref_id={{fbclid}},https://nordace.com/wp-content/uploads/2024/11/IMG_55782.jpg,,in stock,,,69.99 USD,,Backpacks & Wallets,100,,Nordace,ND1122-10-EN,yes,new,no,,All Black,,,,,ND1122-GROUP,,,,,no,,,English,en,,,single,,,,,https://lp.nordace.com/dpalink/nordace-siena-pro-crossbody-bag_all-black?utm_source=Facebook_DPA&utm_campaign={{campaign.name}}_{{adset.name}}&utm_medium={{adset.id}}&utm_content={{ad.id}}_{{ad.name}}&cmpid=69844dedca420a8b8b43f68e&sub1={{ad.id}}&sub2={{adset.id}}&sub3={{campaign.id}}&sub4={{ad.name}}&sub5={{adset.name}}&sub6={{campaign.name}}&sub7={{site_source_name}}&sub9=Meta&ref_id={{fbclid}},
ND1122-17,Siena Pro Crossbody Bag,,https://lp.nordace.com/dpalink/nordace-siena-pro-crossbody-bag_purple?utm_source=Facebook_DPA&utm_campaign={{campaign.name}}_{{adset.name}}&utm_medium={{adset.id}}&utm_content={{ad.id}}_{{ad.name}}&cmpid=69844dedca420a8b8b43f68e&sub1={{ad.id}}&sub2={{adset.id}}&sub3={{campaign.id}}&sub4={{ad.name}}&sub5={{adset.name}}&sub6={{campaign.name}}&sub7={{site_source_name}}&sub9=Meta&ref_id={{fbclid}},https://nordace.com/wp-content/uploads/2024/11/IMG_54601-1.jpg,,in stock,,,69.99 USD,,Backpacks & Wallets,100,,Nordace,ND1122-17-EN,yes,new,no,,Purple,,,,,ND1122-GROUP,,,,,no,,,English,en,,,single,,,,,https://lp.nordace.com/dpalink/nordace-siena-pro-crossbody-bag_purple?utm_source=Facebook_DPA&utm_campaign={{campaign.name}}_{{adset.name}}&utm_medium={{adset.id}}&utm_content={{ad.id}}_{{ad.name}}&cmpid=69844dedca420a8b8b43f68e&sub1={{ad.id}}&sub2={{adset.id}}&sub3={{campaign.id}}&sub4={{ad.name}}&sub5={{adset.name}}&sub6={{campaign.name}}&sub7={{site_source_name}}&sub9=Meta&ref_id={{fbclid}},
ND1122-12,Siena Pro Crossbody Bag,,https://lp.nordace.com/dpalink/nordace-siena-pro-crossbody-bag_purple-navy?utm_source=Facebook_DPA&utm_campaign={{campaign.name}}_{{adset.name}}&utm_medium={{adset.id}}&utm_content={{ad.id}}_{{ad.name}}&cmpid=69844dedca420a8b8b43f68e&sub1={{ad.id}}&sub2={{adset.id}}&sub3={{campaign.id}}&sub4={{ad.name}}&sub5={{adset.name}}&sub6={{campaign.name}}&sub7={{site_source_name}}&sub9=Meta&ref_id={{fbclid}},https://nordace.com/wp-content/uploads/2024/11/IMG_54599.jpg,,in stock,,,69.99 USD,,Backpacks & Wallets,100,,Nordace,ND1122-12-EN,yes,new,no,,Purple Navy,,,,,ND1122-GROUP,,,,,no,,,English,en,,,single,,,,,https://lp.nordace.com/dpalink/nordace-siena-pro-crossbody-bag_purple-navy?utm_source=Facebook_DPA&utm_campaign={{campaign.name}}_{{adset.name}}&utm_medium={{adset.id}}&utm_content={{ad.id}}_{{ad.name}}&cmpid=69844dedca420a8b8b43f68e&sub1={{ad.id}}&sub2={{adset.id}}&sub3={{campaign.id}}&sub4={{ad.name}}&sub5={{adset.name}}&sub6={{campaign.name}}&sub7={{site_source_name}}&sub9=Meta&ref_id={{fbclid}},
ND1122-19,Siena Pro Crossbody Bag,,https://lp.nordace.com/dpalink/nordace-siena-pro-crossbody-bag_pale-yellow?utm_source=Facebook_DPA&utm_campaign={{campaign.name}}_{{adset.name}}&utm_medium={{adset.id}}&utm_content={{ad.id}}_{{ad.name}}&cmpid=69844dedca420a8b8b43f68e&sub1={{ad.id}}&sub2={{adset.id}}&sub3={{campaign.id}}&sub4={{ad.name}}&sub5={{adset.name}}&sub6={{campaign.name}}&sub7={{site_source_name}}&sub9=Meta&ref_id={{fbclid}},https://nordace.com/wp-content/uploads/2025/01/IMG_66010-1.jpg,,in stock,,,69.99 USD,,Backpacks & Wallets,100,,Nordace,ND1122-19-EN,yes,new,no,,Pale Yellow,,,,,ND1122-GROUP,,,,,no,,,English,en,,,single,,,,,https://lp.nordace.com/dpalink/nordace-siena-pro-crossbody-bag_pale-yellow?utm_source=Facebook_DPA&utm_campaign={{campaign.name}}_{{adset.name}}&utm_medium={{adset.id}}&utm_content={{ad.id}}_{{ad.name}}&cmpid=69844dedca420a8b8b43f68e&sub1={{ad.id}}&sub2={{adset.id}}&sub3={{campaign.id}}&sub4={{ad.name}}&sub5={{adset.name}}&sub6={{campaign.name}}&sub7={{site_source_name}}&sub9=Meta&ref_id={{fbclid}},
ND1011,Nordace Eclat - Light &amp; Durable Backpack,,https://lp.nordace.com/dpalink/nordace-eclat-backpack?utm_source=Facebook_DPA&utm_campaign={{campaign.name}}_{{adset.name}}&utm_medium={{adset.id}}&utm_content={{ad.id}}_{{ad.name}}&cmpid=69844dedca420a8b8b43f68e&sub1={{ad.id}}&sub2={{adset.id}}&sub3={{campaign.id}}&sub4={{ad.name}}&sub5={{adset.name}}&sub6={{campaign.name}}&sub7={{site_source_name}}&sub9=Meta&ref_id={{fbclid}},,,in stock,,,130 USD,99.99 USD,Backpacks & Wallets,100,,Nordace,ND1011-EN,yes,new,no,,,,,,,ND1011-GROUP,,,,,no,,,English,en,,,single,,,,,https://lp.nordace.com/dpalink/nordace-eclat-backpack?utm_source=Facebook_DPA&utm_campaign={{campaign.name}}_{{adset.name}}&utm_medium={{adset.id}}&utm_content={{ad.id}}_{{ad.name}}&cmpid=69844dedca420a8b8b43f68e&sub1={{ad.id}}&sub2={{adset.id}}&sub3={{campaign.id}}&sub4={{ad.name}}&sub5={{adset.name}}&sub6={{campaign.name}}&sub7={{site_source_name}}&sub9=Meta&ref_id={{fbclid}},
ND1011-1,Nordace Eclat - Light &amp; Durable Backpack,,https://lp.nordace.com/dpalink/nordace-eclat-backpack_black?utm_source=Facebook_DPA&utm_campaign={{campaign.name}}_{{adset.name}}&utm_medium={{adset.id}}&utm_content={{ad.id}}_{{ad.name}}&cmpid=69844dedca420a8b8b43f68e&sub1={{ad.id}}&sub2={{adset.id}}&sub3={{campaign.id}}&sub4={{ad.name}}&sub5={{adset.name}}&sub6={{campaign.name}}&sub7={{site_source_name}}&sub9=Meta&ref_id={{fbclid}},https://nordace.com/wp-content/uploads/2019/03/ND1011-1-22.jpg,,in stock,,,130 USD,99.99 USD,Backpacks & Wallets,100,,Nordace,ND1011-1-EN,yes,new,no,,Black,,,,,ND1011-GROUP,,,,,no,,,English,en,,,single,,,,,https://lp.nordace.com/dpalink/nordace-eclat-backpack_black?utm_source=Facebook_DPA&utm_campaign={{campaign.name}}_{{adset.name}}&utm_medium={{adset.id}}&utm_content={{ad.id}}_{{ad.name}}&cmpid=69844dedca420a8b8b43f68e&sub1={{ad.id}}&sub2={{adset.id}}&sub3={{campaign.id}}&sub4={{ad.name}}&sub5={{adset.name}}&sub6={{campaign.name}}&sub7={{site_source_name}}&sub9=Meta&ref_id={{fbclid}},
ND1011-4,Nordace Eclat - Light &amp; Durable Backpack,,https://lp.nordace.com/dpalink/nordace-eclat-backpack_blue?utm_source=Facebook_DPA&utm_campaign={{campaign.name}}_{{adset.name}}&utm_medium={{adset.id}}&utm_content={{ad.id}}_{{ad.name}}&cmpid=69844dedca420a8b8b43f68e&sub1={{ad.id}}&sub2={{adset.id}}&sub3={{campaign.id}}&sub4={{ad.name}}&sub5={{adset.name}}&sub6={{campaign.name}}&sub7={{site_source_name}}&sub9=Meta&ref_id={{fbclid}},https://nordace.com/wp-content/uploads/2019/07/ND1011-4-17.jpg,,in stock,,,130 USD,99.99 USD,Backpacks & Wallets,100,,Nordace,ND1011-4-EN,yes,new,no,,Blue,,,,,ND1011-GROUP,,,,,no,,,English,en,,,single,,,,,https://lp.nordace.com/dpalink/nordace-eclat-backpack_blue?utm_source=Facebook_DPA&utm_campaign={{campaign.name}}_{{adset.name}}&utm_medium={{adset.id}}&utm_content={{ad.id}}_{{ad.name}}&cmpid=69844dedca420a8b8b43f68e&sub1={{ad.id}}&sub2={{adset.id}}&sub3={{campaign.id}}&sub4={{ad.name}}&sub5={{adset.name}}&sub6={{campaign.name}}&sub7={{site_source_name}}&sub9=Meta&ref_id={{fbclid}},
ND1011-2,Nordace Eclat - Light &amp; Durable Backpack,,https://lp.nordace.com/dpalink/nordace-eclat-backpack_gray?utm_source=Facebook_DPA&utm_campaign={{campaign.name}}_{{adset.name}}&utm_medium={{adset.id}}&utm_content={{ad.id}}_{{ad.name}}&cmpid=69844dedca420a8b8b43f68e&sub1={{ad.id}}&sub2={{adset.id}}&sub3={{campaign.id}}&sub4={{ad.name}}&sub5={{adset.name}}&sub6={{campaign.name}}&sub7={{site_source_name}}&sub9=Meta&ref_id={{fbclid}},https://nordace.com/wp-content/uploads/2019/07/ND1011-2-2.jpg,,in stock,,,130 USD,99.99 USD,Backpacks & Wallets,100,,Nordace,ND1011-2-EN,yes,new,no,,Gray,,,,,ND1011-GROUP,,,,,no,,,English,en,,,single,,,,,https://lp.nordace.com/dpalink/nordace-eclat-backpack_gray?utm_source=Facebook_DPA&utm_campaign={{campaign.name}}_{{adset.name}}&utm_medium={{adset.id}}&utm_content={{ad.id}}_{{ad.name}}&cmpid=69844dedca420a8b8b43f68e&sub1={{ad.id}}&sub2={{adset.id}}&sub3={{campaign.id}}&sub4={{ad.name}}&sub5={{adset.name}}&sub6={{campaign.name}}&sub7={{site_source_name}}&sub9=Meta&ref_id={{fbclid}},
ND1210,Siena Nexus Phone Crossbody Bag,,https://lp.nordace.com/dpalink/siena-nexus-phone-crossbody-bag?utm_source=Facebook_DPA&utm_campaign={{campaign.name}}_{{adset.name}}&utm_medium={{adset.id}}&utm_content={{ad.id}}_{{ad.name}}&cmpid=69844dedca420a8b8b43f68e&sub1={{ad.id}}&sub2={{adset.id}}&sub3={{campaign.id}}&sub4={{ad.name}}&sub5={{adset.name}}&sub6={{campaign.name}}&sub7={{site_source_name}}&sub9=Meta&ref_id={{fbclid}},,,in stock,,,69.99 USD,,Backpacks & Wallets,100,,Nordace,ND1210-EN,yes,new,no,,,,,,,ND1210-GROUP,,,,,no,,,English,en,,,single,,,,,https://lp.nordace.com/dpalink/siena-nexus-phone-crossbody-bag?utm_source=Facebook_DPA&utm_campaign={{campaign.name}}_{{adset.name}}&utm_medium={{adset.id}}&utm_content={{ad.id}}_{{ad.name}}&cmpid=69844dedca420a8b8b43f68e&sub1={{ad.id}}&sub2={{adset.id}}&sub3={{campaign.id}}&sub4={{ad.name}}&sub5={{adset.name}}&sub6={{campaign.name}}&sub7={{site_source_name}}&sub9=Meta&ref_id={{fbclid}},
ND1210-1,Siena Nexus Phone Crossbody Bag,,https://lp.nordace.com/dpalink/siena-nexus-phone-crossbody-bag_black?utm_source=Facebook_DPA&utm_campaign={{campaign.name}}_{{adset.name}}&utm_medium={{adset.id}}&utm_content={{ad.id}}_{{ad.name}}&cmpid=69844dedca420a8b8b43f68e&sub1={{ad.id}}&sub2={{adset.id}}&sub3={{campaign.id}}&sub4={{ad.name}}&sub5={{adset.name}}&sub6={{campaign.name}}&sub7={{site_source_name}}&sub9=Meta&ref_id={{fbclid}},https://nordace.com/wp-content/uploads/2024/08/IMG_2142.jpg,,in stock,,,69.99 USD,,Backpacks & Wallets,100,,Nordace,ND1210-1-EN,yes,new,no,,Black,,,,,ND1210-GROUP,,,,,no,,,English,en,,,single,,,,,https://lp.nordace.com/dpalink/siena-nexus-phone-crossbody-bag_black?utm_source=Facebook_DPA&utm_campaign={{campaign.name}}_{{adset.name}}&utm_medium={{adset.id}}&utm_content={{ad.id}}_{{ad.name}}&cmpid=69844dedca420a8b8b43f68e&sub1={{ad.id}}&sub2={{adset.id}}&sub3={{campaign.id}}&sub4={{ad.name}}&sub5={{adset.name}}&sub6={{campaign.name}}&sub7={{site_source_name}}&sub9=Meta&ref_id={{fbclid}},
ND1210-5,Siena Nexus Phone Crossbody Bag,,https://lp.nordace.com/dpalink/siena-nexus-phone-crossbody-bag_beige?utm_source=Facebook_DPA&utm_campaign={{campaign.name}}_{{adset.name}}&utm_medium={{adset.id}}&utm_content={{ad.id}}_{{ad.name}}&cmpid=69844dedca420a8b8b43f68e&sub1={{ad.id}}&sub2={{adset.id}}&sub3={{campaign.id}}&sub4={{ad.name}}&sub5={{adset.name}}&sub6={{campaign.name}}&sub7={{site_source_name}}&sub9=Meta&ref_id={{fbclid}},https://nordace.com/wp-content/uploads/2024/08/IMG_2143.jpg,,in stock,,,69.99 USD,,Backpacks & Wallets,100,,Nordace,ND1210-5-EN,yes,new,no,,Beige,,,,,ND1210-GROUP,,,,,no,,,English,en,,,single,,,,,https://lp.nordace.com/dpalink/siena-nexus-phone-crossbody-bag_beige?utm_source=Facebook_DPA&utm_campaign={{campaign.name}}_{{adset.name}}&utm_medium={{adset.id}}&utm_content={{ad.id}}_{{ad.name}}&cmpid=69844dedca420a8b8b43f68e&sub1={{ad.id}}&sub2={{adset.id}}&sub3={{campaign.id}}&sub4={{ad.name}}&sub5={{adset.name}}&sub6={{campaign.name}}&sub7={{site_source_name}}&sub9=Meta&ref_id={{fbclid}},
ND1210-3,Siena Nexus Phone Crossbody Bag,,https://lp.nordace.com/dpalink/siena-nexus-phone-crossbody-bag_burgundy?utm_source=Facebook_DPA&utm_campaign={{campaign.name}}_{{adset.name}}&utm_medium={{adset.id}}&utm_content={{ad.id}}_{{ad.name}}&cmpid=69844dedca420a8b8b43f68e&sub1={{ad.id}}&sub2={{adset.id}}&sub3={{campaign.id}}&sub4={{ad.name}}&sub5={{adset.name}}&sub6={{campaign.name}}&sub7={{site_source_name}}&sub9=Meta&ref_id={{fbclid}},https://nordace.com/wp-content/uploads/2025/06/IMG_96080.jpg,,in stock,,,69.99 USD,,Backpacks & Wallets,100,,Nordace,ND1210-3-EN,yes,new,no,,Burgundy,,,,,ND1210-GROUP,,,,,no,,,English,en,,,single,,,,,https://lp.nordace.com/dpalink/siena-nexus-phone-crossbody-bag_burgundy?utm_source=Facebook_DPA&utm_campaign={{campaign.name}}_{{adset.name}}&utm_medium={{adset.id}}&utm_content={{ad.id}}_{{ad.name}}&cmpid=69844dedca420a8b8b43f68e&sub1={{ad.id}}&sub2={{adset.id}}&sub3={{campaign.id}}&sub4={{ad.name}}&sub5={{adset.name}}&sub6={{campaign.name}}&sub7={{site_source_name}}&sub9=Meta&ref_id={{fbclid}},
ND1210-10,Siena Nexus Phone Crossbody Bag,,https://lp.nordace.com/dpalink/siena-nexus-phone-crossbody-bag_all-black?utm_source=Facebook_DPA&utm_campaign={{campaign.name}}_{{adset.name}}&utm_medium={{adset.id}}&utm_content={{ad.id}}_{{ad.name}}&cmpid=69844dedca420a8b8b43f68e&sub1={{ad.id}}&sub2={{adset.id}}&sub3={{campaign.id}}&sub4={{ad.name}}&sub5={{adset.name}}&sub6={{campaign.name}}&sub7={{site_source_name}}&sub9=Meta&ref_id={{fbclid}},https://nordace.com/wp-content/uploads/2025/06/IMG_96201.jpg,,in stock,,,69.99 USD,,Backpacks & Wallets,100,,Nordace,ND1210-10-EN,yes,new,no,,All Black,,,,,ND1210-GROUP,,,,,no,,,English,en,,,single,,,,,https://lp.nordace.com/dpalink/siena-nexus-phone-crossbody-bag_all-black?utm_source=Facebook_DPA&utm_campaign={{campaign.name}}_{{adset.name}}&utm_medium={{adset.id}}&utm_content={{ad.id}}_{{ad.name}}&cmpid=69844dedca420a8b8b43f68e&sub1={{ad.id}}&sub2={{adset.id}}&sub3={{campaign.id}}&sub4={{ad.name}}&sub5={{adset.name}}&sub6={{campaign.name}}&sub7={{site_source_name}}&sub9=Meta&ref_id={{fbclid}},
ND1210-7,Siena Nexus Phone Crossbody Bag,,https://lp.nordace.com/dpalink/siena-nexus-phone-crossbody-bag_blue?utm_source=Facebook_DPA&utm_campaign={{campaign.name}}_{{adset.name}}&utm_medium={{adset.id}}&utm_content={{ad.id}}_{{ad.name}}&cmpid=69844dedca420a8b8b43f68e&sub1={{ad.id}}&sub2={{adset.id}}&sub3={{campaign.id}}&sub4={{ad.name}}&sub5={{adset.name}}&sub6={{campaign.name}}&sub7={{site_source_name}}&sub9=Meta&ref_id={{fbclid}},https://nordace.com/wp-content/uploads/2025/06/IMG_96149.jpg,,in stock,,,69.99 USD,,Backpacks & Wallets,100,,Nordace,ND1210-7-EN,yes,new,no,,Blue,,,,,ND1210-GROUP,,,,,no,,,English,en,,,single,,,,,https://lp.nordace.com/dpalink/siena-nexus-phone-crossbody-bag_blue?utm_source=Facebook_DPA&utm_campaign={{campaign.name}}_{{adset.name}}&utm_medium={{adset.id}}&utm_content={{ad.id}}_{{ad.name}}&cmpid=69844dedca420a8b8b43f68e&sub1={{ad.id}}&sub2={{adset.id}}&sub3={{campaign.id}}&sub4={{ad.name}}&sub5={{adset.name}}&sub6={{campaign.name}}&sub7={{site_source_name}}&sub9=Meta&ref_id={{fbclid}},
ND1210-2,Siena Nexus Phone Crossbody Bag,,https://lp.nordace.com/dpalink/siena-nexus-phone-crossbody-bag_gray?utm_source=Facebook_DPA&utm_campaign={{campaign.name}}_{{adset.name}}&utm_medium={{adset.id}}&utm_content={{ad.id}}_{{ad.name}}&cmpid=69844dedca420a8b8b43f68e&sub1={{ad.id}}&sub2={{adset.id}}&sub3={{campaign.id}}&sub4={{ad.name}}&sub5={{adset.name}}&sub6={{campaign.name}}&sub7={{site_source_name}}&sub9=Meta&ref_id={{fbclid}},https://nordace.com/wp-content/uploads/2025/06/IMG_96175.jpg,,in stock,,,69.99 USD,,Backpacks & Wallets,100,,Nordace,ND1210-2-EN,yes,new,no,,Gray,,,,,ND1210-GROUP,,,,,no,,,English,en,,,single,,,,,https://lp.nordace.com/dpalink/siena-nexus-phone-crossbody-bag_gray?utm_source=Facebook_DPA&utm_campaign={{campaign.name}}_{{adset.name}}&utm_medium={{adset.id}}&utm_content={{ad.id}}_{{ad.name}}&cmpid=69844dedca420a8b8b43f68e&sub1={{ad.id}}&sub2={{adset.id}}&sub3={{campaign.id}}&sub4={{ad.name}}&sub5={{adset.name}}&sub6={{campaign.name}}&sub7={{site_source_name}}&sub9=Meta&ref_id={{fbclid}},
ND1210-8,Siena Nexus Phone Crossbody Bag,,https://lp.nordace.com/dpalink/siena-nexus-phone-crossbody-bag_pink?utm_source=Facebook_DPA&utm_campaign={{campaign.name}}_{{adset.name}}&utm_medium={{adset.id}}&utm_content={{ad.id}}_{{ad.name}}&cmpid=69844dedca420a8b8b43f68e&sub1={{ad.id}}&sub2={{adset.id}}&sub3={{campaign.id}}&sub4={{ad.name}}&sub5={{adset.name}}&sub6={{campaign.name}}&sub7={{site_source_name}}&sub9=Meta&ref_id={{fbclid}},https://nordace.com/wp-content/uploads/2025/06/IMG_96231.jpg,,in stock,,,69.99 USD,,Backpacks & Wallets,100,,Nordace,ND1210-8-EN,yes,new,no,,Pink,,,,,ND1210-GROUP,,,,,no,,,English,en,,,single,,,,,https://lp.nordace.com/dpalink/siena-nexus-phone-crossbody-bag_pink?utm_source=Facebook_DPA&utm_campaign={{campaign.name}}_{{adset.name}}&utm_medium={{adset.id}}&utm_content={{ad.id}}_{{ad.name}}&cmpid=69844dedca420a8b8b43f68e&sub1={{ad.id}}&sub2={{adset.id}}&sub3={{campaign.id}}&sub4={{ad.name}}&sub5={{adset.name}}&sub6={{campaign.name}}&sub7={{site_source_name}}&sub9=Meta&ref_id={{fbclid}},
ND1210-17,Siena Nexus Phone Crossbody Bag,,https://lp.nordace.com/dpalink/siena-nexus-phone-crossbody-bag_purple?utm_source=Facebook_DPA&utm_campaign={{campaign.name}}_{{adset.name}}&utm_medium={{adset.id}}&utm_content={{ad.id}}_{{ad.name}}&cmpid=69844dedca420a8b8b43f68e&sub1={{ad.id}}&sub2={{adset.id}}&sub3={{campaign.id}}&sub4={{ad.name}}&sub5={{adset.name}}&sub6={{campaign.name}}&sub7={{site_source_name}}&sub9=Meta&ref_id={{fbclid}},https://nordace.com/wp-content/uploads/2025/06/IMG_96127.jpg,,in stock,,,69.99 USD,,Backpacks & Wallets,100,,Nordace,ND1210-17-EN,yes,new,no,,Purple,,,,,ND1210-GROUP,,,,,no,,,English,en,,,single,,,,,https://lp.nordace.com/dpalink/siena-nexus-phone-crossbody-bag_purple?utm_source=Facebook_DPA&utm_campaign={{campaign.name}}_{{adset.name}}&utm_medium={{adset.id}}&utm_content={{ad.id}}_{{ad.name}}&cmpid=69844dedca420a8b8b43f68e&sub1={{ad.id}}&sub2={{adset.id}}&sub3={{campaign.id}}&sub4={{ad.name}}&sub5={{adset.name}}&sub6={{campaign.name}}&sub7={{site_source_name}}&sub9=Meta&ref_id={{fbclid}},
ND1119,Siena Pro 17 Backpack,,https://lp.nordace.com/dpalink/nordace-siena-pro-17-backpack?utm_source=Facebook_DPA&utm_campaign={{campaign.name}}_{{adset.name}}&utm_medium={{adset.id}}&utm_content={{ad.id}}_{{ad.name}}&cmpid=69844dedca420a8b8b43f68e&sub1={{ad.id}}&sub2={{adset.id}}&sub3={{campaign.id}}&sub4={{ad.name}}&sub5={{adset.name}}&sub6={{campaign.name}}&sub7={{site_source_name}}&sub9=Meta&ref_id={{fbclid}},,,in stock,,,129.99 USD,,Backpacks & Wallets,100,,Nordace,ND1119-EN,yes,new,no,,,,,,,ND1119-GROUP,,,,,no,,,English,en,,,single,,,,,https://lp.nordace.com/dpalink/nordace-siena-pro-17-backpack?utm_source=Facebook_DPA&utm_campaign={{campaign.name}}_{{adset.name}}&utm_medium={{adset.id}}&utm_content={{ad.id}}_{{ad.name}}&cmpid=69844dedca420a8b8b43f68e&sub1={{ad.id}}&sub2={{adset.id}}&sub3={{campaign.id}}&sub4={{ad.name}}&sub5={{adset.name}}&sub6={{campaign.name}}&sub7={{site_source_name}}&sub9=Meta&ref_id={{fbclid}},
ND1119-1,Siena Pro 17 Backpack,,https://lp.nordace.com/dpalink/nordace-siena-pro-17-backpack_black-brown?utm_source=Facebook_DPA&utm_campaign={{campaign.name}}_{{adset.name}}&utm_medium={{adset.id}}&utm_content={{ad.id}}_{{ad.name}}&cmpid=69844dedca420a8b8b43f68e&sub1={{ad.id}}&sub2={{adset.id}}&sub3={{campaign.id}}&sub4={{ad.name}}&sub5={{adset.name}}&sub6={{campaign.name}}&sub7={{site_source_name}}&sub9=Meta&ref_id={{fbclid}},https://nordace.com/wp-content/uploads/2023/03/ND1119-1-2.jpg,,in stock,,,129.99 USD,,Backpacks & Wallets,100,,Nordace,ND1119-1-EN,yes,new,no,,Black Brown,,,,,ND1119-GROUP,,,,,no,,,English,en,,,single,,,,,https://lp.nordace.com/dpalink/nordace-siena-pro-17-backpack_black-brown?utm_source=Facebook_DPA&utm_campaign={{campaign.name}}_{{adset.name}}&utm_medium={{adset.id}}&utm_content={{ad.id}}_{{ad.name}}&cmpid=69844dedca420a8b8b43f68e&sub1={{ad.id}}&sub2={{adset.id}}&sub3={{campaign.id}}&sub4={{ad.name}}&sub5={{adset.name}}&sub6={{campaign.name}}&sub7={{site_source_name}}&sub9=Meta&ref_id={{fbclid}},
ND1119-5,Siena Pro 17 Backpack,,https://lp.nordace.com/dpalink/nordace-siena-pro-17-backpack_beige?utm_source=Facebook_DPA&utm_campaign={{campaign.name}}_{{adset.name}}&utm_medium={{adset.id}}&utm_content={{ad.id}}_{{ad.name}}&cmpid=69844dedca420a8b8b43f68e&sub1={{ad.id}}&sub2={{adset.id}}&sub3={{campaign.id}}&sub4={{ad.name}}&sub5={{adset.name}}&sub6={{campaign.name}}&sub7={{site_source_name}}&sub9=Meta&ref_id={{fbclid}},https://nordace.com/wp-content/uploads/2023/03/ND1119-5-2.jpg,,in stock,,,129.99 USD,,Backpacks & Wallets,100,,Nordace,ND1119-5-EN,yes,new,no,,Beige,,,,,ND1119-GROUP,,,,,no,,,English,en,,,single,,,,,https://lp.nordace.com/dpalink/nordace-siena-pro-17-backpack_beige?utm_source=Facebook_DPA&utm_campaign={{campaign.name}}_{{adset.name}}&utm_medium={{adset.id}}&utm_content={{ad.id}}_{{ad.name}}&cmpid=69844dedca420a8b8b43f68e&sub1={{ad.id}}&sub2={{adset.id}}&sub3={{campaign.id}}&sub4={{ad.name}}&sub5={{adset.name}}&sub6={{campaign.name}}&sub7={{site_source_name}}&sub9=Meta&ref_id={{fbclid}},
ND1119-4,Siena Pro 17 Backpack,,https://lp.nordace.com/dpalink/nordace-siena-pro-17-backpack_blue?utm_source=Facebook_DPA&utm_campaign={{campaign.name}}_{{adset.name}}&utm_medium={{adset.id}}&utm_content={{ad.id}}_{{ad.name}}&cmpid=69844dedca420a8b8b43f68e&sub1={{ad.id}}&sub2={{adset.id}}&sub3={{campaign.id}}&sub4={{ad.name}}&sub5={{adset.name}}&sub6={{campaign.name}}&sub7={{site_source_name}}&sub9=Meta&ref_id={{fbclid}},https://nordace.com/wp-content/uploads/2023/03/ND1119-4-2.jpg,,in stock,,,129.99 USD,,Backpacks & Wallets,100,,Nordace,ND1119-4-EN,yes,new,no,,Blue,,,,,ND1119-GROUP,,,,,no,,,English,en,,,single,,,,,https://lp.nordace.com/dpalink/nordace-siena-pro-17-backpack_blue?utm_source=Facebook_DPA&utm_campaign={{campaign.name}}_{{adset.name}}&utm_medium={{adset.id}}&utm_content={{ad.id}}_{{ad.name}}&cmpid=69844dedca420a8b8b43f68e&sub1={{ad.id}}&sub2={{adset.id}}&sub3={{campaign.id}}&sub4={{ad.name}}&sub5={{adset.name}}&sub6={{campaign.name}}&sub7={{site_source_name}}&sub9=Meta&ref_id={{fbclid}},
ND1119-6,Siena Pro 17 Backpack,,https://lp.nordace.com/dpalink/nordace-siena-pro-17-backpack_green?utm_source=Facebook_DPA&utm_campaign={{campaign.name}}_{{adset.name}}&utm_medium={{adset.id}}&utm_content={{ad.id}}_{{ad.name}}&cmpid=69844dedca420a8b8b43f68e&sub1={{ad.id}}&sub2={{adset.id}}&sub3={{campaign.id}}&sub4={{ad.name}}&sub5={{adset.name}}&sub6={{campaign.name}}&sub7={{site_source_name}}&sub9=Meta&ref_id={{fbclid}},https://nordace.com/wp-content/uploads/2023/03/ND1119-6-2.jpg,,in stock,,,129.99 USD,,Backpacks & Wallets,100,,Nordace,ND1119-6-EN,yes,new,no,,Green,,,,,ND1119-GROUP,,,,,no,,,English,en,,,single,,,,,https://lp.nordace.com/dpalink/nordace-siena-pro-17-backpack_green?utm_source=Facebook_DPA&utm_campaign={{campaign.name}}_{{adset.name}}&utm_medium={{adset.id}}&utm_content={{ad.id}}_{{ad.name}}&cmpid=69844dedca420a8b8b43f68e&sub1={{ad.id}}&sub2={{adset.id}}&sub3={{campaign.id}}&sub4={{ad.name}}&sub5={{adset.name}}&sub6={{campaign.name}}&sub7={{site_source_name}}&sub9=Meta&ref_id={{fbclid}},
ND1119-3,Siena Pro 17 Backpack,,https://lp.nordace.com/dpalink/nordace-siena-pro-17-backpack_red?utm_source=Facebook_DPA&utm_campaign={{campaign.name}}_{{adset.name}}&utm_medium={{adset.id}}&utm_content={{ad.id}}_{{ad.name}}&cmpid=69844dedca420a8b8b43f68e&sub1={{ad.id}}&sub2={{adset.id}}&sub3={{campaign.id}}&sub4={{ad.name}}&sub5={{adset.name}}&sub6={{campaign.name}}&sub7={{site_source_name}}&sub9=Meta&ref_id={{fbclid}},https://nordace.com/wp-content/uploads/2023/03/ND1119-3-6.jpg,,in stock,,,129.99 USD,,Backpacks & Wallets,100,,Nordace,ND1119-3-EN,yes,new,no,,Red,,,,,ND1119-GROUP,,,,,no,,,English,en,,,single,,,,,https://lp.nordace.com/dpalink/nordace-siena-pro-17-backpack_red?utm_source=Facebook_DPA&utm_campaign={{campaign.name}}_{{adset.name}}&utm_medium={{adset.id}}&utm_content={{ad.id}}_{{ad.name}}&cmpid=69844dedca420a8b8b43f68e&sub1={{ad.id}}&sub2={{adset.id}}&sub3={{campaign.id}}&sub4={{ad.name}}&sub5={{adset.name}}&sub6={{campaign.name}}&sub7={{site_source_name}}&sub9=Meta&ref_id={{fbclid}},
ND1119-12,Siena Pro 17 Backpack,,https://lp.nordace.com/dpalink/nordace-siena-pro-17-backpack_purple-navy?utm_source=Facebook_DPA&utm_campaign={{campaign.name}}_{{adset.name}}&utm_medium={{adset.id}}&utm_content={{ad.id}}_{{ad.name}}&cmpid=69844dedca420a8b8b43f68e&sub1={{ad.id}}&sub2={{adset.id}}&sub3={{campaign.id}}&sub4={{ad.name}}&sub5={{adset.name}}&sub6={{campaign.name}}&sub7={{site_source_name}}&sub9=Meta&ref_id={{fbclid}},https://nordace.com/wp-content/uploads/2024/12/GP3A9625.jpg,,in stock,,,129.99 USD,,Backpacks & Wallets,100,,Nordace,ND1119-12-EN,yes,new,no,,Purple Navy,,,,,ND1119-GROUP,,,,,no,,,English,en,,,single,,,,,https://lp.nordace.com/dpalink/nordace-siena-pro-17-backpack_purple-navy?utm_source=Facebook_DPA&utm_campaign={{campaign.name}}_{{adset.name}}&utm_medium={{adset.id}}&utm_content={{ad.id}}_{{ad.name}}&cmpid=69844dedca420a8b8b43f68e&sub1={{ad.id}}&sub2={{adset.id}}&sub3={{campaign.id}}&sub4={{ad.name}}&sub5={{adset.name}}&sub6={{campaign.name}}&sub7={{site_source_name}}&sub9=Meta&ref_id={{fbclid}},
ND1217,Siena Hobo Crossbody Bag,,https://lp.nordace.com/dpalink/nordace-siena-hobo-crossbody-bag?utm_source=Facebook_DPA&utm_campaign={{campaign.name}}_{{adset.name}}&utm_medium={{adset.id}}&utm_content={{ad.id}}_{{ad.name}}&cmpid=69844dedca420a8b8b43f68e&sub1={{ad.id}}&sub2={{adset.id}}&sub3={{campaign.id}}&sub4={{ad.name}}&sub5={{adset.name}}&sub6={{campaign.name}}&sub7={{site_source_name}}&sub9=Meta&ref_id={{fbclid}},,,in stock,,,79.99 USD,,Backpacks & Wallets,100,,Nordace,ND1217-EN,yes,new,no,,,,,,,ND1217-GROUP,,,,,no,,,English,en,,,single,,,,,https://lp.nordace.com/dpalink/nordace-siena-hobo-crossbody-bag?utm_source=Facebook_DPA&utm_campaign={{campaign.name}}_{{adset.name}}&utm_medium={{adset.id}}&utm_content={{ad.id}}_{{ad.name}}&cmpid=69844dedca420a8b8b43f68e&sub1={{ad.id}}&sub2={{adset.id}}&sub3={{campaign.id}}&sub4={{ad.name}}&sub5={{adset.name}}&sub6={{campaign.name}}&sub7={{site_source_name}}&sub9=Meta&ref_id={{fbclid}},
ND1217-5,Siena Hobo Crossbody Bag,,https://lp.nordace.com/dpalink/nordace-siena-hobo-crossbody-bag_beige?utm_source=Facebook_DPA&utm_campaign={{campaign.name}}_{{adset.name}}&utm_medium={{adset.id}}&utm_content={{ad.id}}_{{ad.name}}&cmpid=69844dedca420a8b8b43f68e&sub1={{ad.id}}&sub2={{adset.id}}&sub3={{campaign.id}}&sub4={{ad.name}}&sub5={{adset.name}}&sub6={{campaign.name}}&sub7={{site_source_name}}&sub9=Meta&ref_id={{fbclid}},https://nordace.com/wp-content/uploads/2024/12/ND1217-5-3.jpg,,in stock,,,79.99 USD,,Backpacks & Wallets,100,,Nordace,ND1217-5-EN,yes,new,no,,Beige,,,,,ND1217-GROUP,,,,,no,,,English,en,,,single,,,,,https://lp.nordace.com/dpalink/nordace-siena-hobo-crossbody-bag_beige?utm_source=Facebook_DPA&utm_campaign={{campaign.name}}_{{adset.name}}&utm_medium={{adset.id}}&utm_content={{ad.id}}_{{ad.name}}&cmpid=69844dedca420a8b8b43f68e&sub1={{ad.id}}&sub2={{adset.id}}&sub3={{campaign.id}}&sub4={{ad.name}}&sub5={{adset.name}}&sub6={{campaign.name}}&sub7={{site_source_name}}&sub9=Meta&ref_id={{fbclid}},
ND1217-1,Siena Hobo Crossbody Bag,,https://lp.nordace.com/dpalink/nordace-siena-hobo-crossbody-bag_black-brown?utm_source=Facebook_DPA&utm_campaign={{campaign.name}}_{{adset.name}}&utm_medium={{adset.id}}&utm_content={{ad.id}}_{{ad.name}}&cmpid=69844dedca420a8b8b43f68e&sub1={{ad.id}}&sub2={{adset.id}}&sub3={{campaign.id}}&sub4={{ad.name}}&sub5={{adset.name}}&sub6={{campaign.name}}&sub7={{site_source_name}}&sub9=Meta&ref_id={{fbclid}},https://nordace.com/wp-content/uploads/2024/12/ND1217-1-2.jpg,,in stock,,,79.99 USD,,Backpacks & Wallets,100,,Nordace,ND1217-1-EN,yes,new,no,,Black Brown,,,,,ND1217-GROUP,,,,,no,,,English,en,,,single,,,,,https://lp.nordace.com/dpalink/nordace-siena-hobo-crossbody-bag_black-brown?utm_source=Facebook_DPA&utm_campaign={{campaign.name}}_{{adset.name}}&utm_medium={{adset.id}}&utm_content={{ad.id}}_{{ad.name}}&cmpid=69844dedca420a8b8b43f68e&sub1={{ad.id}}&sub2={{adset.id}}&sub3={{campaign.id}}&sub4={{ad.name}}&sub5={{adset.name}}&sub6={{campaign.name}}&sub7={{site_source_name}}&sub9=Meta&ref_id={{fbclid}},
ND1217-10,Siena Hobo Crossbody Bag,,https://lp.nordace.com/dpalink/nordace-siena-hobo-crossbody-bag_all-black?utm_source=Facebook_DPA&utm_campaign={{campaign.name}}_{{adset.name}}&utm_medium={{adset.id}}&utm_content={{ad.id}}_{{ad.name}}&cmpid=69844dedca420a8b8b43f68e&sub1={{ad.id}}&sub2={{adset.id}}&sub3={{campaign.id}}&sub4={{ad.name}}&sub5={{adset.name}}&sub6={{campaign.name}}&sub7={{site_source_name}}&sub9=Meta&ref_id={{fbclid}},https://nordace.com/wp-content/uploads/2025/06/IMG_94726.jpg,,in stock,,,79.99 USD,,Backpacks & Wallets,100,,Nordace,ND1217-10-EN,yes,new,no,,All Black,,,,,ND1217-GROUP,,,,,no,,,English,en,,,single,,,,,https://lp.nordace.com/dpalink/nordace-siena-hobo-crossbody-bag_all-black?utm_source=Facebook_DPA&utm_campaign={{campaign.name}}_{{adset.name}}&utm_medium={{adset.id}}&utm_content={{ad.id}}_{{ad.name}}&cmpid=69844dedca420a8b8b43f68e&sub1={{ad.id}}&sub2={{adset.id}}&sub3={{campaign.id}}&sub4={{ad.name}}&sub5={{adset.name}}&sub6={{campaign.name}}&sub7={{site_source_name}}&sub9=Meta&ref_id={{fbclid}},
ND1217-7,Siena Hobo Crossbody Bag,,https://lp.nordace.com/dpalink/nordace-siena-hobo-crossbody-bag_blue?utm_source=Facebook_DPA&utm_campaign={{campaign.name}}_{{adset.name}}&utm_medium={{adset.id}}&utm_content={{ad.id}}_{{ad.name}}&cmpid=69844dedca420a8b8b43f68e&sub1={{ad.id}}&sub2={{adset.id}}&sub3={{campaign.id}}&sub4={{ad.name}}&sub5={{adset.name}}&sub6={{campaign.name}}&sub7={{site_source_name}}&sub9=Meta&ref_id={{fbclid}},https://nordace.com/wp-content/uploads/2025/06/IMG_94727-1.jpg,,in stock,,,79.99 USD,,Backpacks & Wallets,100,,Nordace,ND1217-7-EN,yes,new,no,,Blue,,,,,ND1217-GROUP,,,,,no,,,English,en,,,single,,,,,https://lp.nordace.com/dpalink/nordace-siena-hobo-crossbody-bag_blue?utm_source=Facebook_DPA&utm_campaign={{campaign.name}}_{{adset.name}}&utm_medium={{adset.id}}&utm_content={{ad.id}}_{{ad.name}}&cmpid=69844dedca420a8b8b43f68e&sub1={{ad.id}}&sub2={{adset.id}}&sub3={{campaign.id}}&sub4={{ad.name}}&sub5={{adset.name}}&sub6={{campaign.name}}&sub7={{site_source_name}}&sub9=Meta&ref_id={{fbclid}},
ND1217-2,Siena Hobo Crossbody Bag,,https://lp.nordace.com/dpalink/nordace-siena-hobo-crossbody-bag_gray?utm_source=Facebook_DPA&utm_campaign={{campaign.name}}_{{adset.name}}&utm_medium={{adset.id}}&utm_content={{ad.id}}_{{ad.name}}&cmpid=69844dedca420a8b8b43f68e&sub1={{ad.id}}&sub2={{adset.id}}&sub3={{campaign.id}}&sub4={{ad.name}}&sub5={{adset.name}}&sub6={{campaign.name}}&sub7={{site_source_name}}&sub9=Meta&ref_id={{fbclid}},https://nordace.com/wp-content/uploads/2025/06/IMG_94870-1.jpg,,in stock,,,79.99 USD,,Backpacks & Wallets,100,,Nordace,ND1217-2-EN,yes,new,no,,Gray,,,,,ND1217-GROUP,,,,,no,,,English,en,,,single,,,,,https://lp.nordace.com/dpalink/nordace-siena-hobo-crossbody-bag_gray?utm_source=Facebook_DPA&utm_campaign={{campaign.name}}_{{adset.name}}&utm_medium={{adset.id}}&utm_content={{ad.id}}_{{ad.name}}&cmpid=69844dedca420a8b8b43f68e&sub1={{ad.id}}&sub2={{adset.id}}&sub3={{campaign.id}}&sub4={{ad.name}}&sub5={{adset.name}}&sub6={{campaign.name}}&sub7={{site_source_name}}&sub9=Meta&ref_id={{fbclid}},
ND1217-17,Siena Hobo Crossbody Bag,,https://lp.nordace.com/dpalink/nordace-siena-hobo-crossbody-bag_purple?utm_source=Facebook_DPA&utm_campaign={{campaign.name}}_{{adset.name}}&utm_medium={{adset.id}}&utm_content={{ad.id}}_{{ad.name}}&cmpid=69844dedca420a8b8b43f68e&sub1={{ad.id}}&sub2={{adset.id}}&sub3={{campaign.id}}&sub4={{ad.name}}&sub5={{adset.name}}&sub6={{campaign.name}}&sub7={{site_source_name}}&sub9=Meta&ref_id={{fbclid}},https://nordace.com/wp-content/uploads/2025/06/IMG_94883.jpg,,in stock,,,79.99 USD,,Backpacks & Wallets,100,,Nordace,ND1217-17-EN,yes,new,no,,Purple,,,,,ND1217-GROUP,,,,,no,,,English,en,,,single,,,,,https://lp.nordace.com/dpalink/nordace-siena-hobo-crossbody-bag_purple?utm_source=Facebook_DPA&utm_campaign={{campaign.name}}_{{adset.name}}&utm_medium={{adset.id}}&utm_content={{ad.id}}_{{ad.name}}&cmpid=69844dedca420a8b8b43f68e&sub1={{ad.id}}&sub2={{adset.id}}&sub3={{campaign.id}}&sub4={{ad.name}}&sub5={{adset.name}}&sub6={{campaign.name}}&sub7={{site_source_name}}&sub9=Meta&ref_id={{fbclid}},
ND1217-3,Siena Hobo Crossbody Bag,,https://lp.nordace.com/dpalink/nordace-siena-hobo-crossbody-bag_burgundy?utm_source=Facebook_DPA&utm_campaign={{campaign.name}}_{{adset.name}}&utm_medium={{adset.id}}&utm_content={{ad.id}}_{{ad.name}}&cmpid=69844dedca420a8b8b43f68e&sub1={{ad.id}}&sub2={{adset.id}}&sub3={{campaign.id}}&sub4={{ad.name}}&sub5={{adset.name}}&sub6={{campaign.name}}&sub7={{site_source_name}}&sub9=Meta&ref_id={{fbclid}},https://nordace.com/wp-content/uploads/2025/06/IMG_94871.jpg,,in stock,,,79.99 USD,,Backpacks & Wallets,100,,Nordace,ND1217-3-EN,yes,new,no,,Burgundy,,,,,ND1217-GROUP,,,,,no,,,English,en,,,single,,,,,https://lp.nordace.com/dpalink/nordace-siena-hobo-crossbody-bag_burgundy?utm_source=Facebook_DPA&utm_campaign={{campaign.name}}_{{adset.name}}&utm_medium={{adset.id}}&utm_content={{ad.id}}_{{ad.name}}&cmpid=69844dedca420a8b8b43f68e&sub1={{ad.id}}&sub2={{adset.id}}&sub3={{campaign.id}}&sub4={{ad.name}}&sub5={{adset.name}}&sub6={{campaign.name}}&sub7={{site_source_name}}&sub9=Meta&ref_id={{fbclid}},
ND1217-8,Siena Hobo Crossbody Bag,,https://lp.nordace.com/dpalink/nordace-siena-hobo-crossbody-bag_pink?utm_source=Facebook_DPA&utm_campaign={{campaign.name}}_{{adset.name}}&utm_medium={{adset.id}}&utm_content={{ad.id}}_{{ad.name}}&cmpid=69844dedca420a8b8b43f68e&sub1={{ad.id}}&sub2={{adset.id}}&sub3={{campaign.id}}&sub4={{ad.name}}&sub5={{adset.name}}&sub6={{campaign.name}}&sub7={{site_source_name}}&sub9=Meta&ref_id={{fbclid}},https://nordace.com/wp-content/uploads/2025/08/IMG_100739.jpg,,in stock,,,79.99 USD,,Backpacks & Wallets,100,,Nordace,ND1217-8-EN,yes,new,no,,Pink,,,,,ND1217-GROUP,,,,,no,,,English,en,,,single,,,,,https://lp.nordace.com/dpalink/nordace-siena-hobo-crossbody-bag_pink?utm_source=Facebook_DPA&utm_campaign={{campaign.name}}_{{adset.name}}&utm_medium={{adset.id}}&utm_content={{ad.id}}_{{ad.name}}&cmpid=69844dedca420a8b8b43f68e&sub1={{ad.id}}&sub2={{adset.id}}&sub3={{campaign.id}}&sub4={{ad.name}}&sub5={{adset.name}}&sub6={{campaign.name}}&sub7={{site_source_name}}&sub9=Meta&ref_id={{fbclid}},
ND1217-50,Siena Hobo Crossbody Bag,,https://lp.nordace.com/dpalink/nordace-siena-hobo-crossbody-bag_light-purple?utm_source=Facebook_DPA&utm_campaign={{campaign.name}}_{{adset.name}}&utm_medium={{adset.id}}&utm_content={{ad.id}}_{{ad.name}}&cmpid=69844dedca420a8b8b43f68e&sub1={{ad.id}}&sub2={{adset.id}}&sub3={{campaign.id}}&sub4={{ad.name}}&sub5={{adset.name}}&sub6={{campaign.name}}&sub7={{site_source_name}}&sub9=Meta&ref_id={{fbclid}},https://nordace.com/wp-content/uploads/2025/08/IMG_100730.jpg,,in stock,,,79.99 USD,,Backpacks & Wallets,100,,Nordace,ND1217-50-EN,yes,new,no,,Light Purple,,,,,ND1217-GROUP,,,,,no,,,English,en,,,single,,,,,https://lp.nordace.com/dpalink/nordace-siena-hobo-crossbody-bag_light-purple?utm_source=Facebook_DPA&utm_campaign={{campaign.name}}_{{adset.name}}&utm_medium={{adset.id}}&utm_content={{ad.id}}_{{ad.name}}&cmpid=69844dedca420a8b8b43f68e&sub1={{ad.id}}&sub2={{adset.id}}&sub3={{campaign.id}}&sub4={{ad.name}}&sub5={{adset.name}}&sub6={{campaign.name}}&sub7={{site_source_name}}&sub9=Meta&ref_id={{fbclid}},
ND1217-43,Siena Hobo Crossbody Bag,,https://lp.nordace.com/dpalink/nordace-siena-hobo-crossbody-bag_teal?utm_source=Facebook_DPA&utm_campaign={{campaign.name}}_{{adset.name}}&utm_medium={{adset.id}}&utm_content={{ad.id}}_{{ad.name}}&cmpid=69844dedca420a8b8b43f68e&sub1={{ad.id}}&sub2={{adset.id}}&sub3={{campaign.id}}&sub4={{ad.name}}&sub5={{adset.name}}&sub6={{campaign.name}}&sub7={{site_source_name}}&sub9=Meta&ref_id={{fbclid}},https://nordace.com/wp-content/uploads/2025/08/IMG_100776.jpg,,in stock,,,79.99 USD,,Backpacks & Wallets,100,,Nordace,ND1217-43-EN,yes,new,no,,Teal,,,,,ND1217-GROUP,,,,,no,,,English,en,,,single,,,,,https://lp.nordace.com/dpalink/nordace-siena-hobo-crossbody-bag_teal?utm_source=Facebook_DPA&utm_campaign={{campaign.name}}_{{adset.name}}&utm_medium={{adset.id}}&utm_content={{ad.id}}_{{ad.name}}&cmpid=69844dedca420a8b8b43f68e&sub1={{ad.id}}&sub2={{adset.id}}&sub3={{campaign.id}}&sub4={{ad.name}}&sub5={{adset.name}}&sub6={{campaign.name}}&sub7={{site_source_name}}&sub9=Meta&ref_id={{fbclid}},
ML25195,Nordace Ellie - Daily Backpack,,https://lp.nordace.com/dpalink/nordace-ellie-daily-travel-backpack?utm_source=Facebook_DPA&utm_campaign={{campaign.name}}_{{adset.name}}&utm_medium={{adset.id}}&utm_content={{ad.id}}_{{ad.name}}&cmpid=69844dedca420a8b8b43f68e&sub1={{ad.id}}&sub2={{adset.id}}&sub3={{campaign.id}}&sub4={{ad.name}}&sub5={{adset.name}}&sub6={{campaign.name}}&sub7={{site_source_name}}&sub9=Meta&ref_id={{fbclid}},,,in stock,,,139 USD,99.99 USD,Backpacks & Wallets,100,,Nordace,ML25195-EN,yes,new,no,,,,,,,ML25195-GROUP,,,,,no,,,English,en,,,single,,,,,https://lp.nordace.com/dpalink/nordace-ellie-daily-travel-backpack?utm_source=Facebook_DPA&utm_campaign={{campaign.name}}_{{adset.name}}&utm_medium={{adset.id}}&utm_content={{ad.id}}_{{ad.name}}&cmpid=69844dedca420a8b8b43f68e&sub1={{ad.id}}&sub2={{adset.id}}&sub3={{campaign.id}}&sub4={{ad.name}}&sub5={{adset.name}}&sub6={{campaign.name}}&sub7={{site_source_name}}&sub9=Meta&ref_id={{fbclid}},
ML251953,Nordace Ellie - Daily Backpack,,https://lp.nordace.com/dpalink/nordace-ellie-daily-travel-backpack_blue?utm_source=Facebook_DPA&utm_campaign={{campaign.name}}_{{adset.name}}&utm_medium={{adset.id}}&utm_content={{ad.id}}_{{ad.name}}&cmpid=69844dedca420a8b8b43f68e&sub1={{ad.id}}&sub2={{adset.id}}&sub3={{campaign.id}}&sub4={{ad.name}}&sub5={{adset.name}}&sub6={{campaign.name}}&sub7={{site_source_name}}&sub9=Meta&ref_id={{fbclid}},https://nordace.com/wp-content/uploads/2019/03/ML251953-8.jpg,,in stock,,,139 USD,99.99 USD,Backpacks & Wallets,100,,Nordace,ML251953-EN,yes,new,no,,Blue,,,,,ML25195-GROUP,,,,,no,,,English,en,,,single,,,,,https://lp.nordace.com/dpalink/nordace-ellie-daily-travel-backpack_blue?utm_source=Facebook_DPA&utm_campaign={{campaign.name}}_{{adset.name}}&utm_medium={{adset.id}}&utm_content={{ad.id}}_{{ad.name}}&cmpid=69844dedca420a8b8b43f68e&sub1={{ad.id}}&sub2={{adset.id}}&sub3={{campaign.id}}&sub4={{ad.name}}&sub5={{adset.name}}&sub6={{campaign.name}}&sub7={{site_source_name}}&sub9=Meta&ref_id={{fbclid}},
ML251952,Nordace Ellie - Daily Backpack,,https://lp.nordace.com/dpalink/nordace-ellie-daily-travel-backpack_red?utm_source=Facebook_DPA&utm_campaign={{campaign.name}}_{{adset.name}}&utm_medium={{adset.id}}&utm_content={{ad.id}}_{{ad.name}}&cmpid=69844dedca420a8b8b43f68e&sub1={{ad.id}}&sub2={{adset.id}}&sub3={{campaign.id}}&sub4={{ad.name}}&sub5={{adset.name}}&sub6={{campaign.name}}&sub7={{site_source_name}}&sub9=Meta&ref_id={{fbclid}},https://nordace.com/wp-content/uploads/2019/01/Nordace-Elliot-1.jpg,,in stock,,,139 USD,99.99 USD,Backpacks & Wallets,100,,Nordace,ML251952-EN,yes,new,no,,Red,,,,,ML25195-GROUP,,,,,no,,,English,en,,,single,,,,,https://lp.nordace.com/dpalink/nordace-ellie-daily-travel-backpack_red?utm_source=Facebook_DPA&utm_campaign={{campaign.name}}_{{adset.name}}&utm_medium={{adset.id}}&utm_content={{ad.id}}_{{ad.name}}&cmpid=69844dedca420a8b8b43f68e&sub1={{ad.id}}&sub2={{adset.id}}&sub3={{campaign.id}}&sub4={{ad.name}}&sub5={{adset.name}}&sub6={{campaign.name}}&sub7={{site_source_name}}&sub9=Meta&ref_id={{fbclid}},
VOA2001,Siena Starter Set,,https://lp.nordace.com/dpalink/siena-starter-kit?utm_source=Facebook_DPA&utm_campaign={{campaign.name}}_{{adset.name}}&utm_medium={{adset.id}}&utm_content={{ad.id}}_{{ad.name}}&cmpid=69844dedca420a8b8b43f68e&sub1={{ad.id}}&sub2={{adset.id}}&sub3={{campaign.id}}&sub4={{ad.name}}&sub5={{adset.name}}&sub6={{campaign.name}}&sub7={{site_source_name}}&sub9=Meta&ref_id={{fbclid}},,,in stock,,,239.96 USD,149.99 USD,Backpacks & Wallets,100,,Nordace,VOA2001-EN,yes,new,no,,,,,,,,,,,,no,,,English,en,,,single,,,,,https://lp.nordace.com/dpalink/siena-starter-kit?utm_source=Facebook_DPA&utm_campaign={{campaign.name}}_{{adset.name}}&utm_medium={{adset.id}}&utm_content={{ad.id}}_{{ad.name}}&cmpid=69844dedca420a8b8b43f68e&sub1={{ad.id}}&sub2={{adset.id}}&sub3={{campaign.id}}&sub4={{ad.name}}&sub5={{adset.name}}&sub6={{campaign.name}}&sub7={{site_source_name}}&sub9=Meta&ref_id={{fbclid}},
ND1028,Nordace Siena Weekender - Duffel Bag,,https://lp.nordace.com/dpalink/siena-weekender-duffel-bag?utm_source=Facebook_DPA&utm_campaign={{campaign.name}}_{{adset.name}}&utm_medium={{adset.id}}&utm_content={{ad.id}}_{{ad.name}}&cmpid=69844dedca420a8b8b43f68e&sub1={{ad.id}}&sub2={{adset.id}}&sub3={{campaign.id}}&sub4={{ad.name}}&sub5={{adset.name}}&sub6={{campaign.name}}&sub7={{site_source_name}}&sub9=Meta&ref_id={{fbclid}},,,in stock,,,175 USD,119.99 USD,Backpacks & Wallets,100,,Nordace,ND1028-EN,yes,new,no,,,,,,,ND1028-GROUP,,,,,no,,,English,en,,,single,,,,,https://lp.nordace.com/dpalink/siena-weekender-duffel-bag?utm_source=Facebook_DPA&utm_campaign={{campaign.name}}_{{adset.name}}&utm_medium={{adset.id}}&utm_content={{ad.id}}_{{ad.name}}&cmpid=69844dedca420a8b8b43f68e&sub1={{ad.id}}&sub2={{adset.id}}&sub3={{campaign.id}}&sub4={{ad.name}}&sub5={{adset.name}}&sub6={{campaign.name}}&sub7={{site_source_name}}&sub9=Meta&ref_id={{fbclid}},
ND1028-5,Nordace Siena Weekender - Duffel Bag,,https://lp.nordace.com/dpalink/siena-weekender-duffel-bag_beige?utm_source=Facebook_DPA&utm_campaign={{campaign.name}}_{{adset.name}}&utm_medium={{adset.id}}&utm_content={{ad.id}}_{{ad.name}}&cmpid=69844dedca420a8b8b43f68e&sub1={{ad.id}}&sub2={{adset.id}}&sub3={{campaign.id}}&sub4={{ad.name}}&sub5={{adset.name}}&sub6={{campaign.name}}&sub7={{site_source_name}}&sub9=Meta&ref_id={{fbclid}},https://nordace.com/wp-content/uploads/2019/10/ND1028-5-12.jpg,,in stock,,,175 USD,119.99 USD,Backpacks & Wallets,100,,Nordace,ND1028-5-EN,yes,new,no,,Beige,,,,,ND1028-GROUP,,,,,no,,,English,en,,,single,,,,,https://lp.nordace.com/dpalink/siena-weekender-duffel-bag_beige?utm_source=Facebook_DPA&utm_campaign={{campaign.name}}_{{adset.name}}&utm_medium={{adset.id}}&utm_content={{ad.id}}_{{ad.name}}&cmpid=69844dedca420a8b8b43f68e&sub1={{ad.id}}&sub2={{adset.id}}&sub3={{campaign.id}}&sub4={{ad.name}}&sub5={{adset.name}}&sub6={{campaign.name}}&sub7={{site_source_name}}&sub9=Meta&ref_id={{fbclid}},
ND1028-1,Nordace Siena Weekender - Duffel Bag,,https://lp.nordace.com/dpalink/siena-weekender-duffel-bag_black?utm_source=Facebook_DPA&utm_campaign={{campaign.name}}_{{adset.name}}&utm_medium={{adset.id}}&utm_content={{ad.id}}_{{ad.name}}&cmpid=69844dedca420a8b8b43f68e&sub1={{ad.id}}&sub2={{adset.id}}&sub3={{campaign.id}}&sub4={{ad.name}}&sub5={{adset.name}}&sub6={{campaign.name}}&sub7={{site_source_name}}&sub9=Meta&ref_id={{fbclid}},https://nordace.com/wp-content/uploads/2019/10/ND1028-1-2.jpg,,in stock,,,175 USD,119.99 USD,Backpacks & Wallets,100,,Nordace,ND1028-1-EN,yes,new,no,,Black,,,,,ND1028-GROUP,,,,,no,,,English,en,,,single,,,,,https://lp.nordace.com/dpalink/siena-weekender-duffel-bag_black?utm_source=Facebook_DPA&utm_campaign={{campaign.name}}_{{adset.name}}&utm_medium={{adset.id}}&utm_content={{ad.id}}_{{ad.name}}&cmpid=69844dedca420a8b8b43f68e&sub1={{ad.id}}&sub2={{adset.id}}&sub3={{campaign.id}}&sub4={{ad.name}}&sub5={{adset.name}}&sub6={{campaign.name}}&sub7={{site_source_name}}&sub9=Meta&ref_id={{fbclid}},
ML25196,Nordace Bergen - Lightweight Daily Backpack,,https://lp.nordace.com/dpalink/nordace-bergen-lightweight-daily-backpack?utm_source=Facebook_DPA&utm_campaign={{campaign.name}}_{{adset.name}}&utm_medium={{adset.id}}&utm_content={{ad.id}}_{{ad.name}}&cmpid=69844dedca420a8b8b43f68e&sub1={{ad.id}}&sub2={{adset.id}}&sub3={{campaign.id}}&sub4={{ad.name}}&sub5={{adset.name}}&sub6={{campaign.name}}&sub7={{site_source_name}}&sub9=Meta&ref_id={{fbclid}},,,in stock,,,109 USD,79.99 USD,Backpacks & Wallets,100,,Nordace,ML25196-EN,yes,new,no,,,,,,,ML25196-GROUP,,,,,no,,,English,en,,,single,,,,,https://lp.nordace.com/dpalink/nordace-bergen-lightweight-daily-backpack?utm_source=Facebook_DPA&utm_campaign={{campaign.name}}_{{adset.name}}&utm_medium={{adset.id}}&utm_content={{ad.id}}_{{ad.name}}&cmpid=69844dedca420a8b8b43f68e&sub1={{ad.id}}&sub2={{adset.id}}&sub3={{campaign.id}}&sub4={{ad.name}}&sub5={{adset.name}}&sub6={{campaign.name}}&sub7={{site_source_name}}&sub9=Meta&ref_id={{fbclid}},
ML251962,Nordace Bergen - Lightweight Daily Backpack,,https://lp.nordace.com/dpalink/nordace-bergen-lightweight-daily-backpack_black?utm_source=Facebook_DPA&utm_campaign={{campaign.name}}_{{adset.name}}&utm_medium={{adset.id}}&utm_content={{ad.id}}_{{ad.name}}&cmpid=69844dedca420a8b8b43f68e&sub1={{ad.id}}&sub2={{adset.id}}&sub3={{campaign.id}}&sub4={{ad.name}}&sub5={{adset.name}}&sub6={{campaign.name}}&sub7={{site_source_name}}&sub9=Meta&ref_id={{fbclid}},https://nordace.com/wp-content/uploads/2019/01/1-10.jpg,,in stock,,,109 USD,79.99 USD,Backpacks & Wallets,100,,Nordace,ML251962-EN,yes,new,no,,Black,,,,,ML25196-GROUP,,,,,no,,,English,en,,,single,,,,,https://lp.nordace.com/dpalink/nordace-bergen-lightweight-daily-backpack_black?utm_source=Facebook_DPA&utm_campaign={{campaign.name}}_{{adset.name}}&utm_medium={{adset.id}}&utm_content={{ad.id}}_{{ad.name}}&cmpid=69844dedca420a8b8b43f68e&sub1={{ad.id}}&sub2={{adset.id}}&sub3={{campaign.id}}&sub4={{ad.name}}&sub5={{adset.name}}&sub6={{campaign.name}}&sub7={{site_source_name}}&sub9=Meta&ref_id={{fbclid}},
ML2519638,Nordace Bergen - Lightweight Daily Backpack,,https://lp.nordace.com/dpalink/nordace-bergen-lightweight-daily-backpack_hale-navy?utm_source=Facebook_DPA&utm_campaign={{campaign.name}}_{{adset.name}}&utm_medium={{adset.id}}&utm_content={{ad.id}}_{{ad.name}}&cmpid=69844dedca420a8b8b43f68e&sub1={{ad.id}}&sub2={{adset.id}}&sub3={{campaign.id}}&sub4={{ad.name}}&sub5={{adset.name}}&sub6={{campaign.name}}&sub7={{site_source_name}}&sub9=Meta&ref_id={{fbclid}},https://nordace.com/wp-content/uploads/2022/04/IMG_6694.jpg,,in stock,,,109 USD,79.99 USD,Backpacks & Wallets,100,,Nordace,ML2519638-EN,yes,new,no,,Hale Navy,,,,,ML25196-GROUP,,,,,no,,,English,en,,,single,,,,,https://lp.nordace.com/dpalink/nordace-bergen-lightweight-daily-backpack_hale-navy?utm_source=Facebook_DPA&utm_campaign={{campaign.name}}_{{adset.name}}&utm_medium={{adset.id}}&utm_content={{ad.id}}_{{ad.name}}&cmpid=69844dedca420a8b8b43f68e&sub1={{ad.id}}&sub2={{adset.id}}&sub3={{campaign.id}}&sub4={{ad.name}}&sub5={{adset.name}}&sub6={{campaign.name}}&sub7={{site_source_name}}&sub9=Meta&ref_id={{fbclid}},
ML251965,Nordace Bergen - Lightweight Daily Backpack,,https://lp.nordace.com/dpalink/nordace-bergen-lightweight-daily-backpack_beige?utm_source=Facebook_DPA&utm_campaign={{campaign.name}}_{{adset.name}}&utm_medium={{adset.id}}&utm_content={{ad.id}}_{{ad.name}}&cmpid=69844dedca420a8b8b43f68e&sub1={{ad.id}}&sub2={{adset.id}}&sub3={{campaign.id}}&sub4={{ad.name}}&sub5={{adset.name}}&sub6={{campaign.name}}&sub7={{site_source_name}}&sub9=Meta&ref_id={{fbclid}},https://nordace.com/wp-content/uploads/2022/04/IMG_6671.jpg,,in stock,,,109 USD,79.99 USD,Backpacks & Wallets,100,,Nordace,ML251965-EN,yes,new,no,,Beige,,,,,ML25196-GROUP,,,,,no,,,English,en,,,single,,,,,https://lp.nordace.com/dpalink/nordace-bergen-lightweight-daily-backpack_beige?utm_source=Facebook_DPA&utm_campaign={{campaign.name}}_{{adset.name}}&utm_medium={{adset.id}}&utm_content={{ad.id}}_{{ad.name}}&cmpid=69844dedca420a8b8b43f68e&sub1={{ad.id}}&sub2={{adset.id}}&sub3={{campaign.id}}&sub4={{ad.name}}&sub5={{adset.name}}&sub6={{campaign.name}}&sub7={{site_source_name}}&sub9=Meta&ref_id={{fbclid}},
ND1120,Nordace Siena Pro 13 Backpack,,https://lp.nordace.com/dpalink/nordace-siena-pro-13-backpack?utm_source=Facebook_DPA&utm_campaign={{campaign.name}}_{{adset.name}}&utm_medium={{adset.id}}&utm_content={{ad.id}}_{{ad.name}}&cmpid=69844dedca420a8b8b43f68e&sub1={{ad.id}}&sub2={{adset.id}}&sub3={{campaign.id}}&sub4={{ad.name}}&sub5={{adset.name}}&sub6={{campaign.name}}&sub7={{site_source_name}}&sub9=Meta&ref_id={{fbclid}},,,in stock,,,109.99 USD,,Backpacks & Wallets,100,,Nordace,ND1120-EN,yes,new,no,,,,,,,ND1120-GROUP,,,,,no,,,English,en,,,single,,,,,https://lp.nordace.com/dpalink/nordace-siena-pro-13-backpack?utm_source=Facebook_DPA&utm_campaign={{campaign.name}}_{{adset.name}}&utm_medium={{adset.id}}&utm_content={{ad.id}}_{{ad.name}}&cmpid=69844dedca420a8b8b43f68e&sub1={{ad.id}}&sub2={{adset.id}}&sub3={{campaign.id}}&sub4={{ad.name}}&sub5={{adset.name}}&sub6={{campaign.name}}&sub7={{site_source_name}}&sub9=Meta&ref_id={{fbclid}},
ND1120-1,Nordace Siena Pro 13 Backpack,,https://lp.nordace.com/dpalink/nordace-siena-pro-13-backpack_black-brown?utm_source=Facebook_DPA&utm_campaign={{campaign.name}}_{{adset.name}}&utm_medium={{adset.id}}&utm_content={{ad.id}}_{{ad.name}}&cmpid=69844dedca420a8b8b43f68e&sub1={{ad.id}}&sub2={{adset.id}}&sub3={{campaign.id}}&sub4={{ad.name}}&sub5={{adset.name}}&sub6={{campaign.name}}&sub7={{site_source_name}}&sub9=Meta&ref_id={{fbclid}},https://nordace.com/wp-content/uploads/2023/03/ND1120-1-2.jpg,,in stock,,,109.99 USD,,Backpacks & Wallets,100,,Nordace,ND1120-1-EN,yes,new,no,,Black Brown,,,,,ND1120-GROUP,,,,,no,,,English,en,,,single,,,,,https://lp.nordace.com/dpalink/nordace-siena-pro-13-backpack_black-brown?utm_source=Facebook_DPA&utm_campaign={{campaign.name}}_{{adset.name}}&utm_medium={{adset.id}}&utm_content={{ad.id}}_{{ad.name}}&cmpid=69844dedca420a8b8b43f68e&sub1={{ad.id}}&sub2={{adset.id}}&sub3={{campaign.id}}&sub4={{ad.name}}&sub5={{adset.name}}&sub6={{campaign.name}}&sub7={{site_source_name}}&sub9=Meta&ref_id={{fbclid}},
ND1120-5,Nordace Siena Pro 13 Backpack,,https://lp.nordace.com/dpalink/nordace-siena-pro-13-backpack_beige?utm_source=Facebook_DPA&utm_campaign={{campaign.name}}_{{adset.name}}&utm_medium={{adset.id}}&utm_content={{ad.id}}_{{ad.name}}&cmpid=69844dedca420a8b8b43f68e&sub1={{ad.id}}&sub2={{adset.id}}&sub3={{campaign.id}}&sub4={{ad.name}}&sub5={{adset.name}}&sub6={{campaign.name}}&sub7={{site_source_name}}&sub9=Meta&ref_id={{fbclid}},https://nordace.com/wp-content/uploads/2023/03/ND1120-5-2.jpg,,in stock,,,109.99 USD,,Backpacks & Wallets,100,,Nordace,ND1120-5-EN,yes,new,no,,Beige,,,,,ND1120-GROUP,,,,,no,,,English,en,,,single,,,,,https://lp.nordace.com/dpalink/nordace-siena-pro-13-backpack_beige?utm_source=Facebook_DPA&utm_campaign={{campaign.name}}_{{adset.name}}&utm_medium={{adset.id}}&utm_content={{ad.id}}_{{ad.name}}&cmpid=69844dedca420a8b8b43f68e&sub1={{ad.id}}&sub2={{adset.id}}&sub3={{campaign.id}}&sub4={{ad.name}}&sub5={{adset.name}}&sub6={{campaign.name}}&sub7={{site_source_name}}&sub9=Meta&ref_id={{fbclid}},
ND1120-9,Nordace Siena Pro 13 Backpack,,https://lp.nordace.com/dpalink/nordace-siena-pro-13-backpack_pearly-white?utm_source=Facebook_DPA&utm_campaign={{campaign.name}}_{{adset.name}}&utm_medium={{adset.id}}&utm_content={{ad.id}}_{{ad.name}}&cmpid=69844dedca420a8b8b43f68e&sub1={{ad.id}}&sub2={{adset.id}}&sub3={{campaign.id}}&sub4={{ad.name}}&sub5={{adset.name}}&sub6={{campaign.name}}&sub7={{site_source_name}}&sub9=Meta&ref_id={{fbclid}},https://nordace.com/wp-content/uploads/2023/06/ND1120-9-1.jpg,,in stock,,,109.99 USD,,Backpacks & Wallets,100,,Nordace,ND1120-9-EN,yes,new,no,,Pearly White,,,,,ND1120-GROUP,,,,,no,,,English,en,,,single,,,,,https://lp.nordace.com/dpalink/nordace-siena-pro-13-backpack_pearly-white?utm_source=Facebook_DPA&utm_campaign={{campaign.name}}_{{adset.name}}&utm_medium={{adset.id}}&utm_content={{ad.id}}_{{ad.name}}&cmpid=69844dedca420a8b8b43f68e&sub1={{ad.id}}&sub2={{adset.id}}&sub3={{campaign.id}}&sub4={{ad.name}}&sub5={{adset.name}}&sub6={{campaign.name}}&sub7={{site_source_name}}&sub9=Meta&ref_id={{fbclid}},
ND1120-4,Nordace Siena Pro 13 Backpack,,https://lp.nordace.com/dpalink/nordace-siena-pro-13-backpack_blue?utm_source=Facebook_DPA&utm_campaign={{campaign.name}}_{{adset.name}}&utm_medium={{adset.id}}&utm_content={{ad.id}}_{{ad.name}}&cmpid=69844dedca420a8b8b43f68e&sub1={{ad.id}}&sub2={{adset.id}}&sub3={{campaign.id}}&sub4={{ad.name}}&sub5={{adset.name}}&sub6={{campaign.name}}&sub7={{site_source_name}}&sub9=Meta&ref_id={{fbclid}},https://nordace.com/wp-content/uploads/2023/06/ND1120-4-1.jpg,,in stock,,,109.99 USD,,Backpacks & Wallets,100,,Nordace,ND1120-4-EN,yes,new,no,,Blue,,,,,ND1120-GROUP,,,,,no,,,English,en,,,single,,,,,https://lp.nordace.com/dpalink/nordace-siena-pro-13-backpack_blue?utm_source=Facebook_DPA&utm_campaign={{campaign.name}}_{{adset.name}}&utm_medium={{adset.id}}&utm_content={{ad.id}}_{{ad.name}}&cmpid=69844dedca420a8b8b43f68e&sub1={{ad.id}}&sub2={{adset.id}}&sub3={{campaign.id}}&sub4={{ad.name}}&sub5={{adset.name}}&sub6={{campaign.name}}&sub7={{site_source_name}}&sub9=Meta&ref_id={{fbclid}},
ND1120-6,Nordace Siena Pro 13 Backpack,,https://lp.nordace.com/dpalink/nordace-siena-pro-13-backpack_green?utm_source=Facebook_DPA&utm_campaign={{campaign.name}}_{{adset.name}}&utm_medium={{adset.id}}&utm_content={{ad.id}}_{{ad.name}}&cmpid=69844dedca420a8b8b43f68e&sub1={{ad.id}}&sub2={{adset.id}}&sub3={{campaign.id}}&sub4={{ad.name}}&sub5={{adset.name}}&sub6={{campaign.name}}&sub7={{site_source_name}}&sub9=Meta&ref_id={{fbclid}},https://nordace.com/wp-content/uploads/2023/06/ND1120-6-1.jpg,,in stock,,,109.99 USD,,Backpacks & Wallets,100,,Nordace,ND1120-6-EN,yes,new,no,,Green,,,,,ND1120-GROUP,,,,,no,,,English,en,,,single,,,,,https://lp.nordace.com/dpalink/nordace-siena-pro-13-backpack_green?utm_source=Facebook_DPA&utm_campaign={{campaign.name}}_{{adset.name}}&utm_medium={{adset.id}}&utm_content={{ad.id}}_{{ad.name}}&cmpid=69844dedca420a8b8b43f68e&sub1={{ad.id}}&sub2={{adset.id}}&sub3={{campaign.id}}&sub4={{ad.name}}&sub5={{adset.name}}&sub6={{campaign.name}}&sub7={{site_source_name}}&sub9=Meta&ref_id={{fbclid}},
ND1120-3,Nordace Siena Pro 13 Backpack,,https://lp.nordace.com/dpalink/nordace-siena-pro-13-backpack_red?utm_source=Facebook_DPA&utm_campaign={{campaign.name}}_{{adset.name}}&utm_medium={{adset.id}}&utm_content={{ad.id}}_{{ad.name}}&cmpid=69844dedca420a8b8b43f68e&sub1={{ad.id}}&sub2={{adset.id}}&sub3={{campaign.id}}&sub4={{ad.name}}&sub5={{adset.name}}&sub6={{campaign.name}}&sub7={{site_source_name}}&sub9=Meta&ref_id={{fbclid}},https://nordace.com/wp-content/uploads/2023/06/ND1120-3-1.jpg,,in stock,,,109.99 USD,,Backpacks & Wallets,100,,Nordace,ND1120-3-EN,yes,new,no,,Red,,,,,ND1120-GROUP,,,,,no,,,English,en,,,single,,,,,https://lp.nordace.com/dpalink/nordace-siena-pro-13-backpack_red?utm_source=Facebook_DPA&utm_campaign={{campaign.name}}_{{adset.name}}&utm_medium={{adset.id}}&utm_content={{ad.id}}_{{ad.name}}&cmpid=69844dedca420a8b8b43f68e&sub1={{ad.id}}&sub2={{adset.id}}&sub3={{campaign.id}}&sub4={{ad.name}}&sub5={{adset.name}}&sub6={{campaign.name}}&sub7={{site_source_name}}&sub9=Meta&ref_id={{fbclid}},
ND1120-8,Nordace Siena Pro 13 Backpack,,https://lp.nordace.com/dpalink/nordace-siena-pro-13-backpack_peach-pink?utm_source=Facebook_DPA&utm_campaign={{campaign.name}}_{{adset.name}}&utm_medium={{adset.id}}&utm_content={{ad.id}}_{{ad.name}}&cmpid=69844dedca420a8b8b43f68e&sub1={{ad.id}}&sub2={{adset.id}}&sub3={{campaign.id}}&sub4={{ad.name}}&sub5={{adset.name}}&sub6={{campaign.name}}&sub7={{site_source_name}}&sub9=Meta&ref_id={{fbclid}},https://nordace.com/wp-content/uploads/2023/08/ND1120-8-1.jpg,,in stock,,,109.99 USD,,Backpacks & Wallets,100,,Nordace,ND1120-8-EN,yes,new,no,,Peach Pink,,,,,ND1120-GROUP,,,,,no,,,English,en,,,single,,,,,https://lp.nordace.com/dpalink/nordace-siena-pro-13-backpack_peach-pink?utm_source=Facebook_DPA&utm_campaign={{campaign.name}}_{{adset.name}}&utm_medium={{adset.id}}&utm_content={{ad.id}}_{{ad.name}}&cmpid=69844dedca420a8b8b43f68e&sub1={{ad.id}}&sub2={{adset.id}}&sub3={{campaign.id}}&sub4={{ad.name}}&sub5={{adset.name}}&sub6={{campaign.name}}&sub7={{site_source_name}}&sub9=Meta&ref_id={{fbclid}},
ND1120-25,Nordace Siena Pro 13 Backpack,,https://lp.nordace.com/dpalink/nordace-siena-pro-13-backpack_light-green?utm_source=Facebook_DPA&utm_campaign={{campaign.name}}_{{adset.name}}&utm_medium={{adset.id}}&utm_content={{ad.id}}_{{ad.name}}&cmpid=69844dedca420a8b8b43f68e&sub1={{ad.id}}&sub2={{adset.id}}&sub3={{campaign.id}}&sub4={{ad.name}}&sub5={{adset.name}}&sub6={{campaign.name}}&sub7={{site_source_name}}&sub9=Meta&ref_id={{fbclid}},https://nordace.com/wp-content/uploads/2023/08/ND1120-25-1.jpg,,in stock,,,109.99 USD,,Backpacks & Wallets,100,,Nordace,ND1120-25-EN,yes,new,no,,Light Green,,,,,ND1120-GROUP,,,,,no,,,English,en,,,single,,,,,https://lp.nordace.com/dpalink/nordace-siena-pro-13-backpack_light-green?utm_source=Facebook_DPA&utm_campaign={{campaign.name}}_{{adset.name}}&utm_medium={{adset.id}}&utm_content={{ad.id}}_{{ad.name}}&cmpid=69844dedca420a8b8b43f68e&sub1={{ad.id}}&sub2={{adset.id}}&sub3={{campaign.id}}&sub4={{ad.name}}&sub5={{adset.name}}&sub6={{campaign.name}}&sub7={{site_source_name}}&sub9=Meta&ref_id={{fbclid}},
ND1120-33,Nordace Siena Pro 13 Backpack,,https://lp.nordace.com/dpalink/nordace-siena-pro-13-backpack_light-blue?utm_source=Facebook_DPA&utm_campaign={{campaign.name}}_{{adset.name}}&utm_medium={{adset.id}}&utm_content={{ad.id}}_{{ad.name}}&cmpid=69844dedca420a8b8b43f68e&sub1={{ad.id}}&sub2={{adset.id}}&sub3={{campaign.id}}&sub4={{ad.name}}&sub5={{adset.name}}&sub6={{campaign.name}}&sub7={{site_source_name}}&sub9=Meta&ref_id={{fbclid}},https://nordace.com/wp-content/uploads/2023/08/ND1120-33-1.jpg,,in stock,,,109.99 USD,,Backpacks & Wallets,100,,Nordace,ND1120-33-EN,yes,new,no,,Light Blue,,,,,ND1120-GROUP,,,,,no,,,English,en,,,single,,,,,https://lp.nordace.com/dpalink/nordace-siena-pro-13-backpack_light-blue?utm_source=Facebook_DPA&utm_campaign={{campaign.name}}_{{adset.name}}&utm_medium={{adset.id}}&utm_content={{ad.id}}_{{ad.name}}&cmpid=69844dedca420a8b8b43f68e&sub1={{ad.id}}&sub2={{adset.id}}&sub3={{campaign.id}}&sub4={{ad.name}}&sub5={{adset.name}}&sub6={{campaign.name}}&sub7={{site_source_name}}&sub9=Meta&ref_id={{fbclid}},
ND1120-10,Nordace Siena Pro 13 Backpack,,https://lp.nordace.com/dpalink/nordace-siena-pro-13-backpack_all-black?utm_source=Facebook_DPA&utm_campaign={{campaign.name}}_{{adset.name}}&utm_medium={{adset.id}}&utm_content={{ad.id}}_{{ad.name}}&cmpid=69844dedca420a8b8b43f68e&sub1={{ad.id}}&sub2={{adset.id}}&sub3={{campaign.id}}&sub4={{ad.name}}&sub5={{adset.name}}&sub6={{campaign.name}}&sub7={{site_source_name}}&sub9=Meta&ref_id={{fbclid}},https://nordace.com/wp-content/uploads/2024/02/ND1120-10-1.jpg,,in stock,,,109.99 USD,,Backpacks & Wallets,100,,Nordace,ND1120-10-EN,yes,new,no,,All Black,,,,,ND1120-GROUP,,,,,no,,,English,en,,,single,,,,,https://lp.nordace.com/dpalink/nordace-siena-pro-13-backpack_all-black?utm_source=Facebook_DPA&utm_campaign={{campaign.name}}_{{adset.name}}&utm_medium={{adset.id}}&utm_content={{ad.id}}_{{ad.name}}&cmpid=69844dedca420a8b8b43f68e&sub1={{ad.id}}&sub2={{adset.id}}&sub3={{campaign.id}}&sub4={{ad.name}}&sub5={{adset.name}}&sub6={{campaign.name}}&sub7={{site_source_name}}&sub9=Meta&ref_id={{fbclid}},
ND1120-12,Nordace Siena Pro 13 Backpack,,https://lp.nordace.com/dpalink/nordace-siena-pro-13-backpack_light-purple?utm_source=Facebook_DPA&utm_campaign={{campaign.name}}_{{adset.name}}&utm_medium={{adset.id}}&utm_content={{ad.id}}_{{ad.name}}&cmpid=69844dedca420a8b8b43f68e&sub1={{ad.id}}&sub2={{adset.id}}&sub3={{campaign.id}}&sub4={{ad.name}}&sub5={{adset.name}}&sub6={{campaign.name}}&sub7={{site_source_name}}&sub9=Meta&ref_id={{fbclid}},https://nordace.com/wp-content/uploads/2023/03/ND1120-12-1.jpg,,in stock,,,109.99 USD,,Backpacks & Wallets,100,,Nordace,ND1120-12-EN,yes,new,no,,Light Purple,,,,,ND1120-GROUP,,,,,no,,,English,en,,,single,,,,,https://lp.nordace.com/dpalink/nordace-siena-pro-13-backpack_light-purple?utm_source=Facebook_DPA&utm_campaign={{campaign.name}}_{{adset.name}}&utm_medium={{adset.id}}&utm_content={{ad.id}}_{{ad.name}}&cmpid=69844dedca420a8b8b43f68e&sub1={{ad.id}}&sub2={{adset.id}}&sub3={{campaign.id}}&sub4={{ad.name}}&sub5={{adset.name}}&sub6={{campaign.name}}&sub7={{site_source_name}}&sub9=Meta&ref_id={{fbclid}},
ND1120-29,Nordace Siena Pro 13 Backpack,,https://lp.nordace.com/dpalink/nordace-siena-pro-13-backpack_peach-fuzz?utm_source=Facebook_DPA&utm_campaign={{campaign.name}}_{{adset.name}}&utm_medium={{adset.id}}&utm_content={{ad.id}}_{{ad.name}}&cmpid=69844dedca420a8b8b43f68e&sub1={{ad.id}}&sub2={{adset.id}}&sub3={{campaign.id}}&sub4={{ad.name}}&sub5={{adset.name}}&sub6={{campaign.name}}&sub7={{site_source_name}}&sub9=Meta&ref_id={{fbclid}},https://nordace.com/wp-content/uploads/2024/10/IMG_8175.jpg,,in stock,,,109.99 USD,,Backpacks & Wallets,100,,Nordace,ND1120-29-EN,yes,new,no,,Peach Fuzz,,,,,ND1120-GROUP,,,,,no,,,English,en,,,single,,,,,https://lp.nordace.com/dpalink/nordace-siena-pro-13-backpack_peach-fuzz?utm_source=Facebook_DPA&utm_campaign={{campaign.name}}_{{adset.name}}&utm_medium={{adset.id}}&utm_content={{ad.id}}_{{ad.name}}&cmpid=69844dedca420a8b8b43f68e&sub1={{ad.id}}&sub2={{adset.id}}&sub3={{campaign.id}}&sub4={{ad.name}}&sub5={{adset.name}}&sub6={{campaign.name}}&sub7={{site_source_name}}&sub9=Meta&ref_id={{fbclid}},
ND1120-19,Nordace Siena Pro 13 Backpack,,https://lp.nordace.com/dpalink/nordace-siena-pro-13-backpack_pale-yellow?utm_source=Facebook_DPA&utm_campaign={{campaign.name}}_{{adset.name}}&utm_medium={{adset.id}}&utm_content={{ad.id}}_{{ad.name}}&cmpid=69844dedca420a8b8b43f68e&sub1={{ad.id}}&sub2={{adset.id}}&sub3={{campaign.id}}&sub4={{ad.name}}&sub5={{adset.name}}&sub6={{campaign.name}}&sub7={{site_source_name}}&sub9=Meta&ref_id={{fbclid}},https://nordace.com/wp-content/uploads/2025/01/IMG_65925-1.jpg,,in stock,,,109.99 USD,,Backpacks & Wallets,100,,Nordace,ND1120-19-EN,yes,new,no,,Pale Yellow,,,,,ND1120-GROUP,,,,,no,,,English,en,,,single,,,,,https://lp.nordace.com/dpalink/nordace-siena-pro-13-backpack_pale-yellow?utm_source=Facebook_DPA&utm_campaign={{campaign.name}}_{{adset.name}}&utm_medium={{adset.id}}&utm_content={{ad.id}}_{{ad.name}}&cmpid=69844dedca420a8b8b43f68e&sub1={{ad.id}}&sub2={{adset.id}}&sub3={{campaign.id}}&sub4={{ad.name}}&sub5={{adset.name}}&sub6={{campaign.name}}&sub7={{site_source_name}}&sub9=Meta&ref_id={{fbclid}},
ND1120-26,Nordace Siena Pro 13 Backpack,,https://lp.nordace.com/dpalink/nordace-siena-pro-13-backpack_coral-pink?utm_source=Facebook_DPA&utm_campaign={{campaign.name}}_{{adset.name}}&utm_medium={{adset.id}}&utm_content={{ad.id}}_{{ad.name}}&cmpid=69844dedca420a8b8b43f68e&sub1={{ad.id}}&sub2={{adset.id}}&sub3={{campaign.id}}&sub4={{ad.name}}&sub5={{adset.name}}&sub6={{campaign.name}}&sub7={{site_source_name}}&sub9=Meta&ref_id={{fbclid}},https://nordace.com/wp-content/uploads/2025/01/2-6.jpg,,in stock,,,109.99 USD,,Backpacks & Wallets,100,,Nordace,ND1120-26-EN,yes,new,no,,Coral Pink,,,,,ND1120-GROUP,,,,,no,,,English,en,,,single,,,,,https://lp.nordace.com/dpalink/nordace-siena-pro-13-backpack_coral-pink?utm_source=Facebook_DPA&utm_campaign={{campaign.name}}_{{adset.name}}&utm_medium={{adset.id}}&utm_content={{ad.id}}_{{ad.name}}&cmpid=69844dedca420a8b8b43f68e&sub1={{ad.id}}&sub2={{adset.id}}&sub3={{campaign.id}}&sub4={{ad.name}}&sub5={{adset.name}}&sub6={{campaign.name}}&sub7={{site_source_name}}&sub9=Meta&ref_id={{fbclid}},
ND1029,Nordace Laval - Smart Backpack,,https://lp.nordace.com/dpalink/laval-smart-travel-backpack?utm_source=Facebook_DPA&utm_campaign={{campaign.name}}_{{adset.name}}&utm_medium={{adset.id}}&utm_content={{ad.id}}_{{ad.name}}&cmpid=69844dedca420a8b8b43f68e&sub1={{ad.id}}&sub2={{adset.id}}&sub3={{campaign.id}}&sub4={{ad.name}}&sub5={{adset.name}}&sub6={{campaign.name}}&sub7={{site_source_name}}&sub9=Meta&ref_id={{fbclid}},,,in stock,,,160 USD,109.99 USD,Backpacks & Wallets,100,,Nordace,ND1029-EN,yes,new,no,,,,,,,ND1029-GROUP,,,,,no,,,English,en,,,single,,,,,https://lp.nordace.com/dpalink/laval-smart-travel-backpack?utm_source=Facebook_DPA&utm_campaign={{campaign.name}}_{{adset.name}}&utm_medium={{adset.id}}&utm_content={{ad.id}}_{{ad.name}}&cmpid=69844dedca420a8b8b43f68e&sub1={{ad.id}}&sub2={{adset.id}}&sub3={{campaign.id}}&sub4={{ad.name}}&sub5={{adset.name}}&sub6={{campaign.name}}&sub7={{site_source_name}}&sub9=Meta&ref_id={{fbclid}},
ND1029-1,Nordace Laval - Smart Backpack,,https://lp.nordace.com/dpalink/laval-smart-travel-backpack_black?utm_source=Facebook_DPA&utm_campaign={{campaign.name}}_{{adset.name}}&utm_medium={{adset.id}}&utm_content={{ad.id}}_{{ad.name}}&cmpid=69844dedca420a8b8b43f68e&sub1={{ad.id}}&sub2={{adset.id}}&sub3={{campaign.id}}&sub4={{ad.name}}&sub5={{adset.name}}&sub6={{campaign.name}}&sub7={{site_source_name}}&sub9=Meta&ref_id={{fbclid}},https://nordace.com/wp-content/uploads/2019/11/ND1029-1-1.jpg,,in stock,,,160 USD,109.99 USD,Backpacks & Wallets,100,,Nordace,ND1029-1-EN,yes,new,no,,Black,,,,,ND1029-GROUP,,,,,no,,,English,en,,,single,,,,,https://lp.nordace.com/dpalink/laval-smart-travel-backpack_black?utm_source=Facebook_DPA&utm_campaign={{campaign.name}}_{{adset.name}}&utm_medium={{adset.id}}&utm_content={{ad.id}}_{{ad.name}}&cmpid=69844dedca420a8b8b43f68e&sub1={{ad.id}}&sub2={{adset.id}}&sub3={{campaign.id}}&sub4={{ad.name}}&sub5={{adset.name}}&sub6={{campaign.name}}&sub7={{site_source_name}}&sub9=Meta&ref_id={{fbclid}},
ND1029-7,Nordace Laval - Smart Backpack,,https://lp.nordace.com/dpalink/laval-smart-travel-backpack_blue?utm_source=Facebook_DPA&utm_campaign={{campaign.name}}_{{adset.name}}&utm_medium={{adset.id}}&utm_content={{ad.id}}_{{ad.name}}&cmpid=69844dedca420a8b8b43f68e&sub1={{ad.id}}&sub2={{adset.id}}&sub3={{campaign.id}}&sub4={{ad.name}}&sub5={{adset.name}}&sub6={{campaign.name}}&sub7={{site_source_name}}&sub9=Meta&ref_id={{fbclid}},https://nordace.com/wp-content/uploads/2019/11/ND1029-7-1.jpg,,in stock,,,160 USD,109.99 USD,Backpacks & Wallets,100,,Nordace,ND1029-7-EN,yes,new,no,,Blue,,,,,ND1029-GROUP,,,,,no,,,English,en,,,single,,,,,https://lp.nordace.com/dpalink/laval-smart-travel-backpack_blue?utm_source=Facebook_DPA&utm_campaign={{campaign.name}}_{{adset.name}}&utm_medium={{adset.id}}&utm_content={{ad.id}}_{{ad.name}}&cmpid=69844dedca420a8b8b43f68e&sub1={{ad.id}}&sub2={{adset.id}}&sub3={{campaign.id}}&sub4={{ad.name}}&sub5={{adset.name}}&sub6={{campaign.name}}&sub7={{site_source_name}}&sub9=Meta&ref_id={{fbclid}},
ND1029-2,Nordace Laval - Smart Backpack,,https://lp.nordace.com/dpalink/laval-smart-travel-backpack_gray?utm_source=Facebook_DPA&utm_campaign={{campaign.name}}_{{adset.name}}&utm_medium={{adset.id}}&utm_content={{ad.id}}_{{ad.name}}&cmpid=69844dedca420a8b8b43f68e&sub1={{ad.id}}&sub2={{adset.id}}&sub3={{campaign.id}}&sub4={{ad.name}}&sub5={{adset.name}}&sub6={{campaign.name}}&sub7={{site_source_name}}&sub9=Meta&ref_id={{fbclid}},https://nordace.com/wp-content/uploads/2019/10/ND1029-2-front.jpg,,in stock,,,160 USD,109.99 USD,Backpacks & Wallets,100,,Nordace,ND1029-2-EN,yes,new,no,,Gray,,,,,ND1029-GROUP,,,,,no,,,English,en,,,single,,,,,https://lp.nordace.com/dpalink/laval-smart-travel-backpack_gray?utm_source=Facebook_DPA&utm_campaign={{campaign.name}}_{{adset.name}}&utm_medium={{adset.id}}&utm_content={{ad.id}}_{{ad.name}}&cmpid=69844dedca420a8b8b43f68e&sub1={{ad.id}}&sub2={{adset.id}}&sub3={{campaign.id}}&sub4={{ad.name}}&sub5={{adset.name}}&sub6={{campaign.name}}&sub7={{site_source_name}}&sub9=Meta&ref_id={{fbclid}},
ND1029-4,Nordace Laval - Smart Backpack,,https://lp.nordace.com/dpalink/laval-smart-travel-backpack_sky-blue?utm_source=Facebook_DPA&utm_campaign={{campaign.name}}_{{adset.name}}&utm_medium={{adset.id}}&utm_content={{ad.id}}_{{ad.name}}&cmpid=69844dedca420a8b8b43f68e&sub1={{ad.id}}&sub2={{adset.id}}&sub3={{campaign.id}}&sub4={{ad.name}}&sub5={{adset.name}}&sub6={{campaign.name}}&sub7={{site_source_name}}&sub9=Meta&ref_id={{fbclid}},https://nordace.com/wp-content/uploads/2019/10/ND1029-4-1.jpg,,in stock,,,160 USD,109.99 USD,Backpacks & Wallets,100,,Nordace,ND1029-4-EN,yes,new,no,,Sky Blue,,,,,ND1029-GROUP,,,,,no,,,English,en,,,single,,,,,https://lp.nordace.com/dpalink/laval-smart-travel-backpack_sky-blue?utm_source=Facebook_DPA&utm_campaign={{campaign.name}}_{{adset.name}}&utm_medium={{adset.id}}&utm_content={{ad.id}}_{{ad.name}}&cmpid=69844dedca420a8b8b43f68e&sub1={{ad.id}}&sub2={{adset.id}}&sub3={{campaign.id}}&sub4={{ad.name}}&sub5={{adset.name}}&sub6={{campaign.name}}&sub7={{site_source_name}}&sub9=Meta&ref_id={{fbclid}},
ND1014,Nordace Lightweight Water Repellent Umbrella,,https://lp.nordace.com/dpalink/nordace-lightweight-umbrella-lightweight-water-repellent-umbrella?utm_source=Facebook_DPA&utm_campaign={{campaign.name}}_{{adset.name}}&utm_medium={{adset.id}}&utm_content={{ad.id}}_{{ad.name}}&cmpid=69844dedca420a8b8b43f68e&sub1={{ad.id}}&sub2={{adset.id}}&sub3={{campaign.id}}&sub4={{ad.name}}&sub5={{adset.name}}&sub6={{campaign.name}}&sub7={{site_source_name}}&sub9=Meta&ref_id={{fbclid}},,,in stock,,,49.99 USD,,Backpacks & Wallets,100,,Nordace,ND1014-EN,yes,new,no,,,,,,,ND1014-GROUP,,,,,no,,,English,en,,,single,,,,,https://lp.nordace.com/dpalink/nordace-lightweight-umbrella-lightweight-water-repellent-umbrella?utm_source=Facebook_DPA&utm_campaign={{campaign.name}}_{{adset.name}}&utm_medium={{adset.id}}&utm_content={{ad.id}}_{{ad.name}}&cmpid=69844dedca420a8b8b43f68e&sub1={{ad.id}}&sub2={{adset.id}}&sub3={{campaign.id}}&sub4={{ad.name}}&sub5={{adset.name}}&sub6={{campaign.name}}&sub7={{site_source_name}}&sub9=Meta&ref_id={{fbclid}},
ND1014-7,Nordace Lightweight Water Repellent Umbrella,,https://lp.nordace.com/dpalink/nordace-lightweight-umbrella-lightweight-water-repellent-umbrella_navy-blue?utm_source=Facebook_DPA&utm_campaign={{campaign.name}}_{{adset.name}}&utm_medium={{adset.id}}&utm_content={{ad.id}}_{{ad.name}}&cmpid=69844dedca420a8b8b43f68e&sub1={{ad.id}}&sub2={{adset.id}}&sub3={{campaign.id}}&sub4={{ad.name}}&sub5={{adset.name}}&sub6={{campaign.name}}&sub7={{site_source_name}}&sub9=Meta&ref_id={{fbclid}},https://nordace.com/wp-content/uploads/2022/06/Water-Repellent-Umbrella-Navy-Blue-1.jpg,,in stock,,,49.99 USD,,Backpacks & Wallets,100,,Nordace,ND1014-7-EN,yes,new,no,,Navy Blue,,,,,ND1014-GROUP,,,,,no,,,English,en,,,single,,,,,https://lp.nordace.com/dpalink/nordace-lightweight-umbrella-lightweight-water-repellent-umbrella_navy-blue?utm_source=Facebook_DPA&utm_campaign={{campaign.name}}_{{adset.name}}&utm_medium={{adset.id}}&utm_content={{ad.id}}_{{ad.name}}&cmpid=69844dedca420a8b8b43f68e&sub1={{ad.id}}&sub2={{adset.id}}&sub3={{campaign.id}}&sub4={{ad.name}}&sub5={{adset.name}}&sub6={{campaign.name}}&sub7={{site_source_name}}&sub9=Meta&ref_id={{fbclid}},
ND1014-1,Nordace Lightweight Water Repellent Umbrella,,https://lp.nordace.com/dpalink/nordace-lightweight-umbrella-lightweight-water-repellent-umbrella_black?utm_source=Facebook_DPA&utm_campaign={{campaign.name}}_{{adset.name}}&utm_medium={{adset.id}}&utm_content={{ad.id}}_{{ad.name}}&cmpid=69844dedca420a8b8b43f68e&sub1={{ad.id}}&sub2={{adset.id}}&sub3={{campaign.id}}&sub4={{ad.name}}&sub5={{adset.name}}&sub6={{campaign.name}}&sub7={{site_source_name}}&sub9=Meta&ref_id={{fbclid}},https://nordace.com/wp-content/uploads/2023/11/ND1014-1-7.jpg,,in stock,,,49.99 USD,,Backpacks & Wallets,100,,Nordace,ND1014-1-EN,yes,new,no,,Black,,,,,ND1014-GROUP,,,,,no,,,English,en,,,single,,,,,https://lp.nordace.com/dpalink/nordace-lightweight-umbrella-lightweight-water-repellent-umbrella_black?utm_source=Facebook_DPA&utm_campaign={{campaign.name}}_{{adset.name}}&utm_medium={{adset.id}}&utm_content={{ad.id}}_{{ad.name}}&cmpid=69844dedca420a8b8b43f68e&sub1={{ad.id}}&sub2={{adset.id}}&sub3={{campaign.id}}&sub4={{ad.name}}&sub5={{adset.name}}&sub6={{campaign.name}}&sub7={{site_source_name}}&sub9=Meta&ref_id={{fbclid}},
ND1014-2,Nordace Lightweight Water Repellent Umbrella,,https://lp.nordace.com/dpalink/nordace-lightweight-umbrella-lightweight-water-repellent-umbrella_gray?utm_source=Facebook_DPA&utm_campaign={{campaign.name}}_{{adset.name}}&utm_medium={{adset.id}}&utm_content={{ad.id}}_{{ad.name}}&cmpid=69844dedca420a8b8b43f68e&sub1={{ad.id}}&sub2={{adset.id}}&sub3={{campaign.id}}&sub4={{ad.name}}&sub5={{adset.name}}&sub6={{campaign.name}}&sub7={{site_source_name}}&sub9=Meta&ref_id={{fbclid}},https://nordace.com/wp-content/uploads/2023/11/ND1014-2-8.jpg,,in stock,,,49.99 USD,,Backpacks & Wallets,100,,Nordace,ND1014-2-EN,yes,new,no,,Gray,,,,,ND1014-GROUP,,,,,no,,,English,en,,,single,,,,,https://lp.nordace.com/dpalink/nordace-lightweight-umbrella-lightweight-water-repellent-umbrella_gray?utm_source=Facebook_DPA&utm_campaign={{campaign.name}}_{{adset.name}}&utm_medium={{adset.id}}&utm_content={{ad.id}}_{{ad.name}}&cmpid=69844dedca420a8b8b43f68e&sub1={{ad.id}}&sub2={{adset.id}}&sub3={{campaign.id}}&sub4={{ad.name}}&sub5={{adset.name}}&sub6={{campaign.name}}&sub7={{site_source_name}}&sub9=Meta&ref_id={{fbclid}},
ND1014-4,Nordace Lightweight Water Repellent Umbrella,,https://lp.nordace.com/dpalink/nordace-lightweight-umbrella-lightweight-water-repellent-umbrella_blue?utm_source=Facebook_DPA&utm_campaign={{campaign.name}}_{{adset.name}}&utm_medium={{adset.id}}&utm_content={{ad.id}}_{{ad.name}}&cmpid=69844dedca420a8b8b43f68e&sub1={{ad.id}}&sub2={{adset.id}}&sub3={{campaign.id}}&sub4={{ad.name}}&sub5={{adset.name}}&sub6={{campaign.name}}&sub7={{site_source_name}}&sub9=Meta&ref_id={{fbclid}},https://nordace.com/wp-content/uploads/2019/05/ND1014-4-1.jpg,,in stock,,,49.99 USD,,Backpacks & Wallets,100,,Nordace,ND1014-4-EN,yes,new,no,,Blue,,,,,ND1014-GROUP,,,,,no,,,English,en,,,single,,,,,https://lp.nordace.com/dpalink/nordace-lightweight-umbrella-lightweight-water-repellent-umbrella_blue?utm_source=Facebook_DPA&utm_campaign={{campaign.name}}_{{adset.name}}&utm_medium={{adset.id}}&utm_content={{ad.id}}_{{ad.name}}&cmpid=69844dedca420a8b8b43f68e&sub1={{ad.id}}&sub2={{adset.id}}&sub3={{campaign.id}}&sub4={{ad.name}}&sub5={{adset.name}}&sub6={{campaign.name}}&sub7={{site_source_name}}&sub9=Meta&ref_id={{fbclid}},
ND1014-6,Nordace Lightweight Water Repellent Umbrella,,https://lp.nordace.com/dpalink/nordace-lightweight-umbrella-lightweight-water-repellent-umbrella_mint?utm_source=Facebook_DPA&utm_campaign={{campaign.name}}_{{adset.name}}&utm_medium={{adset.id}}&utm_content={{ad.id}}_{{ad.name}}&cmpid=69844dedca420a8b8b43f68e&sub1={{ad.id}}&sub2={{adset.id}}&sub3={{campaign.id}}&sub4={{ad.name}}&sub5={{adset.name}}&sub6={{campaign.name}}&sub7={{site_source_name}}&sub9=Meta&ref_id={{fbclid}},https://nordace.com/wp-content/uploads/2023/11/ND1014-6-7.jpg,,in stock,,,49.99 USD,,Backpacks & Wallets,100,,Nordace,ND1014-6-EN,yes,new,no,,Mint,,,,,ND1014-GROUP,,,,,no,,,English,en,,,single,,,,,https://lp.nordace.com/dpalink/nordace-lightweight-umbrella-lightweight-water-repellent-umbrella_mint?utm_source=Facebook_DPA&utm_campaign={{campaign.name}}_{{adset.name}}&utm_medium={{adset.id}}&utm_content={{ad.id}}_{{ad.name}}&cmpid=69844dedca420a8b8b43f68e&sub1={{ad.id}}&sub2={{adset.id}}&sub3={{campaign.id}}&sub4={{ad.name}}&sub5={{adset.name}}&sub6={{campaign.name}}&sub7={{site_source_name}}&sub9=Meta&ref_id={{fbclid}},
ML251950,Nordace Ellie Mini,,https://lp.nordace.com/dpalink/nordace-mini-ellie-10-tablet-small-backpack?utm_source=Facebook_DPA&utm_campaign={{campaign.name}}_{{adset.name}}&utm_medium={{adset.id}}&utm_content={{ad.id}}_{{ad.name}}&cmpid=69844dedca420a8b8b43f68e&sub1={{ad.id}}&sub2={{adset.id}}&sub3={{campaign.id}}&sub4={{ad.name}}&sub5={{adset.name}}&sub6={{campaign.name}}&sub7={{site_source_name}}&sub9=Meta&ref_id={{fbclid}},,,in stock,,,100 USD,49.99 USD,Backpacks & Wallets,100,,Nordace,ML251950-EN,yes,new,no,,,,,,,ML251950-GROUP,,,,,no,,,English,en,,,single,,,,,https://lp.nordace.com/dpalink/nordace-mini-ellie-10-tablet-small-backpack?utm_source=Facebook_DPA&utm_campaign={{campaign.name}}_{{adset.name}}&utm_medium={{adset.id}}&utm_content={{ad.id}}_{{ad.name}}&cmpid=69844dedca420a8b8b43f68e&sub1={{ad.id}}&sub2={{adset.id}}&sub3={{campaign.id}}&sub4={{ad.name}}&sub5={{adset.name}}&sub6={{campaign.name}}&sub7={{site_source_name}}&sub9=Meta&ref_id={{fbclid}},
ML25195013,Nordace Ellie Mini,,https://lp.nordace.com/dpalink/nordace-mini-ellie-10-tablet-small-backpack_blue?utm_source=Facebook_DPA&utm_campaign={{campaign.name}}_{{adset.name}}&utm_medium={{adset.id}}&utm_content={{ad.id}}_{{ad.name}}&cmpid=69844dedca420a8b8b43f68e&sub1={{ad.id}}&sub2={{adset.id}}&sub3={{campaign.id}}&sub4={{ad.name}}&sub5={{adset.name}}&sub6={{campaign.name}}&sub7={{site_source_name}}&sub9=Meta&ref_id={{fbclid}},https://nordace.com/wp-content/uploads/2020/03/Ellie-Mini-Blue-1.jpg,,in stock,,,100 USD,49.99 USD,Backpacks & Wallets,100,,Nordace,ML25195013-EN,yes,new,no,,Blue,,,,,ML251950-GROUP,,,,,no,,,English,en,,,single,,,,,https://lp.nordace.com/dpalink/nordace-mini-ellie-10-tablet-small-backpack_blue?utm_source=Facebook_DPA&utm_campaign={{campaign.name}}_{{adset.name}}&utm_medium={{adset.id}}&utm_content={{ad.id}}_{{ad.name}}&cmpid=69844dedca420a8b8b43f68e&sub1={{ad.id}}&sub2={{adset.id}}&sub3={{campaign.id}}&sub4={{ad.name}}&sub5={{adset.name}}&sub6={{campaign.name}}&sub7={{site_source_name}}&sub9=Meta&ref_id={{fbclid}},
ML25195012,Nordace Ellie Mini,,https://lp.nordace.com/dpalink/nordace-mini-ellie-10-tablet-small-backpack_red?utm_source=Facebook_DPA&utm_campaign={{campaign.name}}_{{adset.name}}&utm_medium={{adset.id}}&utm_content={{ad.id}}_{{ad.name}}&cmpid=69844dedca420a8b8b43f68e&sub1={{ad.id}}&sub2={{adset.id}}&sub3={{campaign.id}}&sub4={{ad.name}}&sub5={{adset.name}}&sub6={{campaign.name}}&sub7={{site_source_name}}&sub9=Meta&ref_id={{fbclid}},https://nordace.com/wp-content/uploads/2020/03/Ellie-Mini-Red-1.jpg,,in stock,,,100 USD,49.99 USD,Backpacks & Wallets,100,,Nordace,ML25195012-EN,yes,new,no,,Red,,,,,ML251950-GROUP,,,,,no,,,English,en,,,single,,,,,https://lp.nordace.com/dpalink/nordace-mini-ellie-10-tablet-small-backpack_red?utm_source=Facebook_DPA&utm_campaign={{campaign.name}}_{{adset.name}}&utm_medium={{adset.id}}&utm_content={{ad.id}}_{{ad.name}}&cmpid=69844dedca420a8b8b43f68e&sub1={{ad.id}}&sub2={{adset.id}}&sub3={{campaign.id}}&sub4={{ad.name}}&sub5={{adset.name}}&sub6={{campaign.name}}&sub7={{site_source_name}}&sub9=Meta&ref_id={{fbclid}},
ML25195024,Nordace Ellie Mini,,https://lp.nordace.com/dpalink/nordace-mini-ellie-10-tablet-small-backpack_ash-gray?utm_source=Facebook_DPA&utm_campaign={{campaign.name}}_{{adset.name}}&utm_medium={{adset.id}}&utm_content={{ad.id}}_{{ad.name}}&cmpid=69844dedca420a8b8b43f68e&sub1={{ad.id}}&sub2={{adset.id}}&sub3={{campaign.id}}&sub4={{ad.name}}&sub5={{adset.name}}&sub6={{campaign.name}}&sub7={{site_source_name}}&sub9=Meta&ref_id={{fbclid}},https://nordace.com/wp-content/uploads/2022/04/Mini-Ellie-Light-Gray-1.jpg,,in stock,,,100 USD,49.99 USD,Backpacks & Wallets,100,,Nordace,ML25195024-EN,yes,new,no,,Ash Gray,,,,,ML251950-GROUP,,,,,no,,,English,en,,,single,,,,,https://lp.nordace.com/dpalink/nordace-mini-ellie-10-tablet-small-backpack_ash-gray?utm_source=Facebook_DPA&utm_campaign={{campaign.name}}_{{adset.name}}&utm_medium={{adset.id}}&utm_content={{ad.id}}_{{ad.name}}&cmpid=69844dedca420a8b8b43f68e&sub1={{ad.id}}&sub2={{adset.id}}&sub3={{campaign.id}}&sub4={{ad.name}}&sub5={{adset.name}}&sub6={{campaign.name}}&sub7={{site_source_name}}&sub9=Meta&ref_id={{fbclid}},
ML25195039,Nordace Ellie Mini,,https://lp.nordace.com/dpalink/nordace-mini-ellie-10-tablet-small-backpack_sage?utm_source=Facebook_DPA&utm_campaign={{campaign.name}}_{{adset.name}}&utm_medium={{adset.id}}&utm_content={{ad.id}}_{{ad.name}}&cmpid=69844dedca420a8b8b43f68e&sub1={{ad.id}}&sub2={{adset.id}}&sub3={{campaign.id}}&sub4={{ad.name}}&sub5={{adset.name}}&sub6={{campaign.name}}&sub7={{site_source_name}}&sub9=Meta&ref_id={{fbclid}},https://nordace.com/wp-content/uploads/2022/04/MIni-Ellie-Sage-1.jpg,,in stock,,,100 USD,49.99 USD,Backpacks & Wallets,100,,Nordace,ML25195039-EN,yes,new,no,,Sage,,,,,ML251950-GROUP,,,,,no,,,English,en,,,single,,,,,https://lp.nordace.com/dpalink/nordace-mini-ellie-10-tablet-small-backpack_sage?utm_source=Facebook_DPA&utm_campaign={{campaign.name}}_{{adset.name}}&utm_medium={{adset.id}}&utm_content={{ad.id}}_{{ad.name}}&cmpid=69844dedca420a8b8b43f68e&sub1={{ad.id}}&sub2={{adset.id}}&sub3={{campaign.id}}&sub4={{ad.name}}&sub5={{adset.name}}&sub6={{campaign.name}}&sub7={{site_source_name}}&sub9=Meta&ref_id={{fbclid}},
ML25195040,Nordace Ellie Mini,,https://lp.nordace.com/dpalink/nordace-mini-ellie-10-tablet-small-backpack_sky-blue?utm_source=Facebook_DPA&utm_campaign={{campaign.name}}_{{adset.name}}&utm_medium={{adset.id}}&utm_content={{ad.id}}_{{ad.name}}&cmpid=69844dedca420a8b8b43f68e&sub1={{ad.id}}&sub2={{adset.id}}&sub3={{campaign.id}}&sub4={{ad.name}}&sub5={{adset.name}}&sub6={{campaign.name}}&sub7={{site_source_name}}&sub9=Meta&ref_id={{fbclid}},https://nordace.com/wp-content/uploads/2022/04/Mini-Ellie-Sky-Blue-1.jpg,,in stock,,,100 USD,49.99 USD,Backpacks & Wallets,100,,Nordace,ML25195040-EN,yes,new,no,,Sky Blue,,,,,ML251950-GROUP,,,,,no,,,English,en,,,single,,,,,https://lp.nordace.com/dpalink/nordace-mini-ellie-10-tablet-small-backpack_sky-blue?utm_source=Facebook_DPA&utm_campaign={{campaign.name}}_{{adset.name}}&utm_medium={{adset.id}}&utm_content={{ad.id}}_{{ad.name}}&cmpid=69844dedca420a8b8b43f68e&sub1={{ad.id}}&sub2={{adset.id}}&sub3={{campaign.id}}&sub4={{ad.name}}&sub5={{adset.name}}&sub6={{campaign.name}}&sub7={{site_source_name}}&sub9=Meta&ref_id={{fbclid}},
ND1027,Nordace Eliz - Daily & Travel Backpack,,https://lp.nordace.com/dpalink/nordace-eliz-smart-backpack?utm_source=Facebook_DPA&utm_campaign={{campaign.name}}_{{adset.name}}&utm_medium={{adset.id}}&utm_content={{ad.id}}_{{ad.name}}&cmpid=69844dedca420a8b8b43f68e&sub1={{ad.id}}&sub2={{adset.id}}&sub3={{campaign.id}}&sub4={{ad.name}}&sub5={{adset.name}}&sub6={{campaign.name}}&sub7={{site_source_name}}&sub9=Meta&ref_id={{fbclid}},,,in stock,,,149 USD,79.99 USD,Backpacks & Wallets,100,,Nordace,ND1027-EN,yes,new,no,,,,,,,ND1027-GROUP,,,,,no,,,English,en,,,single,,,,,https://lp.nordace.com/dpalink/nordace-eliz-smart-backpack?utm_source=Facebook_DPA&utm_campaign={{campaign.name}}_{{adset.name}}&utm_medium={{adset.id}}&utm_content={{ad.id}}_{{ad.name}}&cmpid=69844dedca420a8b8b43f68e&sub1={{ad.id}}&sub2={{adset.id}}&sub3={{campaign.id}}&sub4={{ad.name}}&sub5={{adset.name}}&sub6={{campaign.name}}&sub7={{site_source_name}}&sub9=Meta&ref_id={{fbclid}},
ND1027-6,Nordace Eliz - Daily & Travel Backpack,,https://lp.nordace.com/dpalink/nordace-eliz-smart-backpack_kelp?utm_source=Facebook_DPA&utm_campaign={{campaign.name}}_{{adset.name}}&utm_medium={{adset.id}}&utm_content={{ad.id}}_{{ad.name}}&cmpid=69844dedca420a8b8b43f68e&sub1={{ad.id}}&sub2={{adset.id}}&sub3={{campaign.id}}&sub4={{ad.name}}&sub5={{adset.name}}&sub6={{campaign.name}}&sub7={{site_source_name}}&sub9=Meta&ref_id={{fbclid}},https://nordace.com/wp-content/uploads/2020/08/Eliz_Backpack_6-1.jpg,,in stock,,,149 USD,79.99 USD,Backpacks & Wallets,100,,Nordace,ND1027-6-EN,yes,new,no,,Kelp,,,,,ND1027-GROUP,,,,,no,,,English,en,,,single,,,,,https://lp.nordace.com/dpalink/nordace-eliz-smart-backpack_kelp?utm_source=Facebook_DPA&utm_campaign={{campaign.name}}_{{adset.name}}&utm_medium={{adset.id}}&utm_content={{ad.id}}_{{ad.name}}&cmpid=69844dedca420a8b8b43f68e&sub1={{ad.id}}&sub2={{adset.id}}&sub3={{campaign.id}}&sub4={{ad.name}}&sub5={{adset.name}}&sub6={{campaign.name}}&sub7={{site_source_name}}&sub9=Meta&ref_id={{fbclid}},
ND1027-7,Nordace Eliz - Daily & Travel Backpack,,https://lp.nordace.com/dpalink/nordace-eliz-smart-backpack_blue?utm_source=Facebook_DPA&utm_campaign={{campaign.name}}_{{adset.name}}&utm_medium={{adset.id}}&utm_content={{ad.id}}_{{ad.name}}&cmpid=69844dedca420a8b8b43f68e&sub1={{ad.id}}&sub2={{adset.id}}&sub3={{campaign.id}}&sub4={{ad.name}}&sub5={{adset.name}}&sub6={{campaign.name}}&sub7={{site_source_name}}&sub9=Meta&ref_id={{fbclid}},https://nordace.com/wp-content/uploads/2020/08/Eliz_Backpack_7-1.jpg,,in stock,,,149 USD,79.99 USD,Backpacks & Wallets,100,,Nordace,ND1027-7-EN,yes,new,no,,Blue,,,,,ND1027-GROUP,,,,,no,,,English,en,,,single,,,,,https://lp.nordace.com/dpalink/nordace-eliz-smart-backpack_blue?utm_source=Facebook_DPA&utm_campaign={{campaign.name}}_{{adset.name}}&utm_medium={{adset.id}}&utm_content={{ad.id}}_{{ad.name}}&cmpid=69844dedca420a8b8b43f68e&sub1={{ad.id}}&sub2={{adset.id}}&sub3={{campaign.id}}&sub4={{ad.name}}&sub5={{adset.name}}&sub6={{campaign.name}}&sub7={{site_source_name}}&sub9=Meta&ref_id={{fbclid}},
ND1077,Nordace Zesty Insulated Water Bottle 500ml,,https://lp.nordace.com/dpalink/nordace-zesty-insulated-water-bottle-500ml?utm_source=Facebook_DPA&utm_campaign={{campaign.name}}_{{adset.name}}&utm_medium={{adset.id}}&utm_content={{ad.id}}_{{ad.name}}&cmpid=69844dedca420a8b8b43f68e&sub1={{ad.id}}&sub2={{adset.id}}&sub3={{campaign.id}}&sub4={{ad.name}}&sub5={{adset.name}}&sub6={{campaign.name}}&sub7={{site_source_name}}&sub9=Meta&ref_id={{fbclid}},,,in stock,,,29.99 USD,,Backpacks & Wallets,100,,Nordace,ND1077-EN,yes,new,no,,,,,,,ND1077-GROUP,,,,,no,,,English,en,,,single,,,,,https://lp.nordace.com/dpalink/nordace-zesty-insulated-water-bottle-500ml?utm_source=Facebook_DPA&utm_campaign={{campaign.name}}_{{adset.name}}&utm_medium={{adset.id}}&utm_content={{ad.id}}_{{ad.name}}&cmpid=69844dedca420a8b8b43f68e&sub1={{ad.id}}&sub2={{adset.id}}&sub3={{campaign.id}}&sub4={{ad.name}}&sub5={{adset.name}}&sub6={{campaign.name}}&sub7={{site_source_name}}&sub9=Meta&ref_id={{fbclid}},
ND1077-1,Nordace Zesty Insulated Water Bottle 500ml,,https://lp.nordace.com/dpalink/nordace-zesty-insulated-water-bottle-500ml_black?utm_source=Facebook_DPA&utm_campaign={{campaign.name}}_{{adset.name}}&utm_medium={{adset.id}}&utm_content={{ad.id}}_{{ad.name}}&cmpid=69844dedca420a8b8b43f68e&sub1={{ad.id}}&sub2={{adset.id}}&sub3={{campaign.id}}&sub4={{ad.name}}&sub5={{adset.name}}&sub6={{campaign.name}}&sub7={{site_source_name}}&sub9=Meta&ref_id={{fbclid}},https://nordace.com/wp-content/uploads/2021/03/Zesty-Insulated-Water-Bottle-Black-1.jpg,,in stock,,,29.99 USD,,Backpacks & Wallets,100,,Nordace,ND1077-1-EN,yes,new,no,,Black,,,,,ND1077-GROUP,,,,,no,,,English,en,,,single,,,,,https://lp.nordace.com/dpalink/nordace-zesty-insulated-water-bottle-500ml_black?utm_source=Facebook_DPA&utm_campaign={{campaign.name}}_{{adset.name}}&utm_medium={{adset.id}}&utm_content={{ad.id}}_{{ad.name}}&cmpid=69844dedca420a8b8b43f68e&sub1={{ad.id}}&sub2={{adset.id}}&sub3={{campaign.id}}&sub4={{ad.name}}&sub5={{adset.name}}&sub6={{campaign.name}}&sub7={{site_source_name}}&sub9=Meta&ref_id={{fbclid}},
ND1077-4,Nordace Zesty Insulated Water Bottle 500ml,,https://lp.nordace.com/dpalink/nordace-zesty-insulated-water-bottle-500ml_blue?utm_source=Facebook_DPA&utm_campaign={{campaign.name}}_{{adset.name}}&utm_medium={{adset.id}}&utm_content={{ad.id}}_{{ad.name}}&cmpid=69844dedca420a8b8b43f68e&sub1={{ad.id}}&sub2={{adset.id}}&sub3={{campaign.id}}&sub4={{ad.name}}&sub5={{adset.name}}&sub6={{campaign.name}}&sub7={{site_source_name}}&sub9=Meta&ref_id={{fbclid}},https://nordace.com/wp-content/uploads/2021/03/ND1077-4-1.jpg,,in stock,,,29.99 USD,,Backpacks & Wallets,100,,Nordace,ND1077-4-EN,yes,new,no,,Blue,,,,,ND1077-GROUP,,,,,no,,,English,en,,,single,,,,,https://lp.nordace.com/dpalink/nordace-zesty-insulated-water-bottle-500ml_blue?utm_source=Facebook_DPA&utm_campaign={{campaign.name}}_{{adset.name}}&utm_medium={{adset.id}}&utm_content={{ad.id}}_{{ad.name}}&cmpid=69844dedca420a8b8b43f68e&sub1={{ad.id}}&sub2={{adset.id}}&sub3={{campaign.id}}&sub4={{ad.name}}&sub5={{adset.name}}&sub6={{campaign.name}}&sub7={{site_source_name}}&sub9=Meta&ref_id={{fbclid}},
ND1077-36,Nordace Zesty Insulated Water Bottle 500ml,,https://lp.nordace.com/dpalink/nordace-zesty-insulated-water-bottle-500ml_mint?utm_source=Facebook_DPA&utm_campaign={{campaign.name}}_{{adset.name}}&utm_medium={{adset.id}}&utm_content={{ad.id}}_{{ad.name}}&cmpid=69844dedca420a8b8b43f68e&sub1={{ad.id}}&sub2={{adset.id}}&sub3={{campaign.id}}&sub4={{ad.name}}&sub5={{adset.name}}&sub6={{campaign.name}}&sub7={{site_source_name}}&sub9=Meta&ref_id={{fbclid}},https://nordace.com/wp-content/uploads/2021/07/Zesty-Insulated-Water-Bottle-Mint-1.jpg,,in stock,,,29.99 USD,,Backpacks & Wallets,100,,Nordace,ND1077-36-EN,yes,new,no,,Mint,,,,,ND1077-GROUP,,,,,no,,,English,en,,,single,,,,,https://lp.nordace.com/dpalink/nordace-zesty-insulated-water-bottle-500ml_mint?utm_source=Facebook_DPA&utm_campaign={{campaign.name}}_{{adset.name}}&utm_medium={{adset.id}}&utm_content={{ad.id}}_{{ad.name}}&cmpid=69844dedca420a8b8b43f68e&sub1={{ad.id}}&sub2={{adset.id}}&sub3={{campaign.id}}&sub4={{ad.name}}&sub5={{adset.name}}&sub6={{campaign.name}}&sub7={{site_source_name}}&sub9=Meta&ref_id={{fbclid}},
ND1077-6,Nordace Zesty Insulated Water Bottle 500ml,,https://lp.nordace.com/dpalink/nordace-zesty-insulated-water-bottle-500ml_green?utm_source=Facebook_DPA&utm_campaign={{campaign.name}}_{{adset.name}}&utm_medium={{adset.id}}&utm_content={{ad.id}}_{{ad.name}}&cmpid=69844dedca420a8b8b43f68e&sub1={{ad.id}}&sub2={{adset.id}}&sub3={{campaign.id}}&sub4={{ad.name}}&sub5={{adset.name}}&sub6={{campaign.name}}&sub7={{site_source_name}}&sub9=Meta&ref_id={{fbclid}},https://nordace.com/wp-content/uploads/2021/07/Zesty-Insulated-Water-Bottle-Green-1-1.jpg,,in stock,,,29.99 USD,,Backpacks & Wallets,100,,Nordace,ND1077-6-EN,yes,new,no,,Green,,,,,ND1077-GROUP,,,,,no,,,English,en,,,single,,,,,https://lp.nordace.com/dpalink/nordace-zesty-insulated-water-bottle-500ml_green?utm_source=Facebook_DPA&utm_campaign={{campaign.name}}_{{adset.name}}&utm_medium={{adset.id}}&utm_content={{ad.id}}_{{ad.name}}&cmpid=69844dedca420a8b8b43f68e&sub1={{ad.id}}&sub2={{adset.id}}&sub3={{campaign.id}}&sub4={{ad.name}}&sub5={{adset.name}}&sub6={{campaign.name}}&sub7={{site_source_name}}&sub9=Meta&ref_id={{fbclid}},
ND1077-25,Nordace Zesty Insulated Water Bottle 500ml,,https://lp.nordace.com/dpalink/nordace-zesty-insulated-water-bottle-500ml_light-green?utm_source=Facebook_DPA&utm_campaign={{campaign.name}}_{{adset.name}}&utm_medium={{adset.id}}&utm_content={{ad.id}}_{{ad.name}}&cmpid=69844dedca420a8b8b43f68e&sub1={{ad.id}}&sub2={{adset.id}}&sub3={{campaign.id}}&sub4={{ad.name}}&sub5={{adset.name}}&sub6={{campaign.name}}&sub7={{site_source_name}}&sub9=Meta&ref_id={{fbclid}},https://nordace.com/wp-content/uploads/2022/07/Zesty-Insulated-Water-Bottle-LIght-Green-1.jpg,,in stock,,,29.99 USD,,Backpacks & Wallets,100,,Nordace,ND1077-25-EN,yes,new,no,,Light Green,,,,,ND1077-GROUP,,,,,no,,,English,en,,,single,,,,,https://lp.nordace.com/dpalink/nordace-zesty-insulated-water-bottle-500ml_light-green?utm_source=Facebook_DPA&utm_campaign={{campaign.name}}_{{adset.name}}&utm_medium={{adset.id}}&utm_content={{ad.id}}_{{ad.name}}&cmpid=69844dedca420a8b8b43f68e&sub1={{ad.id}}&sub2={{adset.id}}&sub3={{campaign.id}}&sub4={{ad.name}}&sub5={{adset.name}}&sub6={{campaign.name}}&sub7={{site_source_name}}&sub9=Meta&ref_id={{fbclid}},
ND1077-28,Nordace Zesty Insulated Water Bottle 500ml,,https://lp.nordace.com/dpalink/nordace-zesty-insulated-water-bottle-500ml_pink?utm_source=Facebook_DPA&utm_campaign={{campaign.name}}_{{adset.name}}&utm_medium={{adset.id}}&utm_content={{ad.id}}_{{ad.name}}&cmpid=69844dedca420a8b8b43f68e&sub1={{ad.id}}&sub2={{adset.id}}&sub3={{campaign.id}}&sub4={{ad.name}}&sub5={{adset.name}}&sub6={{campaign.name}}&sub7={{site_source_name}}&sub9=Meta&ref_id={{fbclid}},https://nordace.com/wp-content/uploads/2022/07/Zesty-Insulated-Water-Bottle-Rose-1.jpg,,in stock,,,29.99 USD,,Backpacks & Wallets,100,,Nordace,ND1077-28-EN,yes,new,no,,Pink,,,,,ND1077-GROUP,,,,,no,,,English,en,,,single,,,,,https://lp.nordace.com/dpalink/nordace-zesty-insulated-water-bottle-500ml_pink?utm_source=Facebook_DPA&utm_campaign={{campaign.name}}_{{adset.name}}&utm_medium={{adset.id}}&utm_content={{ad.id}}_{{ad.name}}&cmpid=69844dedca420a8b8b43f68e&sub1={{ad.id}}&sub2={{adset.id}}&sub3={{campaign.id}}&sub4={{ad.name}}&sub5={{adset.name}}&sub6={{campaign.name}}&sub7={{site_source_name}}&sub9=Meta&ref_id={{fbclid}},
ND1077-5,Nordace Zesty Insulated Water Bottle 500ml,,https://lp.nordace.com/dpalink/nordace-zesty-insulated-water-bottle-500ml_beige?utm_source=Facebook_DPA&utm_campaign={{campaign.name}}_{{adset.name}}&utm_medium={{adset.id}}&utm_content={{ad.id}}_{{ad.name}}&cmpid=69844dedca420a8b8b43f68e&sub1={{ad.id}}&sub2={{adset.id}}&sub3={{campaign.id}}&sub4={{ad.name}}&sub5={{adset.name}}&sub6={{campaign.name}}&sub7={{site_source_name}}&sub9=Meta&ref_id={{fbclid}},https://nordace.com/wp-content/uploads/2022/07/Zesty-Insulated-Water-Bottle-Beige-1.jpg,,in stock,,,29.99 USD,,Backpacks & Wallets,100,,Nordace,ND1077-5-EN,yes,new,no,,Beige,,,,,ND1077-GROUP,,,,,no,,,English,en,,,single,,,,,https://lp.nordace.com/dpalink/nordace-zesty-insulated-water-bottle-500ml_beige?utm_source=Facebook_DPA&utm_campaign={{campaign.name}}_{{adset.name}}&utm_medium={{adset.id}}&utm_content={{ad.id}}_{{ad.name}}&cmpid=69844dedca420a8b8b43f68e&sub1={{ad.id}}&sub2={{adset.id}}&sub3={{campaign.id}}&sub4={{ad.name}}&sub5={{adset.name}}&sub6={{campaign.name}}&sub7={{site_source_name}}&sub9=Meta&ref_id={{fbclid}},
ND1077-8,Nordace Zesty Insulated Water Bottle 500ml,,https://lp.nordace.com/dpalink/nordace-zesty-insulated-water-bottle-500ml_rose?utm_source=Facebook_DPA&utm_campaign={{campaign.name}}_{{adset.name}}&utm_medium={{adset.id}}&utm_content={{ad.id}}_{{ad.name}}&cmpid=69844dedca420a8b8b43f68e&sub1={{ad.id}}&sub2={{adset.id}}&sub3={{campaign.id}}&sub4={{ad.name}}&sub5={{adset.name}}&sub6={{campaign.name}}&sub7={{site_source_name}}&sub9=Meta&ref_id={{fbclid}},https://nordace.com/wp-content/uploads/2022/07/Zesty-Insulated-Water-Bottle-Pink-1.jpg,,in stock,,,29.99 USD,,Backpacks & Wallets,100,,Nordace,ND1077-8-EN,yes,new,no,,Rose,,,,,ND1077-GROUP,,,,,no,,,English,en,,,single,,,,,https://lp.nordace.com/dpalink/nordace-zesty-insulated-water-bottle-500ml_rose?utm_source=Facebook_DPA&utm_campaign={{campaign.name}}_{{adset.name}}&utm_medium={{adset.id}}&utm_content={{ad.id}}_{{ad.name}}&cmpid=69844dedca420a8b8b43f68e&sub1={{ad.id}}&sub2={{adset.id}}&sub3={{campaign.id}}&sub4={{ad.name}}&sub5={{adset.name}}&sub6={{campaign.name}}&sub7={{site_source_name}}&sub9=Meta&ref_id={{fbclid}},
ND1077-9,Nordace Zesty Insulated Water Bottle 500ml,,https://lp.nordace.com/dpalink/nordace-zesty-insulated-water-bottle-500ml_light-purple?utm_source=Facebook_DPA&utm_campaign={{campaign.name}}_{{adset.name}}&utm_medium={{adset.id}}&utm_content={{ad.id}}_{{ad.name}}&cmpid=69844dedca420a8b8b43f68e&sub1={{ad.id}}&sub2={{adset.id}}&sub3={{campaign.id}}&sub4={{ad.name}}&sub5={{adset.name}}&sub6={{campaign.name}}&sub7={{site_source_name}}&sub9=Meta&ref_id={{fbclid}},https://nordace.com/wp-content/uploads/2024/03/6G8A0890.jpg,,in stock,,,29.99 USD,,Backpacks & Wallets,100,,Nordace,ND1077-9-EN,yes,new,no,,Light Purple,,,,,ND1077-GROUP,,,,,no,,,English,en,,,single,,,,,https://lp.nordace.com/dpalink/nordace-zesty-insulated-water-bottle-500ml_light-purple?utm_source=Facebook_DPA&utm_campaign={{campaign.name}}_{{adset.name}}&utm_medium={{adset.id}}&utm_content={{ad.id}}_{{ad.name}}&cmpid=69844dedca420a8b8b43f68e&sub1={{ad.id}}&sub2={{adset.id}}&sub3={{campaign.id}}&sub4={{ad.name}}&sub5={{adset.name}}&sub6={{campaign.name}}&sub7={{site_source_name}}&sub9=Meta&ref_id={{fbclid}},
ND1077-20,Nordace Zesty Insulated Water Bottle 500ml,,https://lp.nordace.com/dpalink/nordace-zesty-insulated-water-bottle-500ml_sky-blue?utm_source=Facebook_DPA&utm_campaign={{campaign.name}}_{{adset.name}}&utm_medium={{adset.id}}&utm_content={{ad.id}}_{{ad.name}}&cmpid=69844dedca420a8b8b43f68e&sub1={{ad.id}}&sub2={{adset.id}}&sub3={{campaign.id}}&sub4={{ad.name}}&sub5={{adset.name}}&sub6={{campaign.name}}&sub7={{site_source_name}}&sub9=Meta&ref_id={{fbclid}},https://nordace.com/wp-content/uploads/2024/03/ND1077-20-1.jpg,,in stock,,,29.99 USD,,Backpacks & Wallets,100,,Nordace,ND1077-20-EN,yes,new,no,,Sky Blue,,,,,ND1077-GROUP,,,,,no,,,English,en,,,single,,,,,https://lp.nordace.com/dpalink/nordace-zesty-insulated-water-bottle-500ml_sky-blue?utm_source=Facebook_DPA&utm_campaign={{campaign.name}}_{{adset.name}}&utm_medium={{adset.id}}&utm_content={{ad.id}}_{{ad.name}}&cmpid=69844dedca420a8b8b43f68e&sub1={{ad.id}}&sub2={{adset.id}}&sub3={{campaign.id}}&sub4={{ad.name}}&sub5={{adset.name}}&sub6={{campaign.name}}&sub7={{site_source_name}}&sub9=Meta&ref_id={{fbclid}},
ND1077-7,Nordace Zesty Insulated Water Bottle 500ml,,https://lp.nordace.com/dpalink/nordace-zesty-insulated-water-bottle-500ml_navy-blue?utm_source=Facebook_DPA&utm_campaign={{campaign.name}}_{{adset.name}}&utm_medium={{adset.id}}&utm_content={{ad.id}}_{{ad.name}}&cmpid=69844dedca420a8b8b43f68e&sub1={{ad.id}}&sub2={{adset.id}}&sub3={{campaign.id}}&sub4={{ad.name}}&sub5={{adset.name}}&sub6={{campaign.name}}&sub7={{site_source_name}}&sub9=Meta&ref_id={{fbclid}},https://nordace.com/wp-content/uploads/2024/03/6G8A0898-1.jpg,,in stock,,,29.99 USD,,Backpacks & Wallets,100,,Nordace,ND1077-7-EN,yes,new,no,,Navy Blue,,,,,ND1077-GROUP,,,,,no,,,English,en,,,single,,,,,https://lp.nordace.com/dpalink/nordace-zesty-insulated-water-bottle-500ml_navy-blue?utm_source=Facebook_DPA&utm_campaign={{campaign.name}}_{{adset.name}}&utm_medium={{adset.id}}&utm_content={{ad.id}}_{{ad.name}}&cmpid=69844dedca420a8b8b43f68e&sub1={{ad.id}}&sub2={{adset.id}}&sub3={{campaign.id}}&sub4={{ad.name}}&sub5={{adset.name}}&sub6={{campaign.name}}&sub7={{site_source_name}}&sub9=Meta&ref_id={{fbclid}},
ND1077-2,Nordace Zesty Insulated Water Bottle 500ml,,https://lp.nordace.com/dpalink/nordace-zesty-insulated-water-bottle-500ml_gray?utm_source=Facebook_DPA&utm_campaign={{campaign.name}}_{{adset.name}}&utm_medium={{adset.id}}&utm_content={{ad.id}}_{{ad.name}}&cmpid=69844dedca420a8b8b43f68e&sub1={{ad.id}}&sub2={{adset.id}}&sub3={{campaign.id}}&sub4={{ad.name}}&sub5={{adset.name}}&sub6={{campaign.name}}&sub7={{site_source_name}}&sub9=Meta&ref_id={{fbclid}},https://nordace.com/wp-content/uploads/2024/03/ND1077-21-1.jpg,,in stock,,,29.99 USD,,Backpacks & Wallets,100,,Nordace,ND1077-2-EN,yes,new,no,,Gray,,,,,ND1077-GROUP,,,,,no,,,English,en,,,single,,,,,https://lp.nordace.com/dpalink/nordace-zesty-insulated-water-bottle-500ml_gray?utm_source=Facebook_DPA&utm_campaign={{campaign.name}}_{{adset.name}}&utm_medium={{adset.id}}&utm_content={{ad.id}}_{{ad.name}}&cmpid=69844dedca420a8b8b43f68e&sub1={{ad.id}}&sub2={{adset.id}}&sub3={{campaign.id}}&sub4={{ad.name}}&sub5={{adset.name}}&sub6={{campaign.name}}&sub7={{site_source_name}}&sub9=Meta&ref_id={{fbclid}},
ML25149,Nordace Nelson - Smart Travel Backpack,,https://lp.nordace.com/dpalink/nordace-nelson-smart-travel-backpack?utm_source=Facebook_DPA&utm_campaign={{campaign.name}}_{{adset.name}}&utm_medium={{adset.id}}&utm_content={{ad.id}}_{{ad.name}}&cmpid=69844dedca420a8b8b43f68e&sub1={{ad.id}}&sub2={{adset.id}}&sub3={{campaign.id}}&sub4={{ad.name}}&sub5={{adset.name}}&sub6={{campaign.name}}&sub7={{site_source_name}}&sub9=Meta&ref_id={{fbclid}},,,in stock,,,119 USD,79.9 USD,Backpacks & Wallets,100,,Nordace,ML25149-EN,yes,new,no,,,,,,,ML25149-GROUP,,,,,no,,,English,en,,,single,,,,,https://lp.nordace.com/dpalink/nordace-nelson-smart-travel-backpack?utm_source=Facebook_DPA&utm_campaign={{campaign.name}}_{{adset.name}}&utm_medium={{adset.id}}&utm_content={{ad.id}}_{{ad.name}}&cmpid=69844dedca420a8b8b43f68e&sub1={{ad.id}}&sub2={{adset.id}}&sub3={{campaign.id}}&sub4={{ad.name}}&sub5={{adset.name}}&sub6={{campaign.name}}&sub7={{site_source_name}}&sub9=Meta&ref_id={{fbclid}},
ML251492,Nordace Nelson - Smart Travel Backpack,,https://lp.nordace.com/dpalink/nordace-nelson-smart-travel-backpack_black?utm_source=Facebook_DPA&utm_campaign={{campaign.name}}_{{adset.name}}&utm_medium={{adset.id}}&utm_content={{ad.id}}_{{ad.name}}&cmpid=69844dedca420a8b8b43f68e&sub1={{ad.id}}&sub2={{adset.id}}&sub3={{campaign.id}}&sub4={{ad.name}}&sub5={{adset.name}}&sub6={{campaign.name}}&sub7={{site_source_name}}&sub9=Meta&ref_id={{fbclid}},https://nordace.com/wp-content/uploads/2019/01/Nelson_Black.jpg,,in stock,,,119 USD,79.9 USD,Backpacks & Wallets,100,,Nordace,ML251492-EN,yes,new,no,,Black,,,,,ML25149-GROUP,,,,,no,,,English,en,,,single,,,,,https://lp.nordace.com/dpalink/nordace-nelson-smart-travel-backpack_black?utm_source=Facebook_DPA&utm_campaign={{campaign.name}}_{{adset.name}}&utm_medium={{adset.id}}&utm_content={{ad.id}}_{{ad.name}}&cmpid=69844dedca420a8b8b43f68e&sub1={{ad.id}}&sub2={{adset.id}}&sub3={{campaign.id}}&sub4={{ad.name}}&sub5={{adset.name}}&sub6={{campaign.name}}&sub7={{site_source_name}}&sub9=Meta&ref_id={{fbclid}},
ML251491,Nordace Nelson - Smart Travel Backpack,,https://lp.nordace.com/dpalink/nordace-nelson-smart-travel-backpack_gray?utm_source=Facebook_DPA&utm_campaign={{campaign.name}}_{{adset.name}}&utm_medium={{adset.id}}&utm_content={{ad.id}}_{{ad.name}}&cmpid=69844dedca420a8b8b43f68e&sub1={{ad.id}}&sub2={{adset.id}}&sub3={{campaign.id}}&sub4={{ad.name}}&sub5={{adset.name}}&sub6={{campaign.name}}&sub7={{site_source_name}}&sub9=Meta&ref_id={{fbclid}},https://nordace.com/wp-content/uploads/2019/01/Nelson_Gray.jpg,,in stock,,,119 USD,79.9 USD,Backpacks & Wallets,100,,Nordace,ML251491-EN,yes,new,no,,Gray,,,,,ML25149-GROUP,,,,,no,,,English,en,,,single,,,,,https://lp.nordace.com/dpalink/nordace-nelson-smart-travel-backpack_gray?utm_source=Facebook_DPA&utm_campaign={{campaign.name}}_{{adset.name}}&utm_medium={{adset.id}}&utm_content={{ad.id}}_{{ad.name}}&cmpid=69844dedca420a8b8b43f68e&sub1={{ad.id}}&sub2={{adset.id}}&sub3={{campaign.id}}&sub4={{ad.name}}&sub5={{adset.name}}&sub6={{campaign.name}}&sub7={{site_source_name}}&sub9=Meta&ref_id={{fbclid}},
ND1227,Siena Pro Tote Bag Medio,,https://lp.nordace.com/dpalink/siena-pro-tote-bag-medio?utm_source=Facebook_DPA&utm_campaign={{campaign.name}}_{{adset.name}}&utm_medium={{adset.id}}&utm_content={{ad.id}}_{{ad.name}}&cmpid=69844dedca420a8b8b43f68e&sub1={{ad.id}}&sub2={{adset.id}}&sub3={{campaign.id}}&sub4={{ad.name}}&sub5={{adset.name}}&sub6={{campaign.name}}&sub7={{site_source_name}}&sub9=Meta&ref_id={{fbclid}},,,in stock,,,180 USD,128 USD,Backpacks & Wallets,100,,Nordace,ND1227-EN,yes,new,no,,,,,,,ND1227-GROUP,,,,,no,,,English,en,,,single,,,,,https://lp.nordace.com/dpalink/siena-pro-tote-bag-medio?utm_source=Facebook_DPA&utm_campaign={{campaign.name}}_{{adset.name}}&utm_medium={{adset.id}}&utm_content={{ad.id}}_{{ad.name}}&cmpid=69844dedca420a8b8b43f68e&sub1={{ad.id}}&sub2={{adset.id}}&sub3={{campaign.id}}&sub4={{ad.name}}&sub5={{adset.name}}&sub6={{campaign.name}}&sub7={{site_source_name}}&sub9=Meta&ref_id={{fbclid}},
ND1227-1,Siena Pro Tote Bag Medio,,https://lp.nordace.com/dpalink/siena-pro-tote-bag-medio_black-brown?utm_source=Facebook_DPA&utm_campaign={{campaign.name}}_{{adset.name}}&utm_medium={{adset.id}}&utm_content={{ad.id}}_{{ad.name}}&cmpid=69844dedca420a8b8b43f68e&sub1={{ad.id}}&sub2={{adset.id}}&sub3={{campaign.id}}&sub4={{ad.name}}&sub5={{adset.name}}&sub6={{campaign.name}}&sub7={{site_source_name}}&sub9=Meta&ref_id={{fbclid}},https://nordace.com/wp-content/uploads/2025/02/ND1127-1-1.jpg,,in stock,,,180 USD,128 USD,Backpacks & Wallets,100,,Nordace,ND1227-1-EN,yes,new,no,,Black Brown,,,,,ND1227-GROUP,,,,,no,,,English,en,,,single,,,,,https://lp.nordace.com/dpalink/siena-pro-tote-bag-medio_black-brown?utm_source=Facebook_DPA&utm_campaign={{campaign.name}}_{{adset.name}}&utm_medium={{adset.id}}&utm_content={{ad.id}}_{{ad.name}}&cmpid=69844dedca420a8b8b43f68e&sub1={{ad.id}}&sub2={{adset.id}}&sub3={{campaign.id}}&sub4={{ad.name}}&sub5={{adset.name}}&sub6={{campaign.name}}&sub7={{site_source_name}}&sub9=Meta&ref_id={{fbclid}},
ND1227-5,Siena Pro Tote Bag Medio,,https://lp.nordace.com/dpalink/siena-pro-tote-bag-medio_beige-brown?utm_source=Facebook_DPA&utm_campaign={{campaign.name}}_{{adset.name}}&utm_medium={{adset.id}}&utm_content={{ad.id}}_{{ad.name}}&cmpid=69844dedca420a8b8b43f68e&sub1={{ad.id}}&sub2={{adset.id}}&sub3={{campaign.id}}&sub4={{ad.name}}&sub5={{adset.name}}&sub6={{campaign.name}}&sub7={{site_source_name}}&sub9=Meta&ref_id={{fbclid}},https://nordace.com/wp-content/uploads/2025/02/ND1127-5-1.jpg,,in stock,,,180 USD,128 USD,Backpacks & Wallets,100,,Nordace,ND1227-5-EN,yes,new,no,,Beige Brown,,,,,ND1227-GROUP,,,,,no,,,English,en,,,single,,,,,https://lp.nordace.com/dpalink/siena-pro-tote-bag-medio_beige-brown?utm_source=Facebook_DPA&utm_campaign={{campaign.name}}_{{adset.name}}&utm_medium={{adset.id}}&utm_content={{ad.id}}_{{ad.name}}&cmpid=69844dedca420a8b8b43f68e&sub1={{ad.id}}&sub2={{adset.id}}&sub3={{campaign.id}}&sub4={{ad.name}}&sub5={{adset.name}}&sub6={{campaign.name}}&sub7={{site_source_name}}&sub9=Meta&ref_id={{fbclid}},
ND1227-4,Siena Pro Tote Bag Medio,,https://lp.nordace.com/dpalink/siena-pro-tote-bag-medio_blue?utm_source=Facebook_DPA&utm_campaign={{campaign.name}}_{{adset.name}}&utm_medium={{adset.id}}&utm_content={{ad.id}}_{{ad.name}}&cmpid=69844dedca420a8b8b43f68e&sub1={{ad.id}}&sub2={{adset.id}}&sub3={{campaign.id}}&sub4={{ad.name}}&sub5={{adset.name}}&sub6={{campaign.name}}&sub7={{site_source_name}}&sub9=Meta&ref_id={{fbclid}},https://nordace.com/wp-content/uploads/2025/02/ND1127-4-1.jpg,,in stock,,,180 USD,128 USD,Backpacks & Wallets,100,,Nordace,ND1227-4-EN,yes,new,no,,Blue,,,,,ND1227-GROUP,,,,,no,,,English,en,,,single,,,,,https://lp.nordace.com/dpalink/siena-pro-tote-bag-medio_blue?utm_source=Facebook_DPA&utm_campaign={{campaign.name}}_{{adset.name}}&utm_medium={{adset.id}}&utm_content={{ad.id}}_{{ad.name}}&cmpid=69844dedca420a8b8b43f68e&sub1={{ad.id}}&sub2={{adset.id}}&sub3={{campaign.id}}&sub4={{ad.name}}&sub5={{adset.name}}&sub6={{campaign.name}}&sub7={{site_source_name}}&sub9=Meta&ref_id={{fbclid}},
ND1061,Nordace Comino Totepack,,https://lp.nordace.com/dpalink/nordace-comino-totepack?utm_source=Facebook_DPA&utm_campaign={{campaign.name}}_{{adset.name}}&utm_medium={{adset.id}}&utm_content={{ad.id}}_{{ad.name}}&cmpid=69844dedca420a8b8b43f68e&sub1={{ad.id}}&sub2={{adset.id}}&sub3={{campaign.id}}&sub4={{ad.name}}&sub5={{adset.name}}&sub6={{campaign.name}}&sub7={{site_source_name}}&sub9=Meta&ref_id={{fbclid}},,,in stock,,,139.99 USD,89.99 USD,Backpacks & Wallets,100,,Nordace,ND1061-EN,yes,new,no,,,,,,,ND1061-GROUP,,,,,no,,,English,en,,,single,,,,,https://lp.nordace.com/dpalink/nordace-comino-totepack?utm_source=Facebook_DPA&utm_campaign={{campaign.name}}_{{adset.name}}&utm_medium={{adset.id}}&utm_content={{ad.id}}_{{ad.name}}&cmpid=69844dedca420a8b8b43f68e&sub1={{ad.id}}&sub2={{adset.id}}&sub3={{campaign.id}}&sub4={{ad.name}}&sub5={{adset.name}}&sub6={{campaign.name}}&sub7={{site_source_name}}&sub9=Meta&ref_id={{fbclid}},
ND1061-1,Nordace Comino Totepack,,https://lp.nordace.com/dpalink/nordace-comino-totepack_charcoal?utm_source=Facebook_DPA&utm_campaign={{campaign.name}}_{{adset.name}}&utm_medium={{adset.id}}&utm_content={{ad.id}}_{{ad.name}}&cmpid=69844dedca420a8b8b43f68e&sub1={{ad.id}}&sub2={{adset.id}}&sub3={{campaign.id}}&sub4={{ad.name}}&sub5={{adset.name}}&sub6={{campaign.name}}&sub7={{site_source_name}}&sub9=Meta&ref_id={{fbclid}},https://nordace.com/wp-content/uploads/2020/09/ND1061-1-22.jpg,,in stock,,,139.99 USD,89.99 USD,Backpacks & Wallets,100,,Nordace,ND1061-1-EN,yes,new,no,,Charcoal,,,,,ND1061-GROUP,,,,,no,,,English,en,,,single,,,,,https://lp.nordace.com/dpalink/nordace-comino-totepack_charcoal?utm_source=Facebook_DPA&utm_campaign={{campaign.name}}_{{adset.name}}&utm_medium={{adset.id}}&utm_content={{ad.id}}_{{ad.name}}&cmpid=69844dedca420a8b8b43f68e&sub1={{ad.id}}&sub2={{adset.id}}&sub3={{campaign.id}}&sub4={{ad.name}}&sub5={{adset.name}}&sub6={{campaign.name}}&sub7={{site_source_name}}&sub9=Meta&ref_id={{fbclid}},
ND1061-2,Nordace Comino Totepack,,https://lp.nordace.com/dpalink/nordace-comino-totepack_gray?utm_source=Facebook_DPA&utm_campaign={{campaign.name}}_{{adset.name}}&utm_medium={{adset.id}}&utm_content={{ad.id}}_{{ad.name}}&cmpid=69844dedca420a8b8b43f68e&sub1={{ad.id}}&sub2={{adset.id}}&sub3={{campaign.id}}&sub4={{ad.name}}&sub5={{adset.name}}&sub6={{campaign.name}}&sub7={{site_source_name}}&sub9=Meta&ref_id={{fbclid}},https://nordace.com/wp-content/uploads/2020/09/ND1061-2-6.jpg,,in stock,,,139.99 USD,89.99 USD,Backpacks & Wallets,100,,Nordace,ND1061-2-EN,yes,new,no,,Gray,,,,,ND1061-GROUP,,,,,no,,,English,en,,,single,,,,,https://lp.nordace.com/dpalink/nordace-comino-totepack_gray?utm_source=Facebook_DPA&utm_campaign={{campaign.name}}_{{adset.name}}&utm_medium={{adset.id}}&utm_content={{ad.id}}_{{ad.name}}&cmpid=69844dedca420a8b8b43f68e&sub1={{ad.id}}&sub2={{adset.id}}&sub3={{campaign.id}}&sub4={{ad.name}}&sub5={{adset.name}}&sub6={{campaign.name}}&sub7={{site_source_name}}&sub9=Meta&ref_id={{fbclid}},
ND1061-4,Nordace Comino Totepack,,https://lp.nordace.com/dpalink/nordace-comino-totepack_navy-blue?utm_source=Facebook_DPA&utm_campaign={{campaign.name}}_{{adset.name}}&utm_medium={{adset.id}}&utm_content={{ad.id}}_{{ad.name}}&cmpid=69844dedca420a8b8b43f68e&sub1={{ad.id}}&sub2={{adset.id}}&sub3={{campaign.id}}&sub4={{ad.name}}&sub5={{adset.name}}&sub6={{campaign.name}}&sub7={{site_source_name}}&sub9=Meta&ref_id={{fbclid}},https://nordace.com/wp-content/uploads/2021/07/Comino-Totepack-Navy-Blue-1-1.jpg,,in stock,,,139.99 USD,89.99 USD,Backpacks & Wallets,100,,Nordace,ND1061-4-EN,yes,new,no,,Navy Blue,,,,,ND1061-GROUP,,,,,no,,,English,en,,,single,,,,,https://lp.nordace.com/dpalink/nordace-comino-totepack_navy-blue?utm_source=Facebook_DPA&utm_campaign={{campaign.name}}_{{adset.name}}&utm_medium={{adset.id}}&utm_content={{ad.id}}_{{ad.name}}&cmpid=69844dedca420a8b8b43f68e&sub1={{ad.id}}&sub2={{adset.id}}&sub3={{campaign.id}}&sub4={{ad.name}}&sub5={{adset.name}}&sub6={{campaign.name}}&sub7={{site_source_name}}&sub9=Meta&ref_id={{fbclid}},
ND1061-37,Nordace Comino Totepack,,https://lp.nordace.com/dpalink/nordace-comino-totepack_light-taupe?utm_source=Facebook_DPA&utm_campaign={{campaign.name}}_{{adset.name}}&utm_medium={{adset.id}}&utm_content={{ad.id}}_{{ad.name}}&cmpid=69844dedca420a8b8b43f68e&sub1={{ad.id}}&sub2={{adset.id}}&sub3={{campaign.id}}&sub4={{ad.name}}&sub5={{adset.name}}&sub6={{campaign.name}}&sub7={{site_source_name}}&sub9=Meta&ref_id={{fbclid}},https://nordace.com/wp-content/uploads/2020/10/Totepack-LIght-Taupe.jpg,,in stock,,,139.99 USD,89.99 USD,Backpacks & Wallets,100,,Nordace,ND1061-37-EN,yes,new,no,,Light Taupe,,,,,ND1061-GROUP,,,,,no,,,English,en,,,single,,,,,https://lp.nordace.com/dpalink/nordace-comino-totepack_light-taupe?utm_source=Facebook_DPA&utm_campaign={{campaign.name}}_{{adset.name}}&utm_medium={{adset.id}}&utm_content={{ad.id}}_{{ad.name}}&cmpid=69844dedca420a8b8b43f68e&sub1={{ad.id}}&sub2={{adset.id}}&sub3={{campaign.id}}&sub4={{ad.name}}&sub5={{adset.name}}&sub6={{campaign.name}}&sub7={{site_source_name}}&sub9=Meta&ref_id={{fbclid}},
ND1045,Nordace Beth - Smart Totepack,,https://lp.nordace.com/dpalink/nordace-beth-smart-stylish-convertible-backpack-tote-bag-shoulder-bag?utm_source=Facebook_DPA&utm_campaign={{campaign.name}}_{{adset.name}}&utm_medium={{adset.id}}&utm_content={{ad.id}}_{{ad.name}}&cmpid=69844dedca420a8b8b43f68e&sub1={{ad.id}}&sub2={{adset.id}}&sub3={{campaign.id}}&sub4={{ad.name}}&sub5={{adset.name}}&sub6={{campaign.name}}&sub7={{site_source_name}}&sub9=Meta&ref_id={{fbclid}},,,in stock,,,100 USD,79.99 USD,Backpacks & Wallets,100,,Nordace,ND1045-EN,yes,new,no,,,,,,,ND1045-GROUP,,,,,no,,,English,en,,,single,,,,,https://lp.nordace.com/dpalink/nordace-beth-smart-stylish-convertible-backpack-tote-bag-shoulder-bag?utm_source=Facebook_DPA&utm_campaign={{campaign.name}}_{{adset.name}}&utm_medium={{adset.id}}&utm_content={{ad.id}}_{{ad.name}}&cmpid=69844dedca420a8b8b43f68e&sub1={{ad.id}}&sub2={{adset.id}}&sub3={{campaign.id}}&sub4={{ad.name}}&sub5={{adset.name}}&sub6={{campaign.name}}&sub7={{site_source_name}}&sub9=Meta&ref_id={{fbclid}},
ND1045-3,Nordace Beth - Smart Totepack,,https://lp.nordace.com/dpalink/nordace-beth-smart-stylish-convertible-backpack-tote-bag-shoulder-bag_red?utm_source=Facebook_DPA&utm_campaign={{campaign.name}}_{{adset.name}}&utm_medium={{adset.id}}&utm_content={{ad.id}}_{{ad.name}}&cmpid=69844dedca420a8b8b43f68e&sub1={{ad.id}}&sub2={{adset.id}}&sub3={{campaign.id}}&sub4={{ad.name}}&sub5={{adset.name}}&sub6={{campaign.name}}&sub7={{site_source_name}}&sub9=Meta&ref_id={{fbclid}},https://nordace.com/wp-content/uploads/2020/06/nordace-beth-red-front.jpg,,in stock,,,100 USD,79.99 USD,Backpacks & Wallets,100,,Nordace,ND1045-3-EN,yes,new,no,,Red,,,,,ND1045-GROUP,,,,,no,,,English,en,,,single,,,,,https://lp.nordace.com/dpalink/nordace-beth-smart-stylish-convertible-backpack-tote-bag-shoulder-bag_red?utm_source=Facebook_DPA&utm_campaign={{campaign.name}}_{{adset.name}}&utm_medium={{adset.id}}&utm_content={{ad.id}}_{{ad.name}}&cmpid=69844dedca420a8b8b43f68e&sub1={{ad.id}}&sub2={{adset.id}}&sub3={{campaign.id}}&sub4={{ad.name}}&sub5={{adset.name}}&sub6={{campaign.name}}&sub7={{site_source_name}}&sub9=Meta&ref_id={{fbclid}},
ND1099,Nordace Eclat Re:Life Smart Backpack,,https://lp.nordace.com/dpalink/eclat-relife-smart-backpack?utm_source=Facebook_DPA&utm_campaign={{campaign.name}}_{{adset.name}}&utm_medium={{adset.id}}&utm_content={{ad.id}}_{{ad.name}}&cmpid=69844dedca420a8b8b43f68e&sub1={{ad.id}}&sub2={{adset.id}}&sub3={{campaign.id}}&sub4={{ad.name}}&sub5={{adset.name}}&sub6={{campaign.name}}&sub7={{site_source_name}}&sub9=Meta&ref_id={{fbclid}},,,in stock,,,120 USD,99.99 USD,Backpacks & Wallets,100,,Nordace,ND1099-EN,yes,new,no,,,,,,,ND1099-GROUP,,,,,no,,,English,en,,,single,,,,,https://lp.nordace.com/dpalink/eclat-relife-smart-backpack?utm_source=Facebook_DPA&utm_campaign={{campaign.name}}_{{adset.name}}&utm_medium={{adset.id}}&utm_content={{ad.id}}_{{ad.name}}&cmpid=69844dedca420a8b8b43f68e&sub1={{ad.id}}&sub2={{adset.id}}&sub3={{campaign.id}}&sub4={{ad.name}}&sub5={{adset.name}}&sub6={{campaign.name}}&sub7={{site_source_name}}&sub9=Meta&ref_id={{fbclid}},
ND1099-1,Nordace Eclat Re:Life Smart Backpack,,https://lp.nordace.com/dpalink/eclat-relife-smart-backpack_black?utm_source=Facebook_DPA&utm_campaign={{campaign.name}}_{{adset.name}}&utm_medium={{adset.id}}&utm_content={{ad.id}}_{{ad.name}}&cmpid=69844dedca420a8b8b43f68e&sub1={{ad.id}}&sub2={{adset.id}}&sub3={{campaign.id}}&sub4={{ad.name}}&sub5={{adset.name}}&sub6={{campaign.name}}&sub7={{site_source_name}}&sub9=Meta&ref_id={{fbclid}},https://nordace.com/wp-content/uploads/2022/04/Eclat-relife-black-gray-bg.jpg,,in stock,,,120 USD,99.99 USD,Backpacks & Wallets,100,,Nordace,ND1099-1-EN,yes,new,no,,Black,,,,,ND1099-GROUP,,,,,no,,,English,en,,,single,,,,,https://lp.nordace.com/dpalink/eclat-relife-smart-backpack_black?utm_source=Facebook_DPA&utm_campaign={{campaign.name}}_{{adset.name}}&utm_medium={{adset.id}}&utm_content={{ad.id}}_{{ad.name}}&cmpid=69844dedca420a8b8b43f68e&sub1={{ad.id}}&sub2={{adset.id}}&sub3={{campaign.id}}&sub4={{ad.name}}&sub5={{adset.name}}&sub6={{campaign.name}}&sub7={{site_source_name}}&sub9=Meta&ref_id={{fbclid}},
ND1099-5,Nordace Eclat Re:Life Smart Backpack,,https://lp.nordace.com/dpalink/eclat-relife-smart-backpack_beige?utm_source=Facebook_DPA&utm_campaign={{campaign.name}}_{{adset.name}}&utm_medium={{adset.id}}&utm_content={{ad.id}}_{{ad.name}}&cmpid=69844dedca420a8b8b43f68e&sub1={{ad.id}}&sub2={{adset.id}}&sub3={{campaign.id}}&sub4={{ad.name}}&sub5={{adset.name}}&sub6={{campaign.name}}&sub7={{site_source_name}}&sub9=Meta&ref_id={{fbclid}},https://nordace.com/wp-content/uploads/2022/04/Eclat-relife-beige-gray-bg.jpg,,in stock,,,120 USD,99.99 USD,Backpacks & Wallets,100,,Nordace,ND1099-5-EN,yes,new,no,,Beige,,,,,ND1099-GROUP,,,,,no,,,English,en,,,single,,,,,https://lp.nordace.com/dpalink/eclat-relife-smart-backpack_beige?utm_source=Facebook_DPA&utm_campaign={{campaign.name}}_{{adset.name}}&utm_medium={{adset.id}}&utm_content={{ad.id}}_{{ad.name}}&cmpid=69844dedca420a8b8b43f68e&sub1={{ad.id}}&sub2={{adset.id}}&sub3={{campaign.id}}&sub4={{ad.name}}&sub5={{adset.name}}&sub6={{campaign.name}}&sub7={{site_source_name}}&sub9=Meta&ref_id={{fbclid}},
ND1099-2,Nordace Eclat Re:Life Smart Backpack,,https://lp.nordace.com/dpalink/eclat-relife-smart-backpack_gray?utm_source=Facebook_DPA&utm_campaign={{campaign.name}}_{{adset.name}}&utm_medium={{adset.id}}&utm_content={{ad.id}}_{{ad.name}}&cmpid=69844dedca420a8b8b43f68e&sub1={{ad.id}}&sub2={{adset.id}}&sub3={{campaign.id}}&sub4={{ad.name}}&sub5={{adset.name}}&sub6={{campaign.name}}&sub7={{site_source_name}}&sub9=Meta&ref_id={{fbclid}},https://nordace.com/wp-content/uploads/2022/04/Eclat-relife-gray-gray-bg.jpg,,in stock,,,120 USD,99.99 USD,Backpacks & Wallets,100,,Nordace,ND1099-2-EN,yes,new,no,,Gray,,,,,ND1099-GROUP,,,,,no,,,English,en,,,single,,,,,https://lp.nordace.com/dpalink/eclat-relife-smart-backpack_gray?utm_source=Facebook_DPA&utm_campaign={{campaign.name}}_{{adset.name}}&utm_medium={{adset.id}}&utm_content={{ad.id}}_{{ad.name}}&cmpid=69844dedca420a8b8b43f68e&sub1={{ad.id}}&sub2={{adset.id}}&sub3={{campaign.id}}&sub4={{ad.name}}&sub5={{adset.name}}&sub6={{campaign.name}}&sub7={{site_source_name}}&sub9=Meta&ref_id={{fbclid}},
ND1121,Nordace Siena Pro Classic Backpack,,https://lp.nordace.com/dpalink/nordace-siena-pro-classic-backpack?utm_source=Facebook_DPA&utm_campaign={{campaign.name}}_{{adset.name}}&utm_medium={{adset.id}}&utm_content={{ad.id}}_{{ad.name}}&cmpid=69844dedca420a8b8b43f68e&sub1={{ad.id}}&sub2={{adset.id}}&sub3={{campaign.id}}&sub4={{ad.name}}&sub5={{adset.name}}&sub6={{campaign.name}}&sub7={{site_source_name}}&sub9=Meta&ref_id={{fbclid}},,,in stock,,,129.99 USD,79.99 USD,Backpacks & Wallets,100,,Nordace,ND1121-EN,yes,new,no,,,,,,,ND1121-GROUP,,,,,no,,,English,en,,,single,,,,,https://lp.nordace.com/dpalink/nordace-siena-pro-classic-backpack?utm_source=Facebook_DPA&utm_campaign={{campaign.name}}_{{adset.name}}&utm_medium={{adset.id}}&utm_content={{ad.id}}_{{ad.name}}&cmpid=69844dedca420a8b8b43f68e&sub1={{ad.id}}&sub2={{adset.id}}&sub3={{campaign.id}}&sub4={{ad.name}}&sub5={{adset.name}}&sub6={{campaign.name}}&sub7={{site_source_name}}&sub9=Meta&ref_id={{fbclid}},
ND1121-5,Nordace Siena Pro Classic Backpack,,https://lp.nordace.com/dpalink/nordace-siena-pro-classic-backpack_beige?utm_source=Facebook_DPA&utm_campaign={{campaign.name}}_{{adset.name}}&utm_medium={{adset.id}}&utm_content={{ad.id}}_{{ad.name}}&cmpid=69844dedca420a8b8b43f68e&sub1={{ad.id}}&sub2={{adset.id}}&sub3={{campaign.id}}&sub4={{ad.name}}&sub5={{adset.name}}&sub6={{campaign.name}}&sub7={{site_source_name}}&sub9=Meta&ref_id={{fbclid}},https://nordace.com/wp-content/uploads/2023/03/ND1121-5-2.jpg,,in stock,,,129.99 USD,79.99 USD,Backpacks & Wallets,100,,Nordace,ND1121-5-EN,yes,new,no,,Beige,,,,,ND1121-GROUP,,,,,no,,,English,en,,,single,,,,,https://lp.nordace.com/dpalink/nordace-siena-pro-classic-backpack_beige?utm_source=Facebook_DPA&utm_campaign={{campaign.name}}_{{adset.name}}&utm_medium={{adset.id}}&utm_content={{ad.id}}_{{ad.name}}&cmpid=69844dedca420a8b8b43f68e&sub1={{ad.id}}&sub2={{adset.id}}&sub3={{campaign.id}}&sub4={{ad.name}}&sub5={{adset.name}}&sub6={{campaign.name}}&sub7={{site_source_name}}&sub9=Meta&ref_id={{fbclid}},
ND1121-4,Nordace Siena Pro Classic Backpack,,https://lp.nordace.com/dpalink/nordace-siena-pro-classic-backpack_blue?utm_source=Facebook_DPA&utm_campaign={{campaign.name}}_{{adset.name}}&utm_medium={{adset.id}}&utm_content={{ad.id}}_{{ad.name}}&cmpid=69844dedca420a8b8b43f68e&sub1={{ad.id}}&sub2={{adset.id}}&sub3={{campaign.id}}&sub4={{ad.name}}&sub5={{adset.name}}&sub6={{campaign.name}}&sub7={{site_source_name}}&sub9=Meta&ref_id={{fbclid}},https://nordace.com/wp-content/uploads/2023/05/ND1121-4-1.jpg,,in stock,,,129.99 USD,79.99 USD,Backpacks & Wallets,100,,Nordace,ND1121-4-EN,yes,new,no,,Blue,,,,,ND1121-GROUP,,,,,no,,,English,en,,,single,,,,,https://lp.nordace.com/dpalink/nordace-siena-pro-classic-backpack_blue?utm_source=Facebook_DPA&utm_campaign={{campaign.name}}_{{adset.name}}&utm_medium={{adset.id}}&utm_content={{ad.id}}_{{ad.name}}&cmpid=69844dedca420a8b8b43f68e&sub1={{ad.id}}&sub2={{adset.id}}&sub3={{campaign.id}}&sub4={{ad.name}}&sub5={{adset.name}}&sub6={{campaign.name}}&sub7={{site_source_name}}&sub9=Meta&ref_id={{fbclid}},
ND1121-6,Nordace Siena Pro Classic Backpack,,https://lp.nordace.com/dpalink/nordace-siena-pro-classic-backpack_green?utm_source=Facebook_DPA&utm_campaign={{campaign.name}}_{{adset.name}}&utm_medium={{adset.id}}&utm_content={{ad.id}}_{{ad.name}}&cmpid=69844dedca420a8b8b43f68e&sub1={{ad.id}}&sub2={{adset.id}}&sub3={{campaign.id}}&sub4={{ad.name}}&sub5={{adset.name}}&sub6={{campaign.name}}&sub7={{site_source_name}}&sub9=Meta&ref_id={{fbclid}},https://nordace.com/wp-content/uploads/2023/05/ND1121-6-2.jpg,,in stock,,,129.99 USD,79.99 USD,Backpacks & Wallets,100,,Nordace,ND1121-6-EN,yes,new,no,,Green,,,,,ND1121-GROUP,,,,,no,,,English,en,,,single,,,,,https://lp.nordace.com/dpalink/nordace-siena-pro-classic-backpack_green?utm_source=Facebook_DPA&utm_campaign={{campaign.name}}_{{adset.name}}&utm_medium={{adset.id}}&utm_content={{ad.id}}_{{ad.name}}&cmpid=69844dedca420a8b8b43f68e&sub1={{ad.id}}&sub2={{adset.id}}&sub3={{campaign.id}}&sub4={{ad.name}}&sub5={{adset.name}}&sub6={{campaign.name}}&sub7={{site_source_name}}&sub9=Meta&ref_id={{fbclid}},
ND1121-3,Nordace Siena Pro Classic Backpack,,https://lp.nordace.com/dpalink/nordace-siena-pro-classic-backpack_red?utm_source=Facebook_DPA&utm_campaign={{campaign.name}}_{{adset.name}}&utm_medium={{adset.id}}&utm_content={{ad.id}}_{{ad.name}}&cmpid=69844dedca420a8b8b43f68e&sub1={{ad.id}}&sub2={{adset.id}}&sub3={{campaign.id}}&sub4={{ad.name}}&sub5={{adset.name}}&sub6={{campaign.name}}&sub7={{site_source_name}}&sub9=Meta&ref_id={{fbclid}},https://nordace.com/wp-content/uploads/2023/05/ND1121-3-1-1.jpg,,in stock,,,129.99 USD,79.99 USD,Backpacks & Wallets,100,,Nordace,ND1121-3-EN,yes,new,no,,Red,,,,,ND1121-GROUP,,,,,no,,,English,en,,,single,,,,,https://lp.nordace.com/dpalink/nordace-siena-pro-classic-backpack_red?utm_source=Facebook_DPA&utm_campaign={{campaign.name}}_{{adset.name}}&utm_medium={{adset.id}}&utm_content={{ad.id}}_{{ad.name}}&cmpid=69844dedca420a8b8b43f68e&sub1={{ad.id}}&sub2={{adset.id}}&sub3={{campaign.id}}&sub4={{ad.name}}&sub5={{adset.name}}&sub6={{campaign.name}}&sub7={{site_source_name}}&sub9=Meta&ref_id={{fbclid}},
ND1052,Nordace Henge - 45L Carry-on Backpack,,https://lp.nordace.com/dpalink/nordace-henge-45l-carry-on-backpack?utm_source=Facebook_DPA&utm_campaign={{campaign.name}}_{{adset.name}}&utm_medium={{adset.id}}&utm_content={{ad.id}}_{{ad.name}}&cmpid=69844dedca420a8b8b43f68e&sub1={{ad.id}}&sub2={{adset.id}}&sub3={{campaign.id}}&sub4={{ad.name}}&sub5={{adset.name}}&sub6={{campaign.name}}&sub7={{site_source_name}}&sub9=Meta&ref_id={{fbclid}},,,in stock,,,160 USD,99.99 USD,Backpacks & Wallets,100,,Nordace,ND1052-EN,yes,new,no,,,,,,,ND1052-GROUP,,,,,no,,,English,en,,,single,,,,,https://lp.nordace.com/dpalink/nordace-henge-45l-carry-on-backpack?utm_source=Facebook_DPA&utm_campaign={{campaign.name}}_{{adset.name}}&utm_medium={{adset.id}}&utm_content={{ad.id}}_{{ad.name}}&cmpid=69844dedca420a8b8b43f68e&sub1={{ad.id}}&sub2={{adset.id}}&sub3={{campaign.id}}&sub4={{ad.name}}&sub5={{adset.name}}&sub6={{campaign.name}}&sub7={{site_source_name}}&sub9=Meta&ref_id={{fbclid}},
ND1052-6,Nordace Henge - 45L Carry-on Backpack,,https://lp.nordace.com/dpalink/nordace-henge-45l-carry-on-backpack_green?utm_source=Facebook_DPA&utm_campaign={{campaign.name}}_{{adset.name}}&utm_medium={{adset.id}}&utm_content={{ad.id}}_{{ad.name}}&cmpid=69844dedca420a8b8b43f68e&sub1={{ad.id}}&sub2={{adset.id}}&sub3={{campaign.id}}&sub4={{ad.name}}&sub5={{adset.name}}&sub6={{campaign.name}}&sub7={{site_source_name}}&sub9=Meta&ref_id={{fbclid}},https://nordace.com/wp-content/uploads/2022/11/Henge-Green-7.jpg,,in stock,,,160 USD,99.99 USD,Backpacks & Wallets,100,,Nordace,ND1052-6-EN,yes,new,no,,Green,,,,,ND1052-GROUP,,,,,no,,,English,en,,,single,,,,,https://lp.nordace.com/dpalink/nordace-henge-45l-carry-on-backpack_green?utm_source=Facebook_DPA&utm_campaign={{campaign.name}}_{{adset.name}}&utm_medium={{adset.id}}&utm_content={{ad.id}}_{{ad.name}}&cmpid=69844dedca420a8b8b43f68e&sub1={{ad.id}}&sub2={{adset.id}}&sub3={{campaign.id}}&sub4={{ad.name}}&sub5={{adset.name}}&sub6={{campaign.name}}&sub7={{site_source_name}}&sub9=Meta&ref_id={{fbclid}},
ND1052-27,Nordace Henge - 45L Carry-on Backpack,,https://lp.nordace.com/dpalink/nordace-henge-45l-carry-on-backpack_kelp?utm_source=Facebook_DPA&utm_campaign={{campaign.name}}_{{adset.name}}&utm_medium={{adset.id}}&utm_content={{ad.id}}_{{ad.name}}&cmpid=69844dedca420a8b8b43f68e&sub1={{ad.id}}&sub2={{adset.id}}&sub3={{campaign.id}}&sub4={{ad.name}}&sub5={{adset.name}}&sub6={{campaign.name}}&sub7={{site_source_name}}&sub9=Meta&ref_id={{fbclid}},https://nordace.com/wp-content/uploads/2022/11/Henge-Kelp-1-2.jpg,,in stock,,,160 USD,99.99 USD,Backpacks & Wallets,100,,Nordace,ND1052-27-EN,yes,new,no,,Kelp,,,,,ND1052-GROUP,,,,,no,,,English,en,,,single,,,,,https://lp.nordace.com/dpalink/nordace-henge-45l-carry-on-backpack_kelp?utm_source=Facebook_DPA&utm_campaign={{campaign.name}}_{{adset.name}}&utm_medium={{adset.id}}&utm_content={{ad.id}}_{{ad.name}}&cmpid=69844dedca420a8b8b43f68e&sub1={{ad.id}}&sub2={{adset.id}}&sub3={{campaign.id}}&sub4={{ad.name}}&sub5={{adset.name}}&sub6={{campaign.name}}&sub7={{site_source_name}}&sub9=Meta&ref_id={{fbclid}},
ND1034,Nordace Travel Wallet – Smart & RFID Blocking Wallet,,https://lp.nordace.com/dpalink/nordace-travel-wallet-smart-rfid-blocking-wallet?utm_source=Facebook_DPA&utm_campaign={{campaign.name}}_{{adset.name}}&utm_medium={{adset.id}}&utm_content={{ad.id}}_{{ad.name}}&cmpid=69844dedca420a8b8b43f68e&sub1={{ad.id}}&sub2={{adset.id}}&sub3={{campaign.id}}&sub4={{ad.name}}&sub5={{adset.name}}&sub6={{campaign.name}}&sub7={{site_source_name}}&sub9=Meta&ref_id={{fbclid}},,,in stock,,,49.99 USD,,Backpacks & Wallets,100,,Nordace,ND1034-EN,yes,new,no,,,,,,,ND1034-GROUP,,,,,no,,,English,en,,,single,,,,,https://lp.nordace.com/dpalink/nordace-travel-wallet-smart-rfid-blocking-wallet?utm_source=Facebook_DPA&utm_campaign={{campaign.name}}_{{adset.name}}&utm_medium={{adset.id}}&utm_content={{ad.id}}_{{ad.name}}&cmpid=69844dedca420a8b8b43f68e&sub1={{ad.id}}&sub2={{adset.id}}&sub3={{campaign.id}}&sub4={{ad.name}}&sub5={{adset.name}}&sub6={{campaign.name}}&sub7={{site_source_name}}&sub9=Meta&ref_id={{fbclid}},
ND1034-1,Nordace Travel Wallet – Smart & RFID Blocking Wallet,,https://lp.nordace.com/dpalink/nordace-travel-wallet-smart-rfid-blocking-wallet_black?utm_source=Facebook_DPA&utm_campaign={{campaign.name}}_{{adset.name}}&utm_medium={{adset.id}}&utm_content={{ad.id}}_{{ad.name}}&cmpid=69844dedca420a8b8b43f68e&sub1={{ad.id}}&sub2={{adset.id}}&sub3={{campaign.id}}&sub4={{ad.name}}&sub5={{adset.name}}&sub6={{campaign.name}}&sub7={{site_source_name}}&sub9=Meta&ref_id={{fbclid}},https://nordace.com/wp-content/uploads/2020/05/ND1034-1-13.jpg,,in stock,,,49.99 USD,,Backpacks & Wallets,100,,Nordace,ND1034-1-EN,yes,new,no,,Black,,,,,ND1034-GROUP,,,,,no,,,English,en,,,single,,,,,https://lp.nordace.com/dpalink/nordace-travel-wallet-smart-rfid-blocking-wallet_black?utm_source=Facebook_DPA&utm_campaign={{campaign.name}}_{{adset.name}}&utm_medium={{adset.id}}&utm_content={{ad.id}}_{{ad.name}}&cmpid=69844dedca420a8b8b43f68e&sub1={{ad.id}}&sub2={{adset.id}}&sub3={{campaign.id}}&sub4={{ad.name}}&sub5={{adset.name}}&sub6={{campaign.name}}&sub7={{site_source_name}}&sub9=Meta&ref_id={{fbclid}},
ND1034-2,Nordace Travel Wallet – Smart & RFID Blocking Wallet,,https://lp.nordace.com/dpalink/nordace-travel-wallet-smart-rfid-blocking-wallet_gray?utm_source=Facebook_DPA&utm_campaign={{campaign.name}}_{{adset.name}}&utm_medium={{adset.id}}&utm_content={{ad.id}}_{{ad.name}}&cmpid=69844dedca420a8b8b43f68e&sub1={{ad.id}}&sub2={{adset.id}}&sub3={{campaign.id}}&sub4={{ad.name}}&sub5={{adset.name}}&sub6={{campaign.name}}&sub7={{site_source_name}}&sub9=Meta&ref_id={{fbclid}},https://nordace.com/wp-content/uploads/2020/05/travel-wallet-white-13.jpg,,in stock,,,49.99 USD,,Backpacks & Wallets,100,,Nordace,ND1034-2-EN,yes,new,no,,Gray,,,,,ND1034-GROUP,,,,,no,,,English,en,,,single,,,,,https://lp.nordace.com/dpalink/nordace-travel-wallet-smart-rfid-blocking-wallet_gray?utm_source=Facebook_DPA&utm_campaign={{campaign.name}}_{{adset.name}}&utm_medium={{adset.id}}&utm_content={{ad.id}}_{{ad.name}}&cmpid=69844dedca420a8b8b43f68e&sub1={{ad.id}}&sub2={{adset.id}}&sub3={{campaign.id}}&sub4={{ad.name}}&sub5={{adset.name}}&sub6={{campaign.name}}&sub7={{site_source_name}}&sub9=Meta&ref_id={{fbclid}},
ND1034-14,Nordace Travel Wallet – Smart & RFID Blocking Wallet,,https://lp.nordace.com/dpalink/nordace-travel-wallet-smart-rfid-blocking-wallet_khaki?utm_source=Facebook_DPA&utm_campaign={{campaign.name}}_{{adset.name}}&utm_medium={{adset.id}}&utm_content={{ad.id}}_{{ad.name}}&cmpid=69844dedca420a8b8b43f68e&sub1={{ad.id}}&sub2={{adset.id}}&sub3={{campaign.id}}&sub4={{ad.name}}&sub5={{adset.name}}&sub6={{campaign.name}}&sub7={{site_source_name}}&sub9=Meta&ref_id={{fbclid}},https://nordace.com/wp-content/uploads/2020/11/Travel-wallet-edit-5-of-5.jpg,,in stock,,,49.99 USD,,Backpacks & Wallets,100,,Nordace,ND1034-14-EN,yes,new,no,,Khaki,,,,,ND1034-GROUP,,,,,no,,,English,en,,,single,,,,,https://lp.nordace.com/dpalink/nordace-travel-wallet-smart-rfid-blocking-wallet_khaki?utm_source=Facebook_DPA&utm_campaign={{campaign.name}}_{{adset.name}}&utm_medium={{adset.id}}&utm_content={{ad.id}}_{{ad.name}}&cmpid=69844dedca420a8b8b43f68e&sub1={{ad.id}}&sub2={{adset.id}}&sub3={{campaign.id}}&sub4={{ad.name}}&sub5={{adset.name}}&sub6={{campaign.name}}&sub7={{site_source_name}}&sub9=Meta&ref_id={{fbclid}},
ND1034-7,Nordace Travel Wallet – Smart & RFID Blocking Wallet,,https://lp.nordace.com/dpalink/nordace-travel-wallet-smart-rfid-blocking-wallet_navy-blue?utm_source=Facebook_DPA&utm_campaign={{campaign.name}}_{{adset.name}}&utm_medium={{adset.id}}&utm_content={{ad.id}}_{{ad.name}}&cmpid=69844dedca420a8b8b43f68e&sub1={{ad.id}}&sub2={{adset.id}}&sub3={{campaign.id}}&sub4={{ad.name}}&sub5={{adset.name}}&sub6={{campaign.name}}&sub7={{site_source_name}}&sub9=Meta&ref_id={{fbclid}},https://nordace.com/wp-content/uploads/2020/11/ND1034-7-5.jpg,,in stock,,,49.99 USD,,Backpacks & Wallets,100,,Nordace,ND1034-7-EN,yes,new,no,,Navy Blue,,,,,ND1034-GROUP,,,,,no,,,English,en,,,single,,,,,https://lp.nordace.com/dpalink/nordace-travel-wallet-smart-rfid-blocking-wallet_navy-blue?utm_source=Facebook_DPA&utm_campaign={{campaign.name}}_{{adset.name}}&utm_medium={{adset.id}}&utm_content={{ad.id}}_{{ad.name}}&cmpid=69844dedca420a8b8b43f68e&sub1={{ad.id}}&sub2={{adset.id}}&sub3={{campaign.id}}&sub4={{ad.name}}&sub5={{adset.name}}&sub6={{campaign.name}}&sub7={{site_source_name}}&sub9=Meta&ref_id={{fbclid}},
ND1030-5,Nordace Hinz - Tote Bag For Work,,https://lp.nordace.com/dpalink/nordace-hinz-innovative-tote-bag-for-travel-work?utm_source=Facebook_DPA&utm_campaign={{campaign.name}}_{{adset.name}}&utm_medium={{adset.id}}&utm_content={{ad.id}}_{{ad.name}}&cmpid=69844dedca420a8b8b43f68e&sub1={{ad.id}}&sub2={{adset.id}}&sub3={{campaign.id}}&sub4={{ad.name}}&sub5={{adset.name}}&sub6={{campaign.name}}&sub7={{site_source_name}}&sub9=Meta&ref_id={{fbclid}},,,in stock,,,125 USD,99.99 USD,Backpacks & Wallets,100,,Nordace,ND1030-5-EN,yes,new,no,,,,,,,ND1030-5-GROUP,,,,,no,,,English,en,,,single,,,,,https://lp.nordace.com/dpalink/nordace-hinz-innovative-tote-bag-for-travel-work?utm_source=Facebook_DPA&utm_campaign={{campaign.name}}_{{adset.name}}&utm_medium={{adset.id}}&utm_content={{ad.id}}_{{ad.name}}&cmpid=69844dedca420a8b8b43f68e&sub1={{ad.id}}&sub2={{adset.id}}&sub3={{campaign.id}}&sub4={{ad.name}}&sub5={{adset.name}}&sub6={{campaign.name}}&sub7={{site_source_name}}&sub9=Meta&ref_id={{fbclid}},
ND1030-1,Nordace Hinz - Tote Bag For Work,,https://lp.nordace.com/dpalink/nordace-hinz-innovative-tote-bag-for-travel-work_black?utm_source=Facebook_DPA&utm_campaign={{campaign.name}}_{{adset.name}}&utm_medium={{adset.id}}&utm_content={{ad.id}}_{{ad.name}}&cmpid=69844dedca420a8b8b43f68e&sub1={{ad.id}}&sub2={{adset.id}}&sub3={{campaign.id}}&sub4={{ad.name}}&sub5={{adset.name}}&sub6={{campaign.name}}&sub7={{site_source_name}}&sub9=Meta&ref_id={{fbclid}},https://nordace.com/wp-content/uploads/2022/01/Hinz-Black-1.jpg,,in stock,,,125 USD,99.99 USD,Backpacks & Wallets,100,,Nordace,ND1030-1-EN,yes,new,no,,Black,,,,,ND1030-5-GROUP,,,,,no,,,English,en,,,single,,,,,https://lp.nordace.com/dpalink/nordace-hinz-innovative-tote-bag-for-travel-work_black?utm_source=Facebook_DPA&utm_campaign={{campaign.name}}_{{adset.name}}&utm_medium={{adset.id}}&utm_content={{ad.id}}_{{ad.name}}&cmpid=69844dedca420a8b8b43f68e&sub1={{ad.id}}&sub2={{adset.id}}&sub3={{campaign.id}}&sub4={{ad.name}}&sub5={{adset.name}}&sub6={{campaign.name}}&sub7={{site_source_name}}&sub9=Meta&ref_id={{fbclid}},
ND1030-9,Nordace Hinz - Tote Bag For Work,,https://lp.nordace.com/dpalink/nordace-hinz-innovative-tote-bag-for-travel-work_black-brown?utm_source=Facebook_DPA&utm_campaign={{campaign.name}}_{{adset.name}}&utm_medium={{adset.id}}&utm_content={{ad.id}}_{{ad.name}}&cmpid=69844dedca420a8b8b43f68e&sub1={{ad.id}}&sub2={{adset.id}}&sub3={{campaign.id}}&sub4={{ad.name}}&sub5={{adset.name}}&sub6={{campaign.name}}&sub7={{site_source_name}}&sub9=Meta&ref_id={{fbclid}},https://nordace.com/wp-content/uploads/2022/11/ND1030-01.jpg,,in stock,,,125 USD,99.99 USD,Backpacks & Wallets,100,,Nordace,ND1030-9-EN,yes,new,no,,Black Brown,,,,,ND1030-5-GROUP,,,,,no,,,English,en,,,single,,,,,https://lp.nordace.com/dpalink/nordace-hinz-innovative-tote-bag-for-travel-work_black-brown?utm_source=Facebook_DPA&utm_campaign={{campaign.name}}_{{adset.name}}&utm_medium={{adset.id}}&utm_content={{ad.id}}_{{ad.name}}&cmpid=69844dedca420a8b8b43f68e&sub1={{ad.id}}&sub2={{adset.id}}&sub3={{campaign.id}}&sub4={{ad.name}}&sub5={{adset.name}}&sub6={{campaign.name}}&sub7={{site_source_name}}&sub9=Meta&ref_id={{fbclid}},
ND1053,Nordace Gisborne Anti-theft Waist Bag,,https://lp.nordace.com/dpalink/nordace-gisborne-anti-theft-waist-bag?utm_source=Facebook_DPA&utm_campaign={{campaign.name}}_{{adset.name}}&utm_medium={{adset.id}}&utm_content={{ad.id}}_{{ad.name}}&cmpid=69844dedca420a8b8b43f68e&sub1={{ad.id}}&sub2={{adset.id}}&sub3={{campaign.id}}&sub4={{ad.name}}&sub5={{adset.name}}&sub6={{campaign.name}}&sub7={{site_source_name}}&sub9=Meta&ref_id={{fbclid}},,,in stock,,,29.99 USD,,Backpacks & Wallets,100,,Nordace,ND1053-EN,yes,new,no,,,,,,,,,,,,no,,,English,en,,,single,,,,,https://lp.nordace.com/dpalink/nordace-gisborne-anti-theft-waist-bag?utm_source=Facebook_DPA&utm_campaign={{campaign.name}}_{{adset.name}}&utm_medium={{adset.id}}&utm_content={{ad.id}}_{{ad.name}}&cmpid=69844dedca420a8b8b43f68e&sub1={{ad.id}}&sub2={{adset.id}}&sub3={{campaign.id}}&sub4={{ad.name}}&sub5={{adset.name}}&sub6={{campaign.name}}&sub7={{site_source_name}}&sub9=Meta&ref_id={{fbclid}},
ND1220,Nordace Slippella Mini Umbrella,,https://lp.nordace.com/dpalink/nordace-slippella-mini-umbrella?utm_source=Facebook_DPA&utm_campaign={{campaign.name}}_{{adset.name}}&utm_medium={{adset.id}}&utm_content={{ad.id}}_{{ad.name}}&cmpid=69844dedca420a8b8b43f68e&sub1={{ad.id}}&sub2={{adset.id}}&sub3={{campaign.id}}&sub4={{ad.name}}&sub5={{adset.name}}&sub6={{campaign.name}}&sub7={{site_source_name}}&sub9=Meta&ref_id={{fbclid}},,,in stock,,,49.99 USD,,Backpacks & Wallets,100,,Nordace,ND1220-EN,yes,new,no,,,,,,,ND1220-GROUP,,,,,no,,,English,en,,,single,,,,,https://lp.nordace.com/dpalink/nordace-slippella-mini-umbrella?utm_source=Facebook_DPA&utm_campaign={{campaign.name}}_{{adset.name}}&utm_medium={{adset.id}}&utm_content={{ad.id}}_{{ad.name}}&cmpid=69844dedca420a8b8b43f68e&sub1={{ad.id}}&sub2={{adset.id}}&sub3={{campaign.id}}&sub4={{ad.name}}&sub5={{adset.name}}&sub6={{campaign.name}}&sub7={{site_source_name}}&sub9=Meta&ref_id={{fbclid}},
ND1220-1,Nordace Slippella Mini Umbrella,,https://lp.nordace.com/dpalink/nordace-slippella-mini-umbrella_black?utm_source=Facebook_DPA&utm_campaign={{campaign.name}}_{{adset.name}}&utm_medium={{adset.id}}&utm_content={{ad.id}}_{{ad.name}}&cmpid=69844dedca420a8b8b43f68e&sub1={{ad.id}}&sub2={{adset.id}}&sub3={{campaign.id}}&sub4={{ad.name}}&sub5={{adset.name}}&sub6={{campaign.name}}&sub7={{site_source_name}}&sub9=Meta&ref_id={{fbclid}},https://nordace.com/wp-content/uploads/2024/10/IMG_5506.jpg,,in stock,,,49.99 USD,,Backpacks & Wallets,100,,Nordace,ND1220-1-EN,yes,new,no,,Black,,,,,ND1220-GROUP,,,,,no,,,English,en,,,single,,,,,https://lp.nordace.com/dpalink/nordace-slippella-mini-umbrella_black?utm_source=Facebook_DPA&utm_campaign={{campaign.name}}_{{adset.name}}&utm_medium={{adset.id}}&utm_content={{ad.id}}_{{ad.name}}&cmpid=69844dedca420a8b8b43f68e&sub1={{ad.id}}&sub2={{adset.id}}&sub3={{campaign.id}}&sub4={{ad.name}}&sub5={{adset.name}}&sub6={{campaign.name}}&sub7={{site_source_name}}&sub9=Meta&ref_id={{fbclid}},
ND1220-4,Nordace Slippella Mini Umbrella,,https://lp.nordace.com/dpalink/nordace-slippella-mini-umbrella_blue?utm_source=Facebook_DPA&utm_campaign={{campaign.name}}_{{adset.name}}&utm_medium={{adset.id}}&utm_content={{ad.id}}_{{ad.name}}&cmpid=69844dedca420a8b8b43f68e&sub1={{ad.id}}&sub2={{adset.id}}&sub3={{campaign.id}}&sub4={{ad.name}}&sub5={{adset.name}}&sub6={{campaign.name}}&sub7={{site_source_name}}&sub9=Meta&ref_id={{fbclid}},https://nordace.com/wp-content/uploads/2024/10/IMG_5472.jpg,,in stock,,,49.99 USD,,Backpacks & Wallets,100,,Nordace,ND1220-4-EN,yes,new,no,,Blue,,,,,ND1220-GROUP,,,,,no,,,English,en,,,single,,,,,https://lp.nordace.com/dpalink/nordace-slippella-mini-umbrella_blue?utm_source=Facebook_DPA&utm_campaign={{campaign.name}}_{{adset.name}}&utm_medium={{adset.id}}&utm_content={{ad.id}}_{{ad.name}}&cmpid=69844dedca420a8b8b43f68e&sub1={{ad.id}}&sub2={{adset.id}}&sub3={{campaign.id}}&sub4={{ad.name}}&sub5={{adset.name}}&sub6={{campaign.name}}&sub7={{site_source_name}}&sub9=Meta&ref_id={{fbclid}},
ND1220-2,Nordace Slippella Mini Umbrella,,https://lp.nordace.com/dpalink/nordace-slippella-mini-umbrella_gray?utm_source=Facebook_DPA&utm_campaign={{campaign.name}}_{{adset.name}}&utm_medium={{adset.id}}&utm_content={{ad.id}}_{{ad.name}}&cmpid=69844dedca420a8b8b43f68e&sub1={{ad.id}}&sub2={{adset.id}}&sub3={{campaign.id}}&sub4={{ad.name}}&sub5={{adset.name}}&sub6={{campaign.name}}&sub7={{site_source_name}}&sub9=Meta&ref_id={{fbclid}},https://nordace.com/wp-content/uploads/2024/10/IMG_5499.jpg,,in stock,,,49.99 USD,,Backpacks & Wallets,100,,Nordace,ND1220-2-EN,yes,new,no,,Gray,,,,,ND1220-GROUP,,,,,no,,,English,en,,,single,,,,,https://lp.nordace.com/dpalink/nordace-slippella-mini-umbrella_gray?utm_source=Facebook_DPA&utm_campaign={{campaign.name}}_{{adset.name}}&utm_medium={{adset.id}}&utm_content={{ad.id}}_{{ad.name}}&cmpid=69844dedca420a8b8b43f68e&sub1={{ad.id}}&sub2={{adset.id}}&sub3={{campaign.id}}&sub4={{ad.name}}&sub5={{adset.name}}&sub6={{campaign.name}}&sub7={{site_source_name}}&sub9=Meta&ref_id={{fbclid}},
ND1220-9,Nordace Slippella Mini Umbrella,,https://lp.nordace.com/dpalink/nordace-slippella-mini-umbrella_olive?utm_source=Facebook_DPA&utm_campaign={{campaign.name}}_{{adset.name}}&utm_medium={{adset.id}}&utm_content={{ad.id}}_{{ad.name}}&cmpid=69844dedca420a8b8b43f68e&sub1={{ad.id}}&sub2={{adset.id}}&sub3={{campaign.id}}&sub4={{ad.name}}&sub5={{adset.name}}&sub6={{campaign.name}}&sub7={{site_source_name}}&sub9=Meta&ref_id={{fbclid}},https://nordace.com/wp-content/uploads/2024/10/IMG_5481.jpg,,in stock,,,49.99 USD,,Backpacks & Wallets,100,,Nordace,ND1220-9-EN,yes,new,no,,Olive,,,,,ND1220-GROUP,,,,,no,,,English,en,,,single,,,,,https://lp.nordace.com/dpalink/nordace-slippella-mini-umbrella_olive?utm_source=Facebook_DPA&utm_campaign={{campaign.name}}_{{adset.name}}&utm_medium={{adset.id}}&utm_content={{ad.id}}_{{ad.name}}&cmpid=69844dedca420a8b8b43f68e&sub1={{ad.id}}&sub2={{adset.id}}&sub3={{campaign.id}}&sub4={{ad.name}}&sub5={{adset.name}}&sub6={{campaign.name}}&sub7={{site_source_name}}&sub9=Meta&ref_id={{fbclid}},
ND1220-7,Nordace Slippella Mini Umbrella,,https://lp.nordace.com/dpalink/nordace-slippella-mini-umbrella_navy-blue?utm_source=Facebook_DPA&utm_campaign={{campaign.name}}_{{adset.name}}&utm_medium={{adset.id}}&utm_content={{ad.id}}_{{ad.name}}&cmpid=69844dedca420a8b8b43f68e&sub1={{ad.id}}&sub2={{adset.id}}&sub3={{campaign.id}}&sub4={{ad.name}}&sub5={{adset.name}}&sub6={{campaign.name}}&sub7={{site_source_name}}&sub9=Meta&ref_id={{fbclid}},https://nordace.com/wp-content/uploads/2024/10/IMG_5454-Photoroom.jpg,,in stock,,,49.99 USD,,Backpacks & Wallets,100,,Nordace,ND1220-7-EN,yes,new,no,,Navy Blue,,,,,ND1220-GROUP,,,,,no,,,English,en,,,single,,,,,https://lp.nordace.com/dpalink/nordace-slippella-mini-umbrella_navy-blue?utm_source=Facebook_DPA&utm_campaign={{campaign.name}}_{{adset.name}}&utm_medium={{adset.id}}&utm_content={{ad.id}}_{{ad.name}}&cmpid=69844dedca420a8b8b43f68e&sub1={{ad.id}}&sub2={{adset.id}}&sub3={{campaign.id}}&sub4={{ad.name}}&sub5={{adset.name}}&sub6={{campaign.name}}&sub7={{site_source_name}}&sub9=Meta&ref_id={{fbclid}},
ND1220-6,Nordace Slippella Mini Umbrella,,https://lp.nordace.com/dpalink/nordace-slippella-mini-umbrella_mint?utm_source=Facebook_DPA&utm_campaign={{campaign.name}}_{{adset.name}}&utm_medium={{adset.id}}&utm_content={{ad.id}}_{{ad.name}}&cmpid=69844dedca420a8b8b43f68e&sub1={{ad.id}}&sub2={{adset.id}}&sub3={{campaign.id}}&sub4={{ad.name}}&sub5={{adset.name}}&sub6={{campaign.name}}&sub7={{site_source_name}}&sub9=Meta&ref_id={{fbclid}},https://nordace.com/wp-content/uploads/2024/10/IMG_5489-Photoroom.jpg,,in stock,,,49.99 USD,,Backpacks & Wallets,100,,Nordace,ND1220-6-EN,yes,new,no,,Mint,,,,,ND1220-GROUP,,,,,no,,,English,en,,,single,,,,,https://lp.nordace.com/dpalink/nordace-slippella-mini-umbrella_mint?utm_source=Facebook_DPA&utm_campaign={{campaign.name}}_{{adset.name}}&utm_medium={{adset.id}}&utm_content={{ad.id}}_{{ad.name}}&cmpid=69844dedca420a8b8b43f68e&sub1={{ad.id}}&sub2={{adset.id}}&sub3={{campaign.id}}&sub4={{ad.name}}&sub5={{adset.name}}&sub6={{campaign.name}}&sub7={{site_source_name}}&sub9=Meta&ref_id={{fbclid}},
ND1042,Nordace Alyth Foldable Travel Duffel Bag,,https://lp.nordace.com/dpalink/alyth-foldable-travel-duffel-bag?utm_source=Facebook_DPA&utm_campaign={{campaign.name}}_{{adset.name}}&utm_medium={{adset.id}}&utm_content={{ad.id}}_{{ad.name}}&cmpid=69844dedca420a8b8b43f68e&sub1={{ad.id}}&sub2={{adset.id}}&sub3={{campaign.id}}&sub4={{ad.name}}&sub5={{adset.name}}&sub6={{campaign.name}}&sub7={{site_source_name}}&sub9=Meta&ref_id={{fbclid}},,,in stock,,,49.99 USD,,Backpacks & Wallets,100,,Nordace,ND1042-EN,yes,new,no,,,,,,,ND1042-GROUP,,,,,no,,,English,en,,,single,,,,,https://lp.nordace.com/dpalink/alyth-foldable-travel-duffel-bag?utm_source=Facebook_DPA&utm_campaign={{campaign.name}}_{{adset.name}}&utm_medium={{adset.id}}&utm_content={{ad.id}}_{{ad.name}}&cmpid=69844dedca420a8b8b43f68e&sub1={{ad.id}}&sub2={{adset.id}}&sub3={{campaign.id}}&sub4={{ad.name}}&sub5={{adset.name}}&sub6={{campaign.name}}&sub7={{site_source_name}}&sub9=Meta&ref_id={{fbclid}},
ND1042,Nordace Alyth Foldable Travel Duffel Bag,,https://lp.nordace.com/dpalink/alyth-foldable-travel-duffel-bag_black?utm_source=Facebook_DPA&utm_campaign={{campaign.name}}_{{adset.name}}&utm_medium={{adset.id}}&utm_content={{ad.id}}_{{ad.name}}&cmpid=69844dedca420a8b8b43f68e&sub1={{ad.id}}&sub2={{adset.id}}&sub3={{campaign.id}}&sub4={{ad.name}}&sub5={{adset.name}}&sub6={{campaign.name}}&sub7={{site_source_name}}&sub9=Meta&ref_id={{fbclid}},https://nordace.com/wp-content/uploads/2020/03/travel_duffel_1.jpg,,in stock,,,49.99 USD,,Backpacks & Wallets,100,,Nordace,ND1042-EN,yes,new,no,,Black,,,,,ND1042-GROUP,,,,,no,,,English,en,,,single,,,,,https://lp.nordace.com/dpalink/alyth-foldable-travel-duffel-bag_black?utm_source=Facebook_DPA&utm_campaign={{campaign.name}}_{{adset.name}}&utm_medium={{adset.id}}&utm_content={{ad.id}}_{{ad.name}}&cmpid=69844dedca420a8b8b43f68e&sub1={{ad.id}}&sub2={{adset.id}}&sub3={{campaign.id}}&sub4={{ad.name}}&sub5={{adset.name}}&sub6={{campaign.name}}&sub7={{site_source_name}}&sub9=Meta&ref_id={{fbclid}},
ND1093,Nordace Leiden Smart Duffel Bag,,https://lp.nordace.com/dpalink/nordace-leiden-smart-duffel-bag?utm_source=Facebook_DPA&utm_campaign={{campaign.name}}_{{adset.name}}&utm_medium={{adset.id}}&utm_content={{ad.id}}_{{ad.name}}&cmpid=69844dedca420a8b8b43f68e&sub1={{ad.id}}&sub2={{adset.id}}&sub3={{campaign.id}}&sub4={{ad.name}}&sub5={{adset.name}}&sub6={{campaign.name}}&sub7={{site_source_name}}&sub9=Meta&ref_id={{fbclid}},,,in stock,,,130 USD,99.99 USD,Backpacks & Wallets,100,,Nordace,ND1093-EN,yes,new,no,,,,,,,ND1093-GROUP,,,,,no,,,English,en,,,single,,,,,https://lp.nordace.com/dpalink/nordace-leiden-smart-duffel-bag?utm_source=Facebook_DPA&utm_campaign={{campaign.name}}_{{adset.name}}&utm_medium={{adset.id}}&utm_content={{ad.id}}_{{ad.name}}&cmpid=69844dedca420a8b8b43f68e&sub1={{ad.id}}&sub2={{adset.id}}&sub3={{campaign.id}}&sub4={{ad.name}}&sub5={{adset.name}}&sub6={{campaign.name}}&sub7={{site_source_name}}&sub9=Meta&ref_id={{fbclid}},
ND1093-1,Nordace Leiden Smart Duffel Bag,,https://lp.nordace.com/dpalink/nordace-leiden-smart-duffel-bag_black_13-3?utm_source=Facebook_DPA&utm_campaign={{campaign.name}}_{{adset.name}}&utm_medium={{adset.id}}&utm_content={{ad.id}}_{{ad.name}}&cmpid=69844dedca420a8b8b43f68e&sub1={{ad.id}}&sub2={{adset.id}}&sub3={{campaign.id}}&sub4={{ad.name}}&sub5={{adset.name}}&sub6={{campaign.name}}&sub7={{site_source_name}}&sub9=Meta&ref_id={{fbclid}},https://nordace.com/wp-content/uploads/2023/01/ND1095-112.jpg,,in stock,,,130 USD,99.99 USD,Backpacks & Wallets,100,,Nordace,ND1093-1-EN,yes,new,no,,Black,,,,13 3,ND1093-GROUP,,,,,no,,,English,en,,,single,,,,,https://lp.nordace.com/dpalink/nordace-leiden-smart-duffel-bag_black_13-3?utm_source=Facebook_DPA&utm_campaign={{campaign.name}}_{{adset.name}}&utm_medium={{adset.id}}&utm_content={{ad.id}}_{{ad.name}}&cmpid=69844dedca420a8b8b43f68e&sub1={{ad.id}}&sub2={{adset.id}}&sub3={{campaign.id}}&sub4={{ad.name}}&sub5={{adset.name}}&sub6={{campaign.name}}&sub7={{site_source_name}}&sub9=Meta&ref_id={{fbclid}},
ND1111-1,Nordace Leiden Smart Duffel Bag,,https://lp.nordace.com/dpalink/nordace-leiden-smart-duffel-bag_black_15-6?utm_source=Facebook_DPA&utm_campaign={{campaign.name}}_{{adset.name}}&utm_medium={{adset.id}}&utm_content={{ad.id}}_{{ad.name}}&cmpid=69844dedca420a8b8b43f68e&sub1={{ad.id}}&sub2={{adset.id}}&sub3={{campaign.id}}&sub4={{ad.name}}&sub5={{adset.name}}&sub6={{campaign.name}}&sub7={{site_source_name}}&sub9=Meta&ref_id={{fbclid}},https://nordace.com/wp-content/uploads/2023/01/ND1111-1-05.jpg,,in stock,,,139.99 USD,88.88 USD,Backpacks & Wallets,100,,Nordace,ND1111-1-EN,yes,new,no,,Black,,,,15 6,ND1093-GROUP,,,,,no,,,English,en,,,single,,,,,https://lp.nordace.com/dpalink/nordace-leiden-smart-duffel-bag_black_15-6?utm_source=Facebook_DPA&utm_campaign={{campaign.name}}_{{adset.name}}&utm_medium={{adset.id}}&utm_content={{ad.id}}_{{ad.name}}&cmpid=69844dedca420a8b8b43f68e&sub1={{ad.id}}&sub2={{adset.id}}&sub3={{campaign.id}}&sub4={{ad.name}}&sub5={{adset.name}}&sub6={{campaign.name}}&sub7={{site_source_name}}&sub9=Meta&ref_id={{fbclid}},
ND1093-5,Nordace Leiden Smart Duffel Bag,,https://lp.nordace.com/dpalink/nordace-leiden-smart-duffel-bag_khaki_13-3?utm_source=Facebook_DPA&utm_campaign={{campaign.name}}_{{adset.name}}&utm_medium={{adset.id}}&utm_content={{ad.id}}_{{ad.name}}&cmpid=69844dedca420a8b8b43f68e&sub1={{ad.id}}&sub2={{adset.id}}&sub3={{campaign.id}}&sub4={{ad.name}}&sub5={{adset.name}}&sub6={{campaign.name}}&sub7={{site_source_name}}&sub9=Meta&ref_id={{fbclid}},https://nordace.com/wp-content/uploads/2022/02/ND1093-5-08.jpg,,in stock,,,130 USD,99.99 USD,Backpacks & Wallets,100,,Nordace,ND1093-5-EN,yes,new,no,,Khaki,,,,13 3,ND1093-GROUP,,,,,no,,,English,en,,,single,,,,,https://lp.nordace.com/dpalink/nordace-leiden-smart-duffel-bag_khaki_13-3?utm_source=Facebook_DPA&utm_campaign={{campaign.name}}_{{adset.name}}&utm_medium={{adset.id}}&utm_content={{ad.id}}_{{ad.name}}&cmpid=69844dedca420a8b8b43f68e&sub1={{ad.id}}&sub2={{adset.id}}&sub3={{campaign.id}}&sub4={{ad.name}}&sub5={{adset.name}}&sub6={{campaign.name}}&sub7={{site_source_name}}&sub9=Meta&ref_id={{fbclid}},
ND1111-5,Nordace Leiden Smart Duffel Bag,,https://lp.nordace.com/dpalink/nordace-leiden-smart-duffel-bag_khaki_15-6?utm_source=Facebook_DPA&utm_campaign={{campaign.name}}_{{adset.name}}&utm_medium={{adset.id}}&utm_content={{ad.id}}_{{ad.name}}&cmpid=69844dedca420a8b8b43f68e&sub1={{ad.id}}&sub2={{adset.id}}&sub3={{campaign.id}}&sub4={{ad.name}}&sub5={{adset.name}}&sub6={{campaign.name}}&sub7={{site_source_name}}&sub9=Meta&ref_id={{fbclid}},https://nordace.com/wp-content/uploads/2023/01/ND1111-5-03.jpg,,in stock,,,139.99 USD,88.88 USD,Backpacks & Wallets,100,,Nordace,ND1111-5-EN,yes,new,no,,Khaki,,,,15 6,ND1093-GROUP,,,,,no,,,English,en,,,single,,,,,https://lp.nordace.com/dpalink/nordace-leiden-smart-duffel-bag_khaki_15-6?utm_source=Facebook_DPA&utm_campaign={{campaign.name}}_{{adset.name}}&utm_medium={{adset.id}}&utm_content={{ad.id}}_{{ad.name}}&cmpid=69844dedca420a8b8b43f68e&sub1={{ad.id}}&sub2={{adset.id}}&sub3={{campaign.id}}&sub4={{ad.name}}&sub5={{adset.name}}&sub6={{campaign.name}}&sub7={{site_source_name}}&sub9=Meta&ref_id={{fbclid}},
ND1113,Nordace Aerial Infinity 15 Backpack,,https://lp.nordace.com/dpalink/nordace-aerial-infinity-backpack?utm_source=Facebook_DPA&utm_campaign={{campaign.name}}_{{adset.name}}&utm_medium={{adset.id}}&utm_content={{ad.id}}_{{ad.name}}&cmpid=69844dedca420a8b8b43f68e&sub1={{ad.id}}&sub2={{adset.id}}&sub3={{campaign.id}}&sub4={{ad.name}}&sub5={{adset.name}}&sub6={{campaign.name}}&sub7={{site_source_name}}&sub9=Meta&ref_id={{fbclid}},,,in stock,,,129.99 USD,119 USD,Backpacks & Wallets,100,,Nordace,ND1113-EN,yes,new,no,,,,,,,ND1113-GROUP,,,,,no,,,English,en,,,single,,,,,https://lp.nordace.com/dpalink/nordace-aerial-infinity-backpack?utm_source=Facebook_DPA&utm_campaign={{campaign.name}}_{{adset.name}}&utm_medium={{adset.id}}&utm_content={{ad.id}}_{{ad.name}}&cmpid=69844dedca420a8b8b43f68e&sub1={{ad.id}}&sub2={{adset.id}}&sub3={{campaign.id}}&sub4={{ad.name}}&sub5={{adset.name}}&sub6={{campaign.name}}&sub7={{site_source_name}}&sub9=Meta&ref_id={{fbclid}},
ND1113-5,Nordace Aerial Infinity 15 Backpack,,https://lp.nordace.com/dpalink/nordace-aerial-infinity-backpack_beige?utm_source=Facebook_DPA&utm_campaign={{campaign.name}}_{{adset.name}}&utm_medium={{adset.id}}&utm_content={{ad.id}}_{{ad.name}}&cmpid=69844dedca420a8b8b43f68e&sub1={{ad.id}}&sub2={{adset.id}}&sub3={{campaign.id}}&sub4={{ad.name}}&sub5={{adset.name}}&sub6={{campaign.name}}&sub7={{site_source_name}}&sub9=Meta&ref_id={{fbclid}},https://nordace.com/wp-content/uploads/2023/01/ND1113-51.jpg,,in stock,,,129.99 USD,119 USD,Backpacks & Wallets,100,,Nordace,ND1113-5-EN,yes,new,no,,Beige,,,,,ND1113-GROUP,,,,,no,,,English,en,,,single,,,,,https://lp.nordace.com/dpalink/nordace-aerial-infinity-backpack_beige?utm_source=Facebook_DPA&utm_campaign={{campaign.name}}_{{adset.name}}&utm_medium={{adset.id}}&utm_content={{ad.id}}_{{ad.name}}&cmpid=69844dedca420a8b8b43f68e&sub1={{ad.id}}&sub2={{adset.id}}&sub3={{campaign.id}}&sub4={{ad.name}}&sub5={{adset.name}}&sub6={{campaign.name}}&sub7={{site_source_name}}&sub9=Meta&ref_id={{fbclid}},
ND1025,Nordace Orleans - Duffel Bag,,https://lp.nordace.com/dpalink/orleans-yoga-duffel-bag?utm_source=Facebook_DPA&utm_campaign={{campaign.name}}_{{adset.name}}&utm_medium={{adset.id}}&utm_content={{ad.id}}_{{ad.name}}&cmpid=69844dedca420a8b8b43f68e&sub1={{ad.id}}&sub2={{adset.id}}&sub3={{campaign.id}}&sub4={{ad.name}}&sub5={{adset.name}}&sub6={{campaign.name}}&sub7={{site_source_name}}&sub9=Meta&ref_id={{fbclid}},,,in stock,,,149 USD,99.99 USD,Backpacks & Wallets,100,,Nordace,ND1025-EN,yes,new,no,,,,,,,ND1025-GROUP,,,,,no,,,English,en,,,single,,,,,https://lp.nordace.com/dpalink/orleans-yoga-duffel-bag?utm_source=Facebook_DPA&utm_campaign={{campaign.name}}_{{adset.name}}&utm_medium={{adset.id}}&utm_content={{ad.id}}_{{ad.name}}&cmpid=69844dedca420a8b8b43f68e&sub1={{ad.id}}&sub2={{adset.id}}&sub3={{campaign.id}}&sub4={{ad.name}}&sub5={{adset.name}}&sub6={{campaign.name}}&sub7={{site_source_name}}&sub9=Meta&ref_id={{fbclid}},
ND1025,Nordace Orleans - Duffel Bag,,https://lp.nordace.com/dpalink/orleans-yoga-duffel-bag_black?utm_source=Facebook_DPA&utm_campaign={{campaign.name}}_{{adset.name}}&utm_medium={{adset.id}}&utm_content={{ad.id}}_{{ad.name}}&cmpid=69844dedca420a8b8b43f68e&sub1={{ad.id}}&sub2={{adset.id}}&sub3={{campaign.id}}&sub4={{ad.name}}&sub5={{adset.name}}&sub6={{campaign.name}}&sub7={{site_source_name}}&sub9=Meta&ref_id={{fbclid}},https://nordace.com/wp-content/uploads/2019/08/Beyogi-Yoga-Bag-6.jpg,,in stock,,,149 USD,99.99 USD,Backpacks & Wallets,100,,Nordace,ND1025-EN,yes,new,no,,Black,,,,,ND1025-GROUP,,,,,no,,,English,en,,,single,,,,,https://lp.nordace.com/dpalink/orleans-yoga-duffel-bag_black?utm_source=Facebook_DPA&utm_campaign={{campaign.name}}_{{adset.name}}&utm_medium={{adset.id}}&utm_content={{ad.id}}_{{ad.name}}&cmpid=69844dedca420a8b8b43f68e&sub1={{ad.id}}&sub2={{adset.id}}&sub3={{campaign.id}}&sub4={{ad.name}}&sub5={{adset.name}}&sub6={{campaign.name}}&sub7={{site_source_name}}&sub9=Meta&ref_id={{fbclid}},
ND1062,Nordace Comino Classic Backpack,,https://lp.nordace.com/dpalink/nordace-comino-classic-backpack?utm_source=Facebook_DPA&utm_campaign={{campaign.name}}_{{adset.name}}&utm_medium={{adset.id}}&utm_content={{ad.id}}_{{ad.name}}&cmpid=69844dedca420a8b8b43f68e&sub1={{ad.id}}&sub2={{adset.id}}&sub3={{campaign.id}}&sub4={{ad.name}}&sub5={{adset.name}}&sub6={{campaign.name}}&sub7={{site_source_name}}&sub9=Meta&ref_id={{fbclid}},,,in stock,,,109.99 USD,79.99 USD,Backpacks & Wallets,100,,Nordace,ND1062-EN,yes,new,no,,,,,,,ND1062-GROUP,,,,,no,,,English,en,,,single,,,,,https://lp.nordace.com/dpalink/nordace-comino-classic-backpack?utm_source=Facebook_DPA&utm_campaign={{campaign.name}}_{{adset.name}}&utm_medium={{adset.id}}&utm_content={{ad.id}}_{{ad.name}}&cmpid=69844dedca420a8b8b43f68e&sub1={{ad.id}}&sub2={{adset.id}}&sub3={{campaign.id}}&sub4={{ad.name}}&sub5={{adset.name}}&sub6={{campaign.name}}&sub7={{site_source_name}}&sub9=Meta&ref_id={{fbclid}},
ND1062-1,Nordace Comino Classic Backpack,,https://lp.nordace.com/dpalink/nordace-comino-classic-backpack_charcoal?utm_source=Facebook_DPA&utm_campaign={{campaign.name}}_{{adset.name}}&utm_medium={{adset.id}}&utm_content={{ad.id}}_{{ad.name}}&cmpid=69844dedca420a8b8b43f68e&sub1={{ad.id}}&sub2={{adset.id}}&sub3={{campaign.id}}&sub4={{ad.name}}&sub5={{adset.name}}&sub6={{campaign.name}}&sub7={{site_source_name}}&sub9=Meta&ref_id={{fbclid}},https://nordace.com/wp-content/uploads/2020/09/ND1062-1-1.jpg,,in stock,,,109.99 USD,79.99 USD,Backpacks & Wallets,100,,Nordace,ND1062-1-EN,yes,new,no,,Charcoal,,,,,ND1062-GROUP,,,,,no,,,English,en,,,single,,,,,https://lp.nordace.com/dpalink/nordace-comino-classic-backpack_charcoal?utm_source=Facebook_DPA&utm_campaign={{campaign.name}}_{{adset.name}}&utm_medium={{adset.id}}&utm_content={{ad.id}}_{{ad.name}}&cmpid=69844dedca420a8b8b43f68e&sub1={{ad.id}}&sub2={{adset.id}}&sub3={{campaign.id}}&sub4={{ad.name}}&sub5={{adset.name}}&sub6={{campaign.name}}&sub7={{site_source_name}}&sub9=Meta&ref_id={{fbclid}},
ND1062-2,Nordace Comino Classic Backpack,,https://lp.nordace.com/dpalink/nordace-comino-classic-backpack_gray?utm_source=Facebook_DPA&utm_campaign={{campaign.name}}_{{adset.name}}&utm_medium={{adset.id}}&utm_content={{ad.id}}_{{ad.name}}&cmpid=69844dedca420a8b8b43f68e&sub1={{ad.id}}&sub2={{adset.id}}&sub3={{campaign.id}}&sub4={{ad.name}}&sub5={{adset.name}}&sub6={{campaign.name}}&sub7={{site_source_name}}&sub9=Meta&ref_id={{fbclid}},https://nordace.com/wp-content/uploads/2020/09/ND1062-2-6.jpg,,in stock,,,109.99 USD,79.99 USD,Backpacks & Wallets,100,,Nordace,ND1062-2-EN,yes,new,no,,Gray,,,,,ND1062-GROUP,,,,,no,,,English,en,,,single,,,,,https://lp.nordace.com/dpalink/nordace-comino-classic-backpack_gray?utm_source=Facebook_DPA&utm_campaign={{campaign.name}}_{{adset.name}}&utm_medium={{adset.id}}&utm_content={{ad.id}}_{{ad.name}}&cmpid=69844dedca420a8b8b43f68e&sub1={{ad.id}}&sub2={{adset.id}}&sub3={{campaign.id}}&sub4={{ad.name}}&sub5={{adset.name}}&sub6={{campaign.name}}&sub7={{site_source_name}}&sub9=Meta&ref_id={{fbclid}},
ND1233,Siena Element Flap Backpack,,https://lp.nordace.com/dpalink/siena-element-flap-backpack?utm_source=Facebook_DPA&utm_campaign={{campaign.name}}_{{adset.name}}&utm_medium={{adset.id}}&utm_content={{ad.id}}_{{ad.name}}&cmpid=69844dedca420a8b8b43f68e&sub1={{ad.id}}&sub2={{adset.id}}&sub3={{campaign.id}}&sub4={{ad.name}}&sub5={{adset.name}}&sub6={{campaign.name}}&sub7={{site_source_name}}&sub9=Meta&ref_id={{fbclid}},,,in stock,,,128 USD,,Backpacks & Wallets,100,,Nordace,ND1233-EN,yes,new,no,,,,,,,ND1233-GROUP,,,,,no,,,English,en,,,single,,,,,https://lp.nordace.com/dpalink/siena-element-flap-backpack?utm_source=Facebook_DPA&utm_campaign={{campaign.name}}_{{adset.name}}&utm_medium={{adset.id}}&utm_content={{ad.id}}_{{ad.name}}&cmpid=69844dedca420a8b8b43f68e&sub1={{ad.id}}&sub2={{adset.id}}&sub3={{campaign.id}}&sub4={{ad.name}}&sub5={{adset.name}}&sub6={{campaign.name}}&sub7={{site_source_name}}&sub9=Meta&ref_id={{fbclid}},
ND1233-1,Siena Element Flap Backpack,,https://lp.nordace.com/dpalink/siena-element-flap-backpack_black-brown?utm_source=Facebook_DPA&utm_campaign={{campaign.name}}_{{adset.name}}&utm_medium={{adset.id}}&utm_content={{ad.id}}_{{ad.name}}&cmpid=69844dedca420a8b8b43f68e&sub1={{ad.id}}&sub2={{adset.id}}&sub3={{campaign.id}}&sub4={{ad.name}}&sub5={{adset.name}}&sub6={{campaign.name}}&sub7={{site_source_name}}&sub9=Meta&ref_id={{fbclid}},https://nordace.com/wp-content/uploads/2025/08/ND1133-1-1-2_icon.jpg,,in stock,,,128 USD,,Backpacks & Wallets,100,,Nordace,ND1233-1-EN,yes,new,no,,Black Brown,,,,,ND1233-GROUP,,,,,no,,,English,en,,,single,,,,,https://lp.nordace.com/dpalink/siena-element-flap-backpack_black-brown?utm_source=Facebook_DPA&utm_campaign={{campaign.name}}_{{adset.name}}&utm_medium={{adset.id}}&utm_content={{ad.id}}_{{ad.name}}&cmpid=69844dedca420a8b8b43f68e&sub1={{ad.id}}&sub2={{adset.id}}&sub3={{campaign.id}}&sub4={{ad.name}}&sub5={{adset.name}}&sub6={{campaign.name}}&sub7={{site_source_name}}&sub9=Meta&ref_id={{fbclid}},
ND1233-7,Siena Element Flap Backpack,,https://lp.nordace.com/dpalink/siena-element-flap-backpack_blue?utm_source=Facebook_DPA&utm_campaign={{campaign.name}}_{{adset.name}}&utm_medium={{adset.id}}&utm_content={{ad.id}}_{{ad.name}}&cmpid=69844dedca420a8b8b43f68e&sub1={{ad.id}}&sub2={{adset.id}}&sub3={{campaign.id}}&sub4={{ad.name}}&sub5={{adset.name}}&sub6={{campaign.name}}&sub7={{site_source_name}}&sub9=Meta&ref_id={{fbclid}},https://nordace.com/wp-content/uploads/2025/08/ND1233-7-1-2_icon.jpg,,in stock,,,128 USD,,Backpacks & Wallets,100,,Nordace,ND1233-7-EN,yes,new,no,,Blue,,,,,ND1233-GROUP,,,,,no,,,English,en,,,single,,,,,https://lp.nordace.com/dpalink/siena-element-flap-backpack_blue?utm_source=Facebook_DPA&utm_campaign={{campaign.name}}_{{adset.name}}&utm_medium={{adset.id}}&utm_content={{ad.id}}_{{ad.name}}&cmpid=69844dedca420a8b8b43f68e&sub1={{ad.id}}&sub2={{adset.id}}&sub3={{campaign.id}}&sub4={{ad.name}}&sub5={{adset.name}}&sub6={{campaign.name}}&sub7={{site_source_name}}&sub9=Meta&ref_id={{fbclid}},
ND1141,Nordace Altes Daily Backpack,,https://lp.nordace.com/dpalink/nordace-altes-daily-backpack?utm_source=Facebook_DPA&utm_campaign={{campaign.name}}_{{adset.name}}&utm_medium={{adset.id}}&utm_content={{ad.id}}_{{ad.name}}&cmpid=69844dedca420a8b8b43f68e&sub1={{ad.id}}&sub2={{adset.id}}&sub3={{campaign.id}}&sub4={{ad.name}}&sub5={{adset.name}}&sub6={{campaign.name}}&sub7={{site_source_name}}&sub9=Meta&ref_id={{fbclid}},,,in stock,,,109.99 USD,,Backpacks & Wallets,100,,Nordace,ND1141-EN,yes,new,no,,,,,,,ND1141-GROUP,,,,,no,,,English,en,,,single,,,,,https://lp.nordace.com/dpalink/nordace-altes-daily-backpack?utm_source=Facebook_DPA&utm_campaign={{campaign.name}}_{{adset.name}}&utm_medium={{adset.id}}&utm_content={{ad.id}}_{{ad.name}}&cmpid=69844dedca420a8b8b43f68e&sub1={{ad.id}}&sub2={{adset.id}}&sub3={{campaign.id}}&sub4={{ad.name}}&sub5={{adset.name}}&sub6={{campaign.name}}&sub7={{site_source_name}}&sub9=Meta&ref_id={{fbclid}},
ND1141-1,Nordace Altes Daily Backpack,,https://lp.nordace.com/dpalink/nordace-altes-daily-backpack_black?utm_source=Facebook_DPA&utm_campaign={{campaign.name}}_{{adset.name}}&utm_medium={{adset.id}}&utm_content={{ad.id}}_{{ad.name}}&cmpid=69844dedca420a8b8b43f68e&sub1={{ad.id}}&sub2={{adset.id}}&sub3={{campaign.id}}&sub4={{ad.name}}&sub5={{adset.name}}&sub6={{campaign.name}}&sub7={{site_source_name}}&sub9=Meta&ref_id={{fbclid}},https://nordace.com/wp-content/uploads/2023/11/ND1141-1-10-1.jpg,,in stock,,,109.99 USD,,Backpacks & Wallets,100,,Nordace,ND1141-1-EN,yes,new,no,,Black,,,,,ND1141-GROUP,,,,,no,,,English,en,,,single,,,,,https://lp.nordace.com/dpalink/nordace-altes-daily-backpack_black?utm_source=Facebook_DPA&utm_campaign={{campaign.name}}_{{adset.name}}&utm_medium={{adset.id}}&utm_content={{ad.id}}_{{ad.name}}&cmpid=69844dedca420a8b8b43f68e&sub1={{ad.id}}&sub2={{adset.id}}&sub3={{campaign.id}}&sub4={{ad.name}}&sub5={{adset.name}}&sub6={{campaign.name}}&sub7={{site_source_name}}&sub9=Meta&ref_id={{fbclid}},
ND1141-5,Nordace Altes Daily Backpack,,https://lp.nordace.com/dpalink/nordace-altes-daily-backpack_beige?utm_source=Facebook_DPA&utm_campaign={{campaign.name}}_{{adset.name}}&utm_medium={{adset.id}}&utm_content={{ad.id}}_{{ad.name}}&cmpid=69844dedca420a8b8b43f68e&sub1={{ad.id}}&sub2={{adset.id}}&sub3={{campaign.id}}&sub4={{ad.name}}&sub5={{adset.name}}&sub6={{campaign.name}}&sub7={{site_source_name}}&sub9=Meta&ref_id={{fbclid}},https://nordace.com/wp-content/uploads/2023/11/ND1141-5-1-1.jpg,,in stock,,,109.99 USD,,Backpacks & Wallets,100,,Nordace,ND1141-5-EN,yes,new,no,,Beige,,,,,ND1141-GROUP,,,,,no,,,English,en,,,single,,,,,https://lp.nordace.com/dpalink/nordace-altes-daily-backpack_beige?utm_source=Facebook_DPA&utm_campaign={{campaign.name}}_{{adset.name}}&utm_medium={{adset.id}}&utm_content={{ad.id}}_{{ad.name}}&cmpid=69844dedca420a8b8b43f68e&sub1={{ad.id}}&sub2={{adset.id}}&sub3={{campaign.id}}&sub4={{ad.name}}&sub5={{adset.name}}&sub6={{campaign.name}}&sub7={{site_source_name}}&sub9=Meta&ref_id={{fbclid}},
ND1066,Nordace Comino Travelpack,,https://lp.nordace.com/dpalink/nordace-comino-travelpack?utm_source=Facebook_DPA&utm_campaign={{campaign.name}}_{{adset.name}}&utm_medium={{adset.id}}&utm_content={{ad.id}}_{{ad.name}}&cmpid=69844dedca420a8b8b43f68e&sub1={{ad.id}}&sub2={{adset.id}}&sub3={{campaign.id}}&sub4={{ad.name}}&sub5={{adset.name}}&sub6={{campaign.name}}&sub7={{site_source_name}}&sub9=Meta&ref_id={{fbclid}},,,in stock,,,180 USD,99.99 USD,Backpacks & Wallets,100,,Nordace,ND1066-EN,yes,new,no,,,,,,,ND1066-GROUP,,,,,no,,,English,en,,,single,,,,,https://lp.nordace.com/dpalink/nordace-comino-travelpack?utm_source=Facebook_DPA&utm_campaign={{campaign.name}}_{{adset.name}}&utm_medium={{adset.id}}&utm_content={{ad.id}}_{{ad.name}}&cmpid=69844dedca420a8b8b43f68e&sub1={{ad.id}}&sub2={{adset.id}}&sub3={{campaign.id}}&sub4={{ad.name}}&sub5={{adset.name}}&sub6={{campaign.name}}&sub7={{site_source_name}}&sub9=Meta&ref_id={{fbclid}},
ND1066-2,Nordace Comino Travelpack,,https://lp.nordace.com/dpalink/nordace-comino-travelpack_gray?utm_source=Facebook_DPA&utm_campaign={{campaign.name}}_{{adset.name}}&utm_medium={{adset.id}}&utm_content={{ad.id}}_{{ad.name}}&cmpid=69844dedca420a8b8b43f68e&sub1={{ad.id}}&sub2={{adset.id}}&sub3={{campaign.id}}&sub4={{ad.name}}&sub5={{adset.name}}&sub6={{campaign.name}}&sub7={{site_source_name}}&sub9=Meta&ref_id={{fbclid}},https://nordace.com/wp-content/uploads/2020/10/ND1066-2-25.jpg,,in stock,,,180 USD,99.99 USD,Backpacks & Wallets,100,,Nordace,ND1066-2-EN,yes,new,no,,Gray,,,,,ND1066-GROUP,,,,,no,,,English,en,,,single,,,,,https://lp.nordace.com/dpalink/nordace-comino-travelpack_gray?utm_source=Facebook_DPA&utm_campaign={{campaign.name}}_{{adset.name}}&utm_medium={{adset.id}}&utm_content={{ad.id}}_{{ad.name}}&cmpid=69844dedca420a8b8b43f68e&sub1={{ad.id}}&sub2={{adset.id}}&sub3={{campaign.id}}&sub4={{ad.name}}&sub5={{adset.name}}&sub6={{campaign.name}}&sub7={{site_source_name}}&sub9=Meta&ref_id={{fbclid}},
ND1066-7,Nordace Comino Travelpack,,https://lp.nordace.com/dpalink/nordace-comino-travelpack_navy-blue?utm_source=Facebook_DPA&utm_campaign={{campaign.name}}_{{adset.name}}&utm_medium={{adset.id}}&utm_content={{ad.id}}_{{ad.name}}&cmpid=69844dedca420a8b8b43f68e&sub1={{ad.id}}&sub2={{adset.id}}&sub3={{campaign.id}}&sub4={{ad.name}}&sub5={{adset.name}}&sub6={{campaign.name}}&sub7={{site_source_name}}&sub9=Meta&ref_id={{fbclid}},https://nordace.com/wp-content/uploads/2022/04/Comino-Travelpack-Navy-Blue-11.jpg,,in stock,,,180 USD,99.99 USD,Backpacks & Wallets,100,,Nordace,ND1066-7-EN,yes,new,no,,Navy Blue,,,,,ND1066-GROUP,,,,,no,,,English,en,,,single,,,,,https://lp.nordace.com/dpalink/nordace-comino-travelpack_navy-blue?utm_source=Facebook_DPA&utm_campaign={{campaign.name}}_{{adset.name}}&utm_medium={{adset.id}}&utm_content={{ad.id}}_{{ad.name}}&cmpid=69844dedca420a8b8b43f68e&sub1={{ad.id}}&sub2={{adset.id}}&sub3={{campaign.id}}&sub4={{ad.name}}&sub5={{adset.name}}&sub6={{campaign.name}}&sub7={{site_source_name}}&sub9=Meta&ref_id={{fbclid}},
ND1101,Nordace Eclat Re:Life Crossbody Bag,,https://lp.nordace.com/dpalink/eclat-relife-crossbody-bag?utm_source=Facebook_DPA&utm_campaign={{campaign.name}}_{{adset.name}}&utm_medium={{adset.id}}&utm_content={{ad.id}}_{{ad.name}}&cmpid=69844dedca420a8b8b43f68e&sub1={{ad.id}}&sub2={{adset.id}}&sub3={{campaign.id}}&sub4={{ad.name}}&sub5={{adset.name}}&sub6={{campaign.name}}&sub7={{site_source_name}}&sub9=Meta&ref_id={{fbclid}},,,in stock,,,70 USD,49.99 USD,Backpacks & Wallets,100,,Nordace,ND1101-EN,yes,new,no,,,,,,,ND1101-GROUP,,,,,no,,,English,en,,,single,,,,,https://lp.nordace.com/dpalink/eclat-relife-crossbody-bag?utm_source=Facebook_DPA&utm_campaign={{campaign.name}}_{{adset.name}}&utm_medium={{adset.id}}&utm_content={{ad.id}}_{{ad.name}}&cmpid=69844dedca420a8b8b43f68e&sub1={{ad.id}}&sub2={{adset.id}}&sub3={{campaign.id}}&sub4={{ad.name}}&sub5={{adset.name}}&sub6={{campaign.name}}&sub7={{site_source_name}}&sub9=Meta&ref_id={{fbclid}},
ND1101-1,Nordace Eclat Re:Life Crossbody Bag,,https://lp.nordace.com/dpalink/eclat-relife-crossbody-bag_black?utm_source=Facebook_DPA&utm_campaign={{campaign.name}}_{{adset.name}}&utm_medium={{adset.id}}&utm_content={{ad.id}}_{{ad.name}}&cmpid=69844dedca420a8b8b43f68e&sub1={{ad.id}}&sub2={{adset.id}}&sub3={{campaign.id}}&sub4={{ad.name}}&sub5={{adset.name}}&sub6={{campaign.name}}&sub7={{site_source_name}}&sub9=Meta&ref_id={{fbclid}},https://nordace.com/wp-content/uploads/2022/04/Eclat-Relife-Crossbody-Bag-Black.jpg,,in stock,,,70 USD,49.99 USD,Backpacks & Wallets,100,,Nordace,ND1101-1-EN,yes,new,no,,Black,,,,,ND1101-GROUP,,,,,no,,,English,en,,,single,,,,,https://lp.nordace.com/dpalink/eclat-relife-crossbody-bag_black?utm_source=Facebook_DPA&utm_campaign={{campaign.name}}_{{adset.name}}&utm_medium={{adset.id}}&utm_content={{ad.id}}_{{ad.name}}&cmpid=69844dedca420a8b8b43f68e&sub1={{ad.id}}&sub2={{adset.id}}&sub3={{campaign.id}}&sub4={{ad.name}}&sub5={{adset.name}}&sub6={{campaign.name}}&sub7={{site_source_name}}&sub9=Meta&ref_id={{fbclid}},
ND1101-2,Nordace Eclat Re:Life Crossbody Bag,,https://lp.nordace.com/dpalink/eclat-relife-crossbody-bag_gray?utm_source=Facebook_DPA&utm_campaign={{campaign.name}}_{{adset.name}}&utm_medium={{adset.id}}&utm_content={{ad.id}}_{{ad.name}}&cmpid=69844dedca420a8b8b43f68e&sub1={{ad.id}}&sub2={{adset.id}}&sub3={{campaign.id}}&sub4={{ad.name}}&sub5={{adset.name}}&sub6={{campaign.name}}&sub7={{site_source_name}}&sub9=Meta&ref_id={{fbclid}},https://nordace.com/wp-content/uploads/2022/04/Eclat-Relife-Crossbody-Bag-Gray.jpg,,in stock,,,70 USD,49.99 USD,Backpacks & Wallets,100,,Nordace,ND1101-2-EN,yes,new,no,,Gray,,,,,ND1101-GROUP,,,,,no,,,English,en,,,single,,,,,https://lp.nordace.com/dpalink/eclat-relife-crossbody-bag_gray?utm_source=Facebook_DPA&utm_campaign={{campaign.name}}_{{adset.name}}&utm_medium={{adset.id}}&utm_content={{ad.id}}_{{ad.name}}&cmpid=69844dedca420a8b8b43f68e&sub1={{ad.id}}&sub2={{adset.id}}&sub3={{campaign.id}}&sub4={{ad.name}}&sub5={{adset.name}}&sub6={{campaign.name}}&sub7={{site_source_name}}&sub9=Meta&ref_id={{fbclid}},
ND1058,Nordace Comino Daypack,,https://lp.nordace.com/dpalink/nordace-comino-daypack?utm_source=Facebook_DPA&utm_campaign={{campaign.name}}_{{adset.name}}&utm_medium={{adset.id}}&utm_content={{ad.id}}_{{ad.name}}&cmpid=69844dedca420a8b8b43f68e&sub1={{ad.id}}&sub2={{adset.id}}&sub3={{campaign.id}}&sub4={{ad.name}}&sub5={{adset.name}}&sub6={{campaign.name}}&sub7={{site_source_name}}&sub9=Meta&ref_id={{fbclid}},,,in stock,,,129.99 USD,89.99 USD,Backpacks & Wallets,100,,Nordace,ND1058-EN,yes,new,no,,,,,,,ND1058-GROUP,,,,,no,,,English,en,,,single,,,,,https://lp.nordace.com/dpalink/nordace-comino-daypack?utm_source=Facebook_DPA&utm_campaign={{campaign.name}}_{{adset.name}}&utm_medium={{adset.id}}&utm_content={{ad.id}}_{{ad.name}}&cmpid=69844dedca420a8b8b43f68e&sub1={{ad.id}}&sub2={{adset.id}}&sub3={{campaign.id}}&sub4={{ad.name}}&sub5={{adset.name}}&sub6={{campaign.name}}&sub7={{site_source_name}}&sub9=Meta&ref_id={{fbclid}},
ND1058-1,Nordace Comino Daypack,,https://lp.nordace.com/dpalink/nordace-comino-daypack_charcoal?utm_source=Facebook_DPA&utm_campaign={{campaign.name}}_{{adset.name}}&utm_medium={{adset.id}}&utm_content={{ad.id}}_{{ad.name}}&cmpid=69844dedca420a8b8b43f68e&sub1={{ad.id}}&sub2={{adset.id}}&sub3={{campaign.id}}&sub4={{ad.name}}&sub5={{adset.name}}&sub6={{campaign.name}}&sub7={{site_source_name}}&sub9=Meta&ref_id={{fbclid}},https://nordace.com/wp-content/uploads/2020/09/ND1058-1-20.jpg,,in stock,,,129.99 USD,89.99 USD,Backpacks & Wallets,100,,Nordace,ND1058-1-EN,yes,new,no,,Charcoal,,,,,ND1058-GROUP,,,,,no,,,English,en,,,single,,,,,https://lp.nordace.com/dpalink/nordace-comino-daypack_charcoal?utm_source=Facebook_DPA&utm_campaign={{campaign.name}}_{{adset.name}}&utm_medium={{adset.id}}&utm_content={{ad.id}}_{{ad.name}}&cmpid=69844dedca420a8b8b43f68e&sub1={{ad.id}}&sub2={{adset.id}}&sub3={{campaign.id}}&sub4={{ad.name}}&sub5={{adset.name}}&sub6={{campaign.name}}&sub7={{site_source_name}}&sub9=Meta&ref_id={{fbclid}},
ND1138,Siena Matteus Weekender,,https://lp.nordace.com/dpalink/matteus-weekender?utm_source=Facebook_DPA&utm_campaign={{campaign.name}}_{{adset.name}}&utm_medium={{adset.id}}&utm_content={{ad.id}}_{{ad.name}}&cmpid=69844dedca420a8b8b43f68e&sub1={{ad.id}}&sub2={{adset.id}}&sub3={{campaign.id}}&sub4={{ad.name}}&sub5={{adset.name}}&sub6={{campaign.name}}&sub7={{site_source_name}}&sub9=Meta&ref_id={{fbclid}},,,in stock,,,119.99 USD,,Backpacks & Wallets,100,,Nordace,ND1138-EN,yes,new,no,,,,,,,ND1138-GROUP,,,,,no,,,English,en,,,single,,,,,https://lp.nordace.com/dpalink/matteus-weekender?utm_source=Facebook_DPA&utm_campaign={{campaign.name}}_{{adset.name}}&utm_medium={{adset.id}}&utm_content={{ad.id}}_{{ad.name}}&cmpid=69844dedca420a8b8b43f68e&sub1={{ad.id}}&sub2={{adset.id}}&sub3={{campaign.id}}&sub4={{ad.name}}&sub5={{adset.name}}&sub6={{campaign.name}}&sub7={{site_source_name}}&sub9=Meta&ref_id={{fbclid}},
ND1138-1,Siena Matteus Weekender,,https://lp.nordace.com/dpalink/matteus-weekender_black?utm_source=Facebook_DPA&utm_campaign={{campaign.name}}_{{adset.name}}&utm_medium={{adset.id}}&utm_content={{ad.id}}_{{ad.name}}&cmpid=69844dedca420a8b8b43f68e&sub1={{ad.id}}&sub2={{adset.id}}&sub3={{campaign.id}}&sub4={{ad.name}}&sub5={{adset.name}}&sub6={{campaign.name}}&sub7={{site_source_name}}&sub9=Meta&ref_id={{fbclid}},https://nordace.com/wp-content/uploads/2023/12/ND1138-1-1.jpg,,in stock,,,119.99 USD,,Backpacks & Wallets,100,,Nordace,ND1138-1-EN,yes,new,no,,Black,,,,,ND1138-GROUP,,,,,no,,,English,en,,,single,,,,,https://lp.nordace.com/dpalink/matteus-weekender_black?utm_source=Facebook_DPA&utm_campaign={{campaign.name}}_{{adset.name}}&utm_medium={{adset.id}}&utm_content={{ad.id}}_{{ad.name}}&cmpid=69844dedca420a8b8b43f68e&sub1={{ad.id}}&sub2={{adset.id}}&sub3={{campaign.id}}&sub4={{ad.name}}&sub5={{adset.name}}&sub6={{campaign.name}}&sub7={{site_source_name}}&sub9=Meta&ref_id={{fbclid}},
ND1138-10,Siena Matteus Weekender,,https://lp.nordace.com/dpalink/matteus-weekender_beige-brown?utm_source=Facebook_DPA&utm_campaign={{campaign.name}}_{{adset.name}}&utm_medium={{adset.id}}&utm_content={{ad.id}}_{{ad.name}}&cmpid=69844dedca420a8b8b43f68e&sub1={{ad.id}}&sub2={{adset.id}}&sub3={{campaign.id}}&sub4={{ad.name}}&sub5={{adset.name}}&sub6={{campaign.name}}&sub7={{site_source_name}}&sub9=Meta&ref_id={{fbclid}},https://nordace.com/wp-content/uploads/2025/01/17.jpg,,in stock,,,119.99 USD,,Backpacks & Wallets,100,,Nordace,ND1138-10-EN,yes,new,no,,Beige Brown,,,,,ND1138-GROUP,,,,,no,,,English,en,,,single,,,,,https://lp.nordace.com/dpalink/matteus-weekender_beige-brown?utm_source=Facebook_DPA&utm_campaign={{campaign.name}}_{{adset.name}}&utm_medium={{adset.id}}&utm_content={{ad.id}}_{{ad.name}}&cmpid=69844dedca420a8b8b43f68e&sub1={{ad.id}}&sub2={{adset.id}}&sub3={{campaign.id}}&sub4={{ad.name}}&sub5={{adset.name}}&sub6={{campaign.name}}&sub7={{site_source_name}}&sub9=Meta&ref_id={{fbclid}},
ND1138-9,Siena Matteus Weekender,,https://lp.nordace.com/dpalink/matteus-weekender_black-brown?utm_source=Facebook_DPA&utm_campaign={{campaign.name}}_{{adset.name}}&utm_medium={{adset.id}}&utm_content={{ad.id}}_{{ad.name}}&cmpid=69844dedca420a8b8b43f68e&sub1={{ad.id}}&sub2={{adset.id}}&sub3={{campaign.id}}&sub4={{ad.name}}&sub5={{adset.name}}&sub6={{campaign.name}}&sub7={{site_source_name}}&sub9=Meta&ref_id={{fbclid}},https://nordace.com/wp-content/uploads/2025/01/3-6.jpg,,in stock,,,119.99 USD,,Backpacks & Wallets,100,,Nordace,ND1138-9-EN,yes,new,no,,Black Brown,,,,,ND1138-GROUP,,,,,no,,,English,en,,,single,,,,,https://lp.nordace.com/dpalink/matteus-weekender_black-brown?utm_source=Facebook_DPA&utm_campaign={{campaign.name}}_{{adset.name}}&utm_medium={{adset.id}}&utm_content={{ad.id}}_{{ad.name}}&cmpid=69844dedca420a8b8b43f68e&sub1={{ad.id}}&sub2={{adset.id}}&sub3={{campaign.id}}&sub4={{ad.name}}&sub5={{adset.name}}&sub6={{campaign.name}}&sub7={{site_source_name}}&sub9=Meta&ref_id={{fbclid}},
ND1138-6,Siena Matteus Weekender,,https://lp.nordace.com/dpalink/matteus-weekender_olive?utm_source=Facebook_DPA&utm_campaign={{campaign.name}}_{{adset.name}}&utm_medium={{adset.id}}&utm_content={{ad.id}}_{{ad.name}}&cmpid=69844dedca420a8b8b43f68e&sub1={{ad.id}}&sub2={{adset.id}}&sub3={{campaign.id}}&sub4={{ad.name}}&sub5={{adset.name}}&sub6={{campaign.name}}&sub7={{site_source_name}}&sub9=Meta&ref_id={{fbclid}},https://nordace.com/wp-content/uploads/2025/07/ND1138-6-3.jpg,,in stock,,,119.99 USD,,Backpacks & Wallets,100,,Nordace,ND1138-6-EN,yes,new,no,,Olive,,,,,ND1138-GROUP,,,,,no,,,English,en,,,single,,,,,https://lp.nordace.com/dpalink/matteus-weekender_olive?utm_source=Facebook_DPA&utm_campaign={{campaign.name}}_{{adset.name}}&utm_medium={{adset.id}}&utm_content={{ad.id}}_{{ad.name}}&cmpid=69844dedca420a8b8b43f68e&sub1={{ad.id}}&sub2={{adset.id}}&sub3={{campaign.id}}&sub4={{ad.name}}&sub5={{adset.name}}&sub6={{campaign.name}}&sub7={{site_source_name}}&sub9=Meta&ref_id={{fbclid}},
ND1138-2,Siena Matteus Weekender,,https://lp.nordace.com/dpalink/matteus-weekender_gray?utm_source=Facebook_DPA&utm_campaign={{campaign.name}}_{{adset.name}}&utm_medium={{adset.id}}&utm_content={{ad.id}}_{{ad.name}}&cmpid=69844dedca420a8b8b43f68e&sub1={{ad.id}}&sub2={{adset.id}}&sub3={{campaign.id}}&sub4={{ad.name}}&sub5={{adset.name}}&sub6={{campaign.name}}&sub7={{site_source_name}}&sub9=Meta&ref_id={{fbclid}},https://nordace.com/wp-content/uploads/2025/08/ND1138-2-1.jpg,,in stock,,,119.99 USD,,Backpacks & Wallets,100,,Nordace,ND1138-2-EN,yes,new,no,,Gray,,,,,ND1138-GROUP,,,,,no,,,English,en,,,single,,,,,https://lp.nordace.com/dpalink/matteus-weekender_gray?utm_source=Facebook_DPA&utm_campaign={{campaign.name}}_{{adset.name}}&utm_medium={{adset.id}}&utm_content={{ad.id}}_{{ad.name}}&cmpid=69844dedca420a8b8b43f68e&sub1={{ad.id}}&sub2={{adset.id}}&sub3={{campaign.id}}&sub4={{ad.name}}&sub5={{adset.name}}&sub6={{campaign.name}}&sub7={{site_source_name}}&sub9=Meta&ref_id={{fbclid}},
ND1109,Audon Emmity Baby Diaper Backpack,,https://lp.nordace.com/dpalink/audon-emmity-baby-diaper-backpack?utm_source=Facebook_DPA&utm_campaign={{campaign.name}}_{{adset.name}}&utm_medium={{adset.id}}&utm_content={{ad.id}}_{{ad.name}}&cmpid=69844dedca420a8b8b43f68e&sub1={{ad.id}}&sub2={{adset.id}}&sub3={{campaign.id}}&sub4={{ad.name}}&sub5={{adset.name}}&sub6={{campaign.name}}&sub7={{site_source_name}}&sub9=Meta&ref_id={{fbclid}},,,in stock,,,150 USD,99 USD,Backpacks & Wallets,100,,Nordace,ND1109-EN,yes,new,no,,,,,,,ND1109-GROUP,,,,,no,,,English,en,,,single,,,,,https://lp.nordace.com/dpalink/audon-emmity-baby-diaper-backpack?utm_source=Facebook_DPA&utm_campaign={{campaign.name}}_{{adset.name}}&utm_medium={{adset.id}}&utm_content={{ad.id}}_{{ad.name}}&cmpid=69844dedca420a8b8b43f68e&sub1={{ad.id}}&sub2={{adset.id}}&sub3={{campaign.id}}&sub4={{ad.name}}&sub5={{adset.name}}&sub6={{campaign.name}}&sub7={{site_source_name}}&sub9=Meta&ref_id={{fbclid}},
ND1109-5,Audon Emmity Baby Diaper Backpack,,https://lp.nordace.com/dpalink/audon-emmity-baby-diaper-backpack_caramel?utm_source=Facebook_DPA&utm_campaign={{campaign.name}}_{{adset.name}}&utm_medium={{adset.id}}&utm_content={{ad.id}}_{{ad.name}}&cmpid=69844dedca420a8b8b43f68e&sub1={{ad.id}}&sub2={{adset.id}}&sub3={{campaign.id}}&sub4={{ad.name}}&sub5={{adset.name}}&sub6={{campaign.name}}&sub7={{site_source_name}}&sub9=Meta&ref_id={{fbclid}},https://nordace.com/wp-content/uploads/2022/12/ND1109-51.jpg,,in stock,,,150 USD,99 USD,Backpacks & Wallets,100,,Nordace,ND1109-5-EN,yes,new,no,,Caramel,,,,,ND1109-GROUP,,,,,no,,,English,en,,,single,,,,,https://lp.nordace.com/dpalink/audon-emmity-baby-diaper-backpack_caramel?utm_source=Facebook_DPA&utm_campaign={{campaign.name}}_{{adset.name}}&utm_medium={{adset.id}}&utm_content={{ad.id}}_{{ad.name}}&cmpid=69844dedca420a8b8b43f68e&sub1={{ad.id}}&sub2={{adset.id}}&sub3={{campaign.id}}&sub4={{ad.name}}&sub5={{adset.name}}&sub6={{campaign.name}}&sub7={{site_source_name}}&sub9=Meta&ref_id={{fbclid}},
ND1109-1,Audon Emmity Baby Diaper Backpack,,https://lp.nordace.com/dpalink/audon-emmity-baby-diaper-backpack_black?utm_source=Facebook_DPA&utm_campaign={{campaign.name}}_{{adset.name}}&utm_medium={{adset.id}}&utm_content={{ad.id}}_{{ad.name}}&cmpid=69844dedca420a8b8b43f68e&sub1={{ad.id}}&sub2={{adset.id}}&sub3={{campaign.id}}&sub4={{ad.name}}&sub5={{adset.name}}&sub6={{campaign.name}}&sub7={{site_source_name}}&sub9=Meta&ref_id={{fbclid}},https://nordace.com/wp-content/uploads/2022/12/ND1109-12.jpg,,in stock,,,150 USD,99 USD,Backpacks & Wallets,100,,Nordace,ND1109-1-EN,yes,new,no,,Black,,,,,ND1109-GROUP,,,,,no,,,English,en,,,single,,,,,https://lp.nordace.com/dpalink/audon-emmity-baby-diaper-backpack_black?utm_source=Facebook_DPA&utm_campaign={{campaign.name}}_{{adset.name}}&utm_medium={{adset.id}}&utm_content={{ad.id}}_{{ad.name}}&cmpid=69844dedca420a8b8b43f68e&sub1={{ad.id}}&sub2={{adset.id}}&sub3={{campaign.id}}&sub4={{ad.name}}&sub5={{adset.name}}&sub6={{campaign.name}}&sub7={{site_source_name}}&sub9=Meta&ref_id={{fbclid}},
ND1132,Nordace Guella Backpack,,https://lp.nordace.com/dpalink/nordace-guella-backpack?utm_source=Facebook_DPA&utm_campaign={{campaign.name}}_{{adset.name}}&utm_medium={{adset.id}}&utm_content={{ad.id}}_{{ad.name}}&cmpid=69844dedca420a8b8b43f68e&sub1={{ad.id}}&sub2={{adset.id}}&sub3={{campaign.id}}&sub4={{ad.name}}&sub5={{adset.name}}&sub6={{campaign.name}}&sub7={{site_source_name}}&sub9=Meta&ref_id={{fbclid}},,,in stock,,,119.99 USD,89.99 USD,Backpacks & Wallets,100,,Nordace,ND1132-EN,yes,new,no,,,,,,,ND1132-GROUP,,,,,no,,,English,en,,,single,,,,,https://lp.nordace.com/dpalink/nordace-guella-backpack?utm_source=Facebook_DPA&utm_campaign={{campaign.name}}_{{adset.name}}&utm_medium={{adset.id}}&utm_content={{ad.id}}_{{ad.name}}&cmpid=69844dedca420a8b8b43f68e&sub1={{ad.id}}&sub2={{adset.id}}&sub3={{campaign.id}}&sub4={{ad.name}}&sub5={{adset.name}}&sub6={{campaign.name}}&sub7={{site_source_name}}&sub9=Meta&ref_id={{fbclid}},
ND1132-1,Nordace Guella Backpack,,https://lp.nordace.com/dpalink/nordace-guella-backpack_black?utm_source=Facebook_DPA&utm_campaign={{campaign.name}}_{{adset.name}}&utm_medium={{adset.id}}&utm_content={{ad.id}}_{{ad.name}}&cmpid=69844dedca420a8b8b43f68e&sub1={{ad.id}}&sub2={{adset.id}}&sub3={{campaign.id}}&sub4={{ad.name}}&sub5={{adset.name}}&sub6={{campaign.name}}&sub7={{site_source_name}}&sub9=Meta&ref_id={{fbclid}},https://nordace.com/wp-content/uploads/2023/08/ND1130-1-2-1-1.jpg,,in stock,,,119.99 USD,89.99 USD,Backpacks & Wallets,100,,Nordace,ND1132-1-EN,yes,new,no,,Black,,,,,ND1132-GROUP,,,,,no,,,English,en,,,single,,,,,https://lp.nordace.com/dpalink/nordace-guella-backpack_black?utm_source=Facebook_DPA&utm_campaign={{campaign.name}}_{{adset.name}}&utm_medium={{adset.id}}&utm_content={{ad.id}}_{{ad.name}}&cmpid=69844dedca420a8b8b43f68e&sub1={{ad.id}}&sub2={{adset.id}}&sub3={{campaign.id}}&sub4={{ad.name}}&sub5={{adset.name}}&sub6={{campaign.name}}&sub7={{site_source_name}}&sub9=Meta&ref_id={{fbclid}},
ND1064,Nordace Comino Crossbody Bag,,https://lp.nordace.com/dpalink/comino-crossbody-bag?utm_source=Facebook_DPA&utm_campaign={{campaign.name}}_{{adset.name}}&utm_medium={{adset.id}}&utm_content={{ad.id}}_{{ad.name}}&cmpid=69844dedca420a8b8b43f68e&sub1={{ad.id}}&sub2={{adset.id}}&sub3={{campaign.id}}&sub4={{ad.name}}&sub5={{adset.name}}&sub6={{campaign.name}}&sub7={{site_source_name}}&sub9=Meta&ref_id={{fbclid}},,,in stock,,,69.99 USD,59.99 USD,Backpacks & Wallets,100,,Nordace,ND1064-EN,yes,new,no,,,,,,,ND1064-GROUP,,,,,no,,,English,en,,,single,,,,,https://lp.nordace.com/dpalink/comino-crossbody-bag?utm_source=Facebook_DPA&utm_campaign={{campaign.name}}_{{adset.name}}&utm_medium={{adset.id}}&utm_content={{ad.id}}_{{ad.name}}&cmpid=69844dedca420a8b8b43f68e&sub1={{ad.id}}&sub2={{adset.id}}&sub3={{campaign.id}}&sub4={{ad.name}}&sub5={{adset.name}}&sub6={{campaign.name}}&sub7={{site_source_name}}&sub9=Meta&ref_id={{fbclid}},
ND1064-1,Nordace Comino Crossbody Bag,,https://lp.nordace.com/dpalink/comino-crossbody-bag_charcoal?utm_source=Facebook_DPA&utm_campaign={{campaign.name}}_{{adset.name}}&utm_medium={{adset.id}}&utm_content={{ad.id}}_{{ad.name}}&cmpid=69844dedca420a8b8b43f68e&sub1={{ad.id}}&sub2={{adset.id}}&sub3={{campaign.id}}&sub4={{ad.name}}&sub5={{adset.name}}&sub6={{campaign.name}}&sub7={{site_source_name}}&sub9=Meta&ref_id={{fbclid}},https://nordace.com/wp-content/uploads/2020/09/ND1064-1-2.jpg,,in stock,,,69.99 USD,59.99 USD,Backpacks & Wallets,100,,Nordace,ND1064-1-EN,yes,new,no,,Charcoal,,,,,ND1064-GROUP,,,,,no,,,English,en,,,single,,,,,https://lp.nordace.com/dpalink/comino-crossbody-bag_charcoal?utm_source=Facebook_DPA&utm_campaign={{campaign.name}}_{{adset.name}}&utm_medium={{adset.id}}&utm_content={{ad.id}}_{{ad.name}}&cmpid=69844dedca420a8b8b43f68e&sub1={{ad.id}}&sub2={{adset.id}}&sub3={{campaign.id}}&sub4={{ad.name}}&sub5={{adset.name}}&sub6={{campaign.name}}&sub7={{site_source_name}}&sub9=Meta&ref_id={{fbclid}},
ND1140,Nordace Aerial Infinity 17 Backpack,,https://lp.nordace.com/dpalink/nordace-aerial-infinity-backpack-17?utm_source=Facebook_DPA&utm_campaign={{campaign.name}}_{{adset.name}}&utm_medium={{adset.id}}&utm_content={{ad.id}}_{{ad.name}}&cmpid=69844dedca420a8b8b43f68e&sub1={{ad.id}}&sub2={{adset.id}}&sub3={{campaign.id}}&sub4={{ad.name}}&sub5={{adset.name}}&sub6={{campaign.name}}&sub7={{site_source_name}}&sub9=Meta&ref_id={{fbclid}},,,in stock,,,139.99 USD,89.99 USD,Backpacks & Wallets,100,,Nordace,ND1140-EN,yes,new,no,,,,,,,ND1140-GROUP,,,,,no,,,English,en,,,single,,,,,https://lp.nordace.com/dpalink/nordace-aerial-infinity-backpack-17?utm_source=Facebook_DPA&utm_campaign={{campaign.name}}_{{adset.name}}&utm_medium={{adset.id}}&utm_content={{ad.id}}_{{ad.name}}&cmpid=69844dedca420a8b8b43f68e&sub1={{ad.id}}&sub2={{adset.id}}&sub3={{campaign.id}}&sub4={{ad.name}}&sub5={{adset.name}}&sub6={{campaign.name}}&sub7={{site_source_name}}&sub9=Meta&ref_id={{fbclid}},
ND1140-5,Nordace Aerial Infinity 17 Backpack,,https://lp.nordace.com/dpalink/nordace-aerial-infinity-backpack-17_beige?utm_source=Facebook_DPA&utm_campaign={{campaign.name}}_{{adset.name}}&utm_medium={{adset.id}}&utm_content={{ad.id}}_{{ad.name}}&cmpid=69844dedca420a8b8b43f68e&sub1={{ad.id}}&sub2={{adset.id}}&sub3={{campaign.id}}&sub4={{ad.name}}&sub5={{adset.name}}&sub6={{campaign.name}}&sub7={{site_source_name}}&sub9=Meta&ref_id={{fbclid}},https://nordace.com/wp-content/uploads/2023/10/6G8A0901.jpg,,in stock,,,139.99 USD,89.99 USD,Backpacks & Wallets,100,,Nordace,ND1140-5-EN,yes,new,no,,Beige,,,,,ND1140-GROUP,,,,,no,,,English,en,,,single,,,,,https://lp.nordace.com/dpalink/nordace-aerial-infinity-backpack-17_beige?utm_source=Facebook_DPA&utm_campaign={{campaign.name}}_{{adset.name}}&utm_medium={{adset.id}}&utm_content={{ad.id}}_{{ad.name}}&cmpid=69844dedca420a8b8b43f68e&sub1={{ad.id}}&sub2={{adset.id}}&sub3={{campaign.id}}&sub4={{ad.name}}&sub5={{adset.name}}&sub6={{campaign.name}}&sub7={{site_source_name}}&sub9=Meta&ref_id={{fbclid}},
ND1216,Siena Large Hobo Bag,,https://lp.nordace.com/dpalink/nordace-siena-nexus-large-hobo-bag?utm_source=Facebook_DPA&utm_campaign={{campaign.name}}_{{adset.name}}&utm_medium={{adset.id}}&utm_content={{ad.id}}_{{ad.name}}&cmpid=69844dedca420a8b8b43f68e&sub1={{ad.id}}&sub2={{adset.id}}&sub3={{campaign.id}}&sub4={{ad.name}}&sub5={{adset.name}}&sub6={{campaign.name}}&sub7={{site_source_name}}&sub9=Meta&ref_id={{fbclid}},,,in stock,,,129.99 USD,,Backpacks & Wallets,100,,Nordace,ND1216-EN,yes,new,no,,,,,,,ND1216-GROUP,,,,,no,,,English,en,,,single,,,,,https://lp.nordace.com/dpalink/nordace-siena-nexus-large-hobo-bag?utm_source=Facebook_DPA&utm_campaign={{campaign.name}}_{{adset.name}}&utm_medium={{adset.id}}&utm_content={{ad.id}}_{{ad.name}}&cmpid=69844dedca420a8b8b43f68e&sub1={{ad.id}}&sub2={{adset.id}}&sub3={{campaign.id}}&sub4={{ad.name}}&sub5={{adset.name}}&sub6={{campaign.name}}&sub7={{site_source_name}}&sub9=Meta&ref_id={{fbclid}},
ND1216-1,Siena Large Hobo Bag,,https://lp.nordace.com/dpalink/nordace-siena-nexus-large-hobo-bag_black?utm_source=Facebook_DPA&utm_campaign={{campaign.name}}_{{adset.name}}&utm_medium={{adset.id}}&utm_content={{ad.id}}_{{ad.name}}&cmpid=69844dedca420a8b8b43f68e&sub1={{ad.id}}&sub2={{adset.id}}&sub3={{campaign.id}}&sub4={{ad.name}}&sub5={{adset.name}}&sub6={{campaign.name}}&sub7={{site_source_name}}&sub9=Meta&ref_id={{fbclid}},https://nordace.com/wp-content/uploads/2024/08/Short-Strap_ND1216-1-3.jpg,,in stock,,,129.99 USD,,Backpacks & Wallets,100,,Nordace,ND1216-1-EN,yes,new,no,,Black,,,,,ND1216-GROUP,,,,,no,,,English,en,,,single,,,,,https://lp.nordace.com/dpalink/nordace-siena-nexus-large-hobo-bag_black?utm_source=Facebook_DPA&utm_campaign={{campaign.name}}_{{adset.name}}&utm_medium={{adset.id}}&utm_content={{ad.id}}_{{ad.name}}&cmpid=69844dedca420a8b8b43f68e&sub1={{ad.id}}&sub2={{adset.id}}&sub3={{campaign.id}}&sub4={{ad.name}}&sub5={{adset.name}}&sub6={{campaign.name}}&sub7={{site_source_name}}&sub9=Meta&ref_id={{fbclid}},
ND1216-5,Siena Large Hobo Bag,,https://lp.nordace.com/dpalink/nordace-siena-nexus-large-hobo-bag_beige?utm_source=Facebook_DPA&utm_campaign={{campaign.name}}_{{adset.name}}&utm_medium={{adset.id}}&utm_content={{ad.id}}_{{ad.name}}&cmpid=69844dedca420a8b8b43f68e&sub1={{ad.id}}&sub2={{adset.id}}&sub3={{campaign.id}}&sub4={{ad.name}}&sub5={{adset.name}}&sub6={{campaign.name}}&sub7={{site_source_name}}&sub9=Meta&ref_id={{fbclid}},https://nordace.com/wp-content/uploads/2024/08/Long-Strap_ND1216-5-13-1.jpg,,in stock,,,129.99 USD,,Backpacks & Wallets,100,,Nordace,ND1216-5-EN,yes,new,no,,Beige,,,,,ND1216-GROUP,,,,,no,,,English,en,,,single,,,,,https://lp.nordace.com/dpalink/nordace-siena-nexus-large-hobo-bag_beige?utm_source=Facebook_DPA&utm_campaign={{campaign.name}}_{{adset.name}}&utm_medium={{adset.id}}&utm_content={{ad.id}}_{{ad.name}}&cmpid=69844dedca420a8b8b43f68e&sub1={{ad.id}}&sub2={{adset.id}}&sub3={{campaign.id}}&sub4={{ad.name}}&sub5={{adset.name}}&sub6={{campaign.name}}&sub7={{site_source_name}}&sub9=Meta&ref_id={{fbclid}},
ND1136,Siena Nexus Mini Backpack,,https://lp.nordace.com/dpalink/nordace-siena-nexus-mini-backpack?utm_source=Facebook_DPA&utm_campaign={{campaign.name}}_{{adset.name}}&utm_medium={{adset.id}}&utm_content={{ad.id}}_{{ad.name}}&cmpid=69844dedca420a8b8b43f68e&sub1={{ad.id}}&sub2={{adset.id}}&sub3={{campaign.id}}&sub4={{ad.name}}&sub5={{adset.name}}&sub6={{campaign.name}}&sub7={{site_source_name}}&sub9=Meta&ref_id={{fbclid}},,,in stock,,,99.99 USD,,Backpacks & Wallets,100,,Nordace,ND1136-EN,yes,new,no,,,,,,,ND1136-GROUP,,,,,no,,,English,en,,,single,,,,,https://lp.nordace.com/dpalink/nordace-siena-nexus-mini-backpack?utm_source=Facebook_DPA&utm_campaign={{campaign.name}}_{{adset.name}}&utm_medium={{adset.id}}&utm_content={{ad.id}}_{{ad.name}}&cmpid=69844dedca420a8b8b43f68e&sub1={{ad.id}}&sub2={{adset.id}}&sub3={{campaign.id}}&sub4={{ad.name}}&sub5={{adset.name}}&sub6={{campaign.name}}&sub7={{site_source_name}}&sub9=Meta&ref_id={{fbclid}},
ND1136-1,Siena Nexus Mini Backpack,,https://lp.nordace.com/dpalink/nordace-siena-nexus-mini-backpack_black?utm_source=Facebook_DPA&utm_campaign={{campaign.name}}_{{adset.name}}&utm_medium={{adset.id}}&utm_content={{ad.id}}_{{ad.name}}&cmpid=69844dedca420a8b8b43f68e&sub1={{ad.id}}&sub2={{adset.id}}&sub3={{campaign.id}}&sub4={{ad.name}}&sub5={{adset.name}}&sub6={{campaign.name}}&sub7={{site_source_name}}&sub9=Meta&ref_id={{fbclid}},https://nordace.com/wp-content/uploads/2024/05/ND1136-1-3.jpg,,in stock,,,99.99 USD,,Backpacks & Wallets,100,,Nordace,ND1136-1-EN,yes,new,no,,Black,,,,,ND1136-GROUP,,,,,no,,,English,en,,,single,,,,,https://lp.nordace.com/dpalink/nordace-siena-nexus-mini-backpack_black?utm_source=Facebook_DPA&utm_campaign={{campaign.name}}_{{adset.name}}&utm_medium={{adset.id}}&utm_content={{ad.id}}_{{ad.name}}&cmpid=69844dedca420a8b8b43f68e&sub1={{ad.id}}&sub2={{adset.id}}&sub3={{campaign.id}}&sub4={{ad.name}}&sub5={{adset.name}}&sub6={{campaign.name}}&sub7={{site_source_name}}&sub9=Meta&ref_id={{fbclid}},
ND1051-1,Nordace Gisborne - Smart Totepack,,https://lp.nordace.com/dpalink/nordace-gisborne-smart-everyday-convertible-totepack?utm_source=Facebook_DPA&utm_campaign={{campaign.name}}_{{adset.name}}&utm_medium={{adset.id}}&utm_content={{ad.id}}_{{ad.name}}&cmpid=69844dedca420a8b8b43f68e&sub1={{ad.id}}&sub2={{adset.id}}&sub3={{campaign.id}}&sub4={{ad.name}}&sub5={{adset.name}}&sub6={{campaign.name}}&sub7={{site_source_name}}&sub9=Meta&ref_id={{fbclid}},,,in stock,,,119.99 USD,79.99 USD,Backpacks & Wallets,100,,Nordace,ND1051-1-EN,yes,new,no,,,,,,,,,,,,no,,,English,en,,,single,,,,,https://lp.nordace.com/dpalink/nordace-gisborne-smart-everyday-convertible-totepack?utm_source=Facebook_DPA&utm_campaign={{campaign.name}}_{{adset.name}}&utm_medium={{adset.id}}&utm_content={{ad.id}}_{{ad.name}}&cmpid=69844dedca420a8b8b43f68e&sub1={{ad.id}}&sub2={{adset.id}}&sub3={{campaign.id}}&sub4={{ad.name}}&sub5={{adset.name}}&sub6={{campaign.name}}&sub7={{site_source_name}}&sub9=Meta&ref_id={{fbclid}},
ND1114,Nordace Aerial Infinity Mini Backpack,,https://lp.nordace.com/dpalink/nordace-aerial-infinity-mini-backpack?utm_source=Facebook_DPA&utm_campaign={{campaign.name}}_{{adset.name}}&utm_medium={{adset.id}}&utm_content={{ad.id}}_{{ad.name}}&cmpid=69844dedca420a8b8b43f68e&sub1={{ad.id}}&sub2={{adset.id}}&sub3={{campaign.id}}&sub4={{ad.name}}&sub5={{adset.name}}&sub6={{campaign.name}}&sub7={{site_source_name}}&sub9=Meta&ref_id={{fbclid}},,,in stock,,,99.99 USD,,Backpacks & Wallets,100,,Nordace,ND1114-EN,yes,new,no,,,,,,,ND1114-GROUP,,,,,no,,,English,en,,,single,,,,,https://lp.nordace.com/dpalink/nordace-aerial-infinity-mini-backpack?utm_source=Facebook_DPA&utm_campaign={{campaign.name}}_{{adset.name}}&utm_medium={{adset.id}}&utm_content={{ad.id}}_{{ad.name}}&cmpid=69844dedca420a8b8b43f68e&sub1={{ad.id}}&sub2={{adset.id}}&sub3={{campaign.id}}&sub4={{ad.name}}&sub5={{adset.name}}&sub6={{campaign.name}}&sub7={{site_source_name}}&sub9=Meta&ref_id={{fbclid}},
ND1114-1,Nordace Aerial Infinity Mini Backpack,,https://lp.nordace.com/dpalink/nordace-aerial-infinity-mini-backpack_black?utm_source=Facebook_DPA&utm_campaign={{campaign.name}}_{{adset.name}}&utm_medium={{adset.id}}&utm_content={{ad.id}}_{{ad.name}}&cmpid=69844dedca420a8b8b43f68e&sub1={{ad.id}}&sub2={{adset.id}}&sub3={{campaign.id}}&sub4={{ad.name}}&sub5={{adset.name}}&sub6={{campaign.name}}&sub7={{site_source_name}}&sub9=Meta&ref_id={{fbclid}},https://nordace.com/wp-content/uploads/2023/01/ND1114-11-1.jpg,,in stock,,,99.99 USD,,Backpacks & Wallets,100,,Nordace,ND1114-1-EN,yes,new,no,,Black,,,,,ND1114-GROUP,,,,,no,,,English,en,,,single,,,,,https://lp.nordace.com/dpalink/nordace-aerial-infinity-mini-backpack_black?utm_source=Facebook_DPA&utm_campaign={{campaign.name}}_{{adset.name}}&utm_medium={{adset.id}}&utm_content={{ad.id}}_{{ad.name}}&cmpid=69844dedca420a8b8b43f68e&sub1={{ad.id}}&sub2={{adset.id}}&sub3={{campaign.id}}&sub4={{ad.name}}&sub5={{adset.name}}&sub6={{campaign.name}}&sub7={{site_source_name}}&sub9=Meta&ref_id={{fbclid}},
ND1100,Nordace Eclat Re:Life Sling Bag,,https://lp.nordace.com/dpalink/eclat-relife-sling-bag?utm_source=Facebook_DPA&utm_campaign={{campaign.name}}_{{adset.name}}&utm_medium={{adset.id}}&utm_content={{ad.id}}_{{ad.name}}&cmpid=69844dedca420a8b8b43f68e&sub1={{ad.id}}&sub2={{adset.id}}&sub3={{campaign.id}}&sub4={{ad.name}}&sub5={{adset.name}}&sub6={{campaign.name}}&sub7={{site_source_name}}&sub9=Meta&ref_id={{fbclid}},,,in stock,,,50 USD,39.99 USD,Backpacks & Wallets,100,,Nordace,ND1100-EN,yes,new,no,,,,,,,ND1100-GROUP,,,,,no,,,English,en,,,single,,,,,https://lp.nordace.com/dpalink/eclat-relife-sling-bag?utm_source=Facebook_DPA&utm_campaign={{campaign.name}}_{{adset.name}}&utm_medium={{adset.id}}&utm_content={{ad.id}}_{{ad.name}}&cmpid=69844dedca420a8b8b43f68e&sub1={{ad.id}}&sub2={{adset.id}}&sub3={{campaign.id}}&sub4={{ad.name}}&sub5={{adset.name}}&sub6={{campaign.name}}&sub7={{site_source_name}}&sub9=Meta&ref_id={{fbclid}},
ND1100-1,Nordace Eclat Re:Life Sling Bag,,https://lp.nordace.com/dpalink/eclat-relife-sling-bag_black?utm_source=Facebook_DPA&utm_campaign={{campaign.name}}_{{adset.name}}&utm_medium={{adset.id}}&utm_content={{ad.id}}_{{ad.name}}&cmpid=69844dedca420a8b8b43f68e&sub1={{ad.id}}&sub2={{adset.id}}&sub3={{campaign.id}}&sub4={{ad.name}}&sub5={{adset.name}}&sub6={{campaign.name}}&sub7={{site_source_name}}&sub9=Meta&ref_id={{fbclid}},https://nordace.com/wp-content/uploads/2022/04/Eclat-relife-sling-bag-black-gray-bg.jpg,,in stock,,,50 USD,39.99 USD,Backpacks & Wallets,100,,Nordace,ND1100-1-EN,yes,new,no,,Black,,,,,ND1100-GROUP,,,,,no,,,English,en,,,single,,,,,https://lp.nordace.com/dpalink/eclat-relife-sling-bag_black?utm_source=Facebook_DPA&utm_campaign={{campaign.name}}_{{adset.name}}&utm_medium={{adset.id}}&utm_content={{ad.id}}_{{ad.name}}&cmpid=69844dedca420a8b8b43f68e&sub1={{ad.id}}&sub2={{adset.id}}&sub3={{campaign.id}}&sub4={{ad.name}}&sub5={{adset.name}}&sub6={{campaign.name}}&sub7={{site_source_name}}&sub9=Meta&ref_id={{fbclid}},
ND1100-5,Nordace Eclat Re:Life Sling Bag,,https://lp.nordace.com/dpalink/eclat-relife-sling-bag_beige?utm_source=Facebook_DPA&utm_campaign={{campaign.name}}_{{adset.name}}&utm_medium={{adset.id}}&utm_content={{ad.id}}_{{ad.name}}&cmpid=69844dedca420a8b8b43f68e&sub1={{ad.id}}&sub2={{adset.id}}&sub3={{campaign.id}}&sub4={{ad.name}}&sub5={{adset.name}}&sub6={{campaign.name}}&sub7={{site_source_name}}&sub9=Meta&ref_id={{fbclid}},https://nordace.com/wp-content/uploads/2022/04/Eclat-relife-sling-bag-beige-gray-bg.jpg,,in stock,,,50 USD,39.99 USD,Backpacks & Wallets,100,,Nordace,ND1100-5-EN,yes,new,no,,Beige,,,,,ND1100-GROUP,,,,,no,,,English,en,,,single,,,,,https://lp.nordace.com/dpalink/eclat-relife-sling-bag_beige?utm_source=Facebook_DPA&utm_campaign={{campaign.name}}_{{adset.name}}&utm_medium={{adset.id}}&utm_content={{ad.id}}_{{ad.name}}&cmpid=69844dedca420a8b8b43f68e&sub1={{ad.id}}&sub2={{adset.id}}&sub3={{campaign.id}}&sub4={{ad.name}}&sub5={{adset.name}}&sub6={{campaign.name}}&sub7={{site_source_name}}&sub9=Meta&ref_id={{fbclid}},
ND1100-2,Nordace Eclat Re:Life Sling Bag,,https://lp.nordace.com/dpalink/eclat-relife-sling-bag_gray?utm_source=Facebook_DPA&utm_campaign={{campaign.name}}_{{adset.name}}&utm_medium={{adset.id}}&utm_content={{ad.id}}_{{ad.name}}&cmpid=69844dedca420a8b8b43f68e&sub1={{ad.id}}&sub2={{adset.id}}&sub3={{campaign.id}}&sub4={{ad.name}}&sub5={{adset.name}}&sub6={{campaign.name}}&sub7={{site_source_name}}&sub9=Meta&ref_id={{fbclid}},https://nordace.com/wp-content/uploads/2022/04/Eclat-relife-sling-bag-gray-gray-bg.jpg,,in stock,,,50 USD,39.99 USD,Backpacks & Wallets,100,,Nordace,ND1100-2-EN,yes,new,no,,Gray,,,,,ND1100-GROUP,,,,,no,,,English,en,,,single,,,,,https://lp.nordace.com/dpalink/eclat-relife-sling-bag_gray?utm_source=Facebook_DPA&utm_campaign={{campaign.name}}_{{adset.name}}&utm_medium={{adset.id}}&utm_content={{ad.id}}_{{ad.name}}&cmpid=69844dedca420a8b8b43f68e&sub1={{ad.id}}&sub2={{adset.id}}&sub3={{campaign.id}}&sub4={{ad.name}}&sub5={{adset.name}}&sub6={{campaign.name}}&sub7={{site_source_name}}&sub9=Meta&ref_id={{fbclid}},
ND1208,Nordace Siena Eco Backpack,,https://lp.nordace.com/dpalink/nordace-siena-eco-backpack?utm_source=Facebook_DPA&utm_campaign={{campaign.name}}_{{adset.name}}&utm_medium={{adset.id}}&utm_content={{ad.id}}_{{ad.name}}&cmpid=69844dedca420a8b8b43f68e&sub1={{ad.id}}&sub2={{adset.id}}&sub3={{campaign.id}}&sub4={{ad.name}}&sub5={{adset.name}}&sub6={{campaign.name}}&sub7={{site_source_name}}&sub9=Meta&ref_id={{fbclid}},,,in stock,,,109.99 USD,,Backpacks & Wallets,100,,Nordace,ND1208-EN,yes,new,no,,,,,,,ND1208-GROUP,,,,,no,,,English,en,,,single,,,,,https://lp.nordace.com/dpalink/nordace-siena-eco-backpack?utm_source=Facebook_DPA&utm_campaign={{campaign.name}}_{{adset.name}}&utm_medium={{adset.id}}&utm_content={{ad.id}}_{{ad.name}}&cmpid=69844dedca420a8b8b43f68e&sub1={{ad.id}}&sub2={{adset.id}}&sub3={{campaign.id}}&sub4={{ad.name}}&sub5={{adset.name}}&sub6={{campaign.name}}&sub7={{site_source_name}}&sub9=Meta&ref_id={{fbclid}},
ND1208-1,Nordace Siena Eco Backpack,,https://lp.nordace.com/dpalink/nordace-siena-eco-backpack_black?utm_source=Facebook_DPA&utm_campaign={{campaign.name}}_{{adset.name}}&utm_medium={{adset.id}}&utm_content={{ad.id}}_{{ad.name}}&cmpid=69844dedca420a8b8b43f68e&sub1={{ad.id}}&sub2={{adset.id}}&sub3={{campaign.id}}&sub4={{ad.name}}&sub5={{adset.name}}&sub6={{campaign.name}}&sub7={{site_source_name}}&sub9=Meta&ref_id={{fbclid}},https://nordace.com/wp-content/uploads/2024/07/6G8A4270-icon-1.jpg,,in stock,,,109.99 USD,,Backpacks & Wallets,100,,Nordace,ND1208-1-EN,yes,new,no,,Black,,,,,ND1208-GROUP,,,,,no,,,English,en,,,single,,,,,https://lp.nordace.com/dpalink/nordace-siena-eco-backpack_black?utm_source=Facebook_DPA&utm_campaign={{campaign.name}}_{{adset.name}}&utm_medium={{adset.id}}&utm_content={{ad.id}}_{{ad.name}}&cmpid=69844dedca420a8b8b43f68e&sub1={{ad.id}}&sub2={{adset.id}}&sub3={{campaign.id}}&sub4={{ad.name}}&sub5={{adset.name}}&sub6={{campaign.name}}&sub7={{site_source_name}}&sub9=Meta&ref_id={{fbclid}},
ND1208-5,Nordace Siena Eco Backpack,,https://lp.nordace.com/dpalink/nordace-siena-eco-backpack_beige?utm_source=Facebook_DPA&utm_campaign={{campaign.name}}_{{adset.name}}&utm_medium={{adset.id}}&utm_content={{ad.id}}_{{ad.name}}&cmpid=69844dedca420a8b8b43f68e&sub1={{ad.id}}&sub2={{adset.id}}&sub3={{campaign.id}}&sub4={{ad.name}}&sub5={{adset.name}}&sub6={{campaign.name}}&sub7={{site_source_name}}&sub9=Meta&ref_id={{fbclid}},https://nordace.com/wp-content/uploads/2024/08/gp3a5613-1.jpg,,in stock,,,109.99 USD,,Backpacks & Wallets,100,,Nordace,ND1208-5-EN,yes,new,no,,Beige,,,,,ND1208-GROUP,,,,,no,,,English,en,,,single,,,,,https://lp.nordace.com/dpalink/nordace-siena-eco-backpack_beige?utm_source=Facebook_DPA&utm_campaign={{campaign.name}}_{{adset.name}}&utm_medium={{adset.id}}&utm_content={{ad.id}}_{{ad.name}}&cmpid=69844dedca420a8b8b43f68e&sub1={{ad.id}}&sub2={{adset.id}}&sub3={{campaign.id}}&sub4={{ad.name}}&sub5={{adset.name}}&sub6={{campaign.name}}&sub7={{site_source_name}}&sub9=Meta&ref_id={{fbclid}},
ND1208-4,Nordace Siena Eco Backpack,,https://lp.nordace.com/dpalink/nordace-siena-eco-backpack_blue?utm_source=Facebook_DPA&utm_campaign={{campaign.name}}_{{adset.name}}&utm_medium={{adset.id}}&utm_content={{ad.id}}_{{ad.name}}&cmpid=69844dedca420a8b8b43f68e&sub1={{ad.id}}&sub2={{adset.id}}&sub3={{campaign.id}}&sub4={{ad.name}}&sub5={{adset.name}}&sub6={{campaign.name}}&sub7={{site_source_name}}&sub9=Meta&ref_id={{fbclid}},https://nordace.com/wp-content/uploads/2024/08/nd1208-4-1-1.jpg,,in stock,,,109.99 USD,,Backpacks & Wallets,100,,Nordace,ND1208-4-EN,yes,new,no,,Blue,,,,,ND1208-GROUP,,,,,no,,,English,en,,,single,,,,,https://lp.nordace.com/dpalink/nordace-siena-eco-backpack_blue?utm_source=Facebook_DPA&utm_campaign={{campaign.name}}_{{adset.name}}&utm_medium={{adset.id}}&utm_content={{ad.id}}_{{ad.name}}&cmpid=69844dedca420a8b8b43f68e&sub1={{ad.id}}&sub2={{adset.id}}&sub3={{campaign.id}}&sub4={{ad.name}}&sub5={{adset.name}}&sub6={{campaign.name}}&sub7={{site_source_name}}&sub9=Meta&ref_id={{fbclid}},
ND1208-2,Nordace Siena Eco Backpack,,https://lp.nordace.com/dpalink/nordace-siena-eco-backpack_gray?utm_source=Facebook_DPA&utm_campaign={{campaign.name}}_{{adset.name}}&utm_medium={{adset.id}}&utm_content={{ad.id}}_{{ad.name}}&cmpid=69844dedca420a8b8b43f68e&sub1={{ad.id}}&sub2={{adset.id}}&sub3={{campaign.id}}&sub4={{ad.name}}&sub5={{adset.name}}&sub6={{campaign.name}}&sub7={{site_source_name}}&sub9=Meta&ref_id={{fbclid}},https://nordace.com/wp-content/uploads/2024/08/nd1208-15-1-1.jpg,,in stock,,,109.99 USD,,Backpacks & Wallets,100,,Nordace,ND1208-2-EN,yes,new,no,,Gray,,,,,ND1208-GROUP,,,,,no,,,English,en,,,single,,,,,https://lp.nordace.com/dpalink/nordace-siena-eco-backpack_gray?utm_source=Facebook_DPA&utm_campaign={{campaign.name}}_{{adset.name}}&utm_medium={{adset.id}}&utm_content={{ad.id}}_{{ad.name}}&cmpid=69844dedca420a8b8b43f68e&sub1={{ad.id}}&sub2={{adset.id}}&sub3={{campaign.id}}&sub4={{ad.name}}&sub5={{adset.name}}&sub6={{campaign.name}}&sub7={{site_source_name}}&sub9=Meta&ref_id={{fbclid}},
ND1208-6,Nordace Siena Eco Backpack,,https://lp.nordace.com/dpalink/nordace-siena-eco-backpack_green?utm_source=Facebook_DPA&utm_campaign={{campaign.name}}_{{adset.name}}&utm_medium={{adset.id}}&utm_content={{ad.id}}_{{ad.name}}&cmpid=69844dedca420a8b8b43f68e&sub1={{ad.id}}&sub2={{adset.id}}&sub3={{campaign.id}}&sub4={{ad.name}}&sub5={{adset.name}}&sub6={{campaign.name}}&sub7={{site_source_name}}&sub9=Meta&ref_id={{fbclid}},https://nordace.com/wp-content/uploads/2024/08/nd1208-6-2-1.jpg,,in stock,,,109.99 USD,,Backpacks & Wallets,100,,Nordace,ND1208-6-EN,yes,new,no,,Green,,,,,ND1208-GROUP,,,,,no,,,English,en,,,single,,,,,https://lp.nordace.com/dpalink/nordace-siena-eco-backpack_green?utm_source=Facebook_DPA&utm_campaign={{campaign.name}}_{{adset.name}}&utm_medium={{adset.id}}&utm_content={{ad.id}}_{{ad.name}}&cmpid=69844dedca420a8b8b43f68e&sub1={{ad.id}}&sub2={{adset.id}}&sub3={{campaign.id}}&sub4={{ad.name}}&sub5={{adset.name}}&sub6={{campaign.name}}&sub7={{site_source_name}}&sub9=Meta&ref_id={{fbclid}},
ND1059,Nordace Comino Mini Daypack,,https://lp.nordace.com/dpalink/nordace-comino-mini-daypack?utm_source=Facebook_DPA&utm_campaign={{campaign.name}}_{{adset.name}}&utm_medium={{adset.id}}&utm_content={{ad.id}}_{{ad.name}}&cmpid=69844dedca420a8b8b43f68e&sub1={{ad.id}}&sub2={{adset.id}}&sub3={{campaign.id}}&sub4={{ad.name}}&sub5={{adset.name}}&sub6={{campaign.name}}&sub7={{site_source_name}}&sub9=Meta&ref_id={{fbclid}},,,in stock,,,99.99 USD,69.99 USD,Backpacks & Wallets,100,,Nordace,ND1059-EN,yes,new,no,,,,,,,ND1059-GROUP,,,,,no,,,English,en,,,single,,,,,https://lp.nordace.com/dpalink/nordace-comino-mini-daypack?utm_source=Facebook_DPA&utm_campaign={{campaign.name}}_{{adset.name}}&utm_medium={{adset.id}}&utm_content={{ad.id}}_{{ad.name}}&cmpid=69844dedca420a8b8b43f68e&sub1={{ad.id}}&sub2={{adset.id}}&sub3={{campaign.id}}&sub4={{ad.name}}&sub5={{adset.name}}&sub6={{campaign.name}}&sub7={{site_source_name}}&sub9=Meta&ref_id={{fbclid}},
ND1059-1,Nordace Comino Mini Daypack,,https://lp.nordace.com/dpalink/nordace-comino-mini-daypack_charcoal?utm_source=Facebook_DPA&utm_campaign={{campaign.name}}_{{adset.name}}&utm_medium={{adset.id}}&utm_content={{ad.id}}_{{ad.name}}&cmpid=69844dedca420a8b8b43f68e&sub1={{ad.id}}&sub2={{adset.id}}&sub3={{campaign.id}}&sub4={{ad.name}}&sub5={{adset.name}}&sub6={{campaign.name}}&sub7={{site_source_name}}&sub9=Meta&ref_id={{fbclid}},https://nordace.com/wp-content/uploads/2020/09/16.jpg,,in stock,,,99.99 USD,69.99 USD,Backpacks & Wallets,100,,Nordace,ND1059-1-EN,yes,new,no,,Charcoal,,,,,ND1059-GROUP,,,,,no,,,English,en,,,single,,,,,https://lp.nordace.com/dpalink/nordace-comino-mini-daypack_charcoal?utm_source=Facebook_DPA&utm_campaign={{campaign.name}}_{{adset.name}}&utm_medium={{adset.id}}&utm_content={{ad.id}}_{{ad.name}}&cmpid=69844dedca420a8b8b43f68e&sub1={{ad.id}}&sub2={{adset.id}}&sub3={{campaign.id}}&sub4={{ad.name}}&sub5={{adset.name}}&sub6={{campaign.name}}&sub7={{site_source_name}}&sub9=Meta&ref_id={{fbclid}},
ND1059-2,Nordace Comino Mini Daypack,,https://lp.nordace.com/dpalink/nordace-comino-mini-daypack_gray?utm_source=Facebook_DPA&utm_campaign={{campaign.name}}_{{adset.name}}&utm_medium={{adset.id}}&utm_content={{ad.id}}_{{ad.name}}&cmpid=69844dedca420a8b8b43f68e&sub1={{ad.id}}&sub2={{adset.id}}&sub3={{campaign.id}}&sub4={{ad.name}}&sub5={{adset.name}}&sub6={{campaign.name}}&sub7={{site_source_name}}&sub9=Meta&ref_id={{fbclid}},https://nordace.com/wp-content/uploads/2020/09/1-1.jpg,,in stock,,,99.99 USD,69.99 USD,Backpacks & Wallets,100,,Nordace,ND1059-2-EN,yes,new,no,,Gray,,,,,ND1059-GROUP,,,,,no,,,English,en,,,single,,,,,https://lp.nordace.com/dpalink/nordace-comino-mini-daypack_gray?utm_source=Facebook_DPA&utm_campaign={{campaign.name}}_{{adset.name}}&utm_medium={{adset.id}}&utm_content={{ad.id}}_{{ad.name}}&cmpid=69844dedca420a8b8b43f68e&sub1={{ad.id}}&sub2={{adset.id}}&sub3={{campaign.id}}&sub4={{ad.name}}&sub5={{adset.name}}&sub6={{campaign.name}}&sub7={{site_source_name}}&sub9=Meta&ref_id={{fbclid}},
ND1133,Nordace Serrat Totepack,,https://lp.nordace.com/dpalink/nordace-serrat-totepack?utm_source=Facebook_DPA&utm_campaign={{campaign.name}}_{{adset.name}}&utm_medium={{adset.id}}&utm_content={{ad.id}}_{{ad.name}}&cmpid=69844dedca420a8b8b43f68e&sub1={{ad.id}}&sub2={{adset.id}}&sub3={{campaign.id}}&sub4={{ad.name}}&sub5={{adset.name}}&sub6={{campaign.name}}&sub7={{site_source_name}}&sub9=Meta&ref_id={{fbclid}},,,in stock,,,129.99 USD,,Backpacks & Wallets,100,,Nordace,ND1133-EN,yes,new,no,,,,,,,ND1133-GROUP,,,,,no,,,English,en,,,single,,,,,https://lp.nordace.com/dpalink/nordace-serrat-totepack?utm_source=Facebook_DPA&utm_campaign={{campaign.name}}_{{adset.name}}&utm_medium={{adset.id}}&utm_content={{ad.id}}_{{ad.name}}&cmpid=69844dedca420a8b8b43f68e&sub1={{ad.id}}&sub2={{adset.id}}&sub3={{campaign.id}}&sub4={{ad.name}}&sub5={{adset.name}}&sub6={{campaign.name}}&sub7={{site_source_name}}&sub9=Meta&ref_id={{fbclid}},
ND1133-9,Nordace Serrat Totepack,,https://lp.nordace.com/dpalink/nordace-serrat-totepack_black-brown?utm_source=Facebook_DPA&utm_campaign={{campaign.name}}_{{adset.name}}&utm_medium={{adset.id}}&utm_content={{ad.id}}_{{ad.name}}&cmpid=69844dedca420a8b8b43f68e&sub1={{ad.id}}&sub2={{adset.id}}&sub3={{campaign.id}}&sub4={{ad.name}}&sub5={{adset.name}}&sub6={{campaign.name}}&sub7={{site_source_name}}&sub9=Meta&ref_id={{fbclid}},https://nordace.com/wp-content/uploads/2025/05/ND1133-9-1.jpg,,in stock,,,129.99 USD,,Backpacks & Wallets,100,,Nordace,ND1133-9-EN,yes,new,no,,Black Brown,,,,,ND1133-GROUP,,,,,no,,,English,en,,,single,,,,,https://lp.nordace.com/dpalink/nordace-serrat-totepack_black-brown?utm_source=Facebook_DPA&utm_campaign={{campaign.name}}_{{adset.name}}&utm_medium={{adset.id}}&utm_content={{ad.id}}_{{ad.name}}&cmpid=69844dedca420a8b8b43f68e&sub1={{ad.id}}&sub2={{adset.id}}&sub3={{campaign.id}}&sub4={{ad.name}}&sub5={{adset.name}}&sub6={{campaign.name}}&sub7={{site_source_name}}&sub9=Meta&ref_id={{fbclid}},
ND1133-10,Nordace Serrat Totepack,,https://lp.nordace.com/dpalink/nordace-serrat-totepack_beige-brown?utm_source=Facebook_DPA&utm_campaign={{campaign.name}}_{{adset.name}}&utm_medium={{adset.id}}&utm_content={{ad.id}}_{{ad.name}}&cmpid=69844dedca420a8b8b43f68e&sub1={{ad.id}}&sub2={{adset.id}}&sub3={{campaign.id}}&sub4={{ad.name}}&sub5={{adset.name}}&sub6={{campaign.name}}&sub7={{site_source_name}}&sub9=Meta&ref_id={{fbclid}},https://nordace.com/wp-content/uploads/2025/05/ND1133-10-2.jpg,,in stock,,,129.99 USD,,Backpacks & Wallets,100,,Nordace,ND1133-10-EN,yes,new,no,,Beige Brown,,,,,ND1133-GROUP,,,,,no,,,English,en,,,single,,,,,https://lp.nordace.com/dpalink/nordace-serrat-totepack_beige-brown?utm_source=Facebook_DPA&utm_campaign={{campaign.name}}_{{adset.name}}&utm_medium={{adset.id}}&utm_content={{ad.id}}_{{ad.name}}&cmpid=69844dedca420a8b8b43f68e&sub1={{ad.id}}&sub2={{adset.id}}&sub3={{campaign.id}}&sub4={{ad.name}}&sub5={{adset.name}}&sub6={{campaign.name}}&sub7={{site_source_name}}&sub9=Meta&ref_id={{fbclid}},
ND1212,Siena Riviera Tote Bag,,https://lp.nordace.com/dpalink/siena-riviera-tote-bag?utm_source=Facebook_DPA&utm_campaign={{campaign.name}}_{{adset.name}}&utm_medium={{adset.id}}&utm_content={{ad.id}}_{{ad.name}}&cmpid=69844dedca420a8b8b43f68e&sub1={{ad.id}}&sub2={{adset.id}}&sub3={{campaign.id}}&sub4={{ad.name}}&sub5={{adset.name}}&sub6={{campaign.name}}&sub7={{site_source_name}}&sub9=Meta&ref_id={{fbclid}},,,in stock,,,190 USD,,Backpacks & Wallets,100,,Nordace,ND1212-EN,yes,new,no,,,,,,,ND1212-GROUP,,,,,no,,,English,en,,,single,,,,,https://lp.nordace.com/dpalink/siena-riviera-tote-bag?utm_source=Facebook_DPA&utm_campaign={{campaign.name}}_{{adset.name}}&utm_medium={{adset.id}}&utm_content={{ad.id}}_{{ad.name}}&cmpid=69844dedca420a8b8b43f68e&sub1={{ad.id}}&sub2={{adset.id}}&sub3={{campaign.id}}&sub4={{ad.name}}&sub5={{adset.name}}&sub6={{campaign.name}}&sub7={{site_source_name}}&sub9=Meta&ref_id={{fbclid}},
ND1212-5,Siena Riviera Tote Bag,,https://lp.nordace.com/dpalink/siena-riviera-tote-bag_beige-brown?utm_source=Facebook_DPA&utm_campaign={{campaign.name}}_{{adset.name}}&utm_medium={{adset.id}}&utm_content={{ad.id}}_{{ad.name}}&cmpid=69844dedca420a8b8b43f68e&sub1={{ad.id}}&sub2={{adset.id}}&sub3={{campaign.id}}&sub4={{ad.name}}&sub5={{adset.name}}&sub6={{campaign.name}}&sub7={{site_source_name}}&sub9=Meta&ref_id={{fbclid}},https://nordace.com/wp-content/uploads/2025/01/ND1212-5-1.jpg,,in stock,,,190 USD,,Backpacks & Wallets,100,,Nordace,ND1212-5-EN,yes,new,no,,Beige Brown,,,,,ND1212-GROUP,,,,,no,,,English,en,,,single,,,,,https://lp.nordace.com/dpalink/siena-riviera-tote-bag_beige-brown?utm_source=Facebook_DPA&utm_campaign={{campaign.name}}_{{adset.name}}&utm_medium={{adset.id}}&utm_content={{ad.id}}_{{ad.name}}&cmpid=69844dedca420a8b8b43f68e&sub1={{ad.id}}&sub2={{adset.id}}&sub3={{campaign.id}}&sub4={{ad.name}}&sub5={{adset.name}}&sub6={{campaign.name}}&sub7={{site_source_name}}&sub9=Meta&ref_id={{fbclid}},
ND1212-1,Siena Riviera Tote Bag,,https://lp.nordace.com/dpalink/siena-riviera-tote-bag_black-brown?utm_source=Facebook_DPA&utm_campaign={{campaign.name}}_{{adset.name}}&utm_medium={{adset.id}}&utm_content={{ad.id}}_{{ad.name}}&cmpid=69844dedca420a8b8b43f68e&sub1={{ad.id}}&sub2={{adset.id}}&sub3={{campaign.id}}&sub4={{ad.name}}&sub5={{adset.name}}&sub6={{campaign.name}}&sub7={{site_source_name}}&sub9=Meta&ref_id={{fbclid}},https://nordace.com/wp-content/uploads/2025/02/ND1212-1-2_nousb.jpg,,in stock,,,190 USD,,Backpacks & Wallets,100,,Nordace,ND1212-1-EN,yes,new,no,,Black Brown,,,,,ND1212-GROUP,,,,,no,,,English,en,,,single,,,,,https://lp.nordace.com/dpalink/siena-riviera-tote-bag_black-brown?utm_source=Facebook_DPA&utm_campaign={{campaign.name}}_{{adset.name}}&utm_medium={{adset.id}}&utm_content={{ad.id}}_{{ad.name}}&cmpid=69844dedca420a8b8b43f68e&sub1={{ad.id}}&sub2={{adset.id}}&sub3={{campaign.id}}&sub4={{ad.name}}&sub5={{adset.name}}&sub6={{campaign.name}}&sub7={{site_source_name}}&sub9=Meta&ref_id={{fbclid}},
ND1048,Quick Dry Microfiber Towel (Large),,https://lp.nordace.com/dpalink/quick-dry-microfiber-towel-large?utm_source=Facebook_DPA&utm_campaign={{campaign.name}}_{{adset.name}}&utm_medium={{adset.id}}&utm_content={{ad.id}}_{{ad.name}}&cmpid=69844dedca420a8b8b43f68e&sub1={{ad.id}}&sub2={{adset.id}}&sub3={{campaign.id}}&sub4={{ad.name}}&sub5={{adset.name}}&sub6={{campaign.name}}&sub7={{site_source_name}}&sub9=Meta&ref_id={{fbclid}},,,in stock,,,29.99 USD,,Backpacks & Wallets,100,,Nordace,ND1048-EN,yes,new,no,,,,,,,ND1048-GROUP,,,,,no,,,English,en,,,single,,,,,https://lp.nordace.com/dpalink/quick-dry-microfiber-towel-large?utm_source=Facebook_DPA&utm_campaign={{campaign.name}}_{{adset.name}}&utm_medium={{adset.id}}&utm_content={{ad.id}}_{{ad.name}}&cmpid=69844dedca420a8b8b43f68e&sub1={{ad.id}}&sub2={{adset.id}}&sub3={{campaign.id}}&sub4={{ad.name}}&sub5={{adset.name}}&sub6={{campaign.name}}&sub7={{site_source_name}}&sub9=Meta&ref_id={{fbclid}},
ND1048-4,Quick Dry Microfiber Towel (Large),,https://lp.nordace.com/dpalink/quick-dry-microfiber-towel-large_blue?utm_source=Facebook_DPA&utm_campaign={{campaign.name}}_{{adset.name}}&utm_medium={{adset.id}}&utm_content={{ad.id}}_{{ad.name}}&cmpid=69844dedca420a8b8b43f68e&sub1={{ad.id}}&sub2={{adset.id}}&sub3={{campaign.id}}&sub4={{ad.name}}&sub5={{adset.name}}&sub6={{campaign.name}}&sub7={{site_source_name}}&sub9=Meta&ref_id={{fbclid}},https://nordace.com/wp-content/uploads/2020/06/quick-dry-towel-blue-1.jpg,,in stock,,,29.99 USD,,Backpacks & Wallets,100,,Nordace,ND1048-4-EN,yes,new,no,,Blue,,,,,ND1048-GROUP,,,,,no,,,English,en,,,single,,,,,https://lp.nordace.com/dpalink/quick-dry-microfiber-towel-large_blue?utm_source=Facebook_DPA&utm_campaign={{campaign.name}}_{{adset.name}}&utm_medium={{adset.id}}&utm_content={{ad.id}}_{{ad.name}}&cmpid=69844dedca420a8b8b43f68e&sub1={{ad.id}}&sub2={{adset.id}}&sub3={{campaign.id}}&sub4={{ad.name}}&sub5={{adset.name}}&sub6={{campaign.name}}&sub7={{site_source_name}}&sub9=Meta&ref_id={{fbclid}},
ND1048-15,Quick Dry Microfiber Towel (Large),,https://lp.nordace.com/dpalink/quick-dry-microfiber-towel-large_yellow?utm_source=Facebook_DPA&utm_campaign={{campaign.name}}_{{adset.name}}&utm_medium={{adset.id}}&utm_content={{ad.id}}_{{ad.name}}&cmpid=69844dedca420a8b8b43f68e&sub1={{ad.id}}&sub2={{adset.id}}&sub3={{campaign.id}}&sub4={{ad.name}}&sub5={{adset.name}}&sub6={{campaign.name}}&sub7={{site_source_name}}&sub9=Meta&ref_id={{fbclid}},https://nordace.com/wp-content/uploads/2020/06/quick-dry-towel-yellow-1.jpg,,in stock,,,29.99 USD,,Backpacks & Wallets,100,,Nordace,ND1048-15-EN,yes,new,no,,Yellow,,,,,ND1048-GROUP,,,,,no,,,English,en,,,single,,,,,https://lp.nordace.com/dpalink/quick-dry-microfiber-towel-large_yellow?utm_source=Facebook_DPA&utm_campaign={{campaign.name}}_{{adset.name}}&utm_medium={{adset.id}}&utm_content={{ad.id}}_{{ad.name}}&cmpid=69844dedca420a8b8b43f68e&sub1={{ad.id}}&sub2={{adset.id}}&sub3={{campaign.id}}&sub4={{ad.name}}&sub5={{adset.name}}&sub6={{campaign.name}}&sub7={{site_source_name}}&sub9=Meta&ref_id={{fbclid}},
ND1108,Roto Foldable Backpack,,https://lp.nordace.com/dpalink/roto-foldable-backpack?utm_source=Facebook_DPA&utm_campaign={{campaign.name}}_{{adset.name}}&utm_medium={{adset.id}}&utm_content={{ad.id}}_{{ad.name}}&cmpid=69844dedca420a8b8b43f68e&sub1={{ad.id}}&sub2={{adset.id}}&sub3={{campaign.id}}&sub4={{ad.name}}&sub5={{adset.name}}&sub6={{campaign.name}}&sub7={{site_source_name}}&sub9=Meta&ref_id={{fbclid}},,,in stock,,,69.99 USD,,Backpacks & Wallets,100,,Nordace,ND1108-EN,yes,new,no,,,,,,,ND1108-GROUP,,,,,no,,,English,en,,,single,,,,,https://lp.nordace.com/dpalink/roto-foldable-backpack?utm_source=Facebook_DPA&utm_campaign={{campaign.name}}_{{adset.name}}&utm_medium={{adset.id}}&utm_content={{ad.id}}_{{ad.name}}&cmpid=69844dedca420a8b8b43f68e&sub1={{ad.id}}&sub2={{adset.id}}&sub3={{campaign.id}}&sub4={{ad.name}}&sub5={{adset.name}}&sub6={{campaign.name}}&sub7={{site_source_name}}&sub9=Meta&ref_id={{fbclid}},
ND1108-5,Roto Foldable Backpack,,https://lp.nordace.com/dpalink/roto-foldable-backpack_khaki?utm_source=Facebook_DPA&utm_campaign={{campaign.name}}_{{adset.name}}&utm_medium={{adset.id}}&utm_content={{ad.id}}_{{ad.name}}&cmpid=69844dedca420a8b8b43f68e&sub1={{ad.id}}&sub2={{adset.id}}&sub3={{campaign.id}}&sub4={{ad.name}}&sub5={{adset.name}}&sub6={{campaign.name}}&sub7={{site_source_name}}&sub9=Meta&ref_id={{fbclid}},https://nordace.com/wp-content/uploads/2022/11/Roto-Foldable-Khaki-1.jpg,,in stock,,,69.99 USD,,Backpacks & Wallets,100,,Nordace,ND1108-5-EN,yes,new,no,,Khaki,,,,,ND1108-GROUP,,,,,no,,,English,en,,,single,,,,,https://lp.nordace.com/dpalink/roto-foldable-backpack_khaki?utm_source=Facebook_DPA&utm_campaign={{campaign.name}}_{{adset.name}}&utm_medium={{adset.id}}&utm_content={{ad.id}}_{{ad.name}}&cmpid=69844dedca420a8b8b43f68e&sub1={{ad.id}}&sub2={{adset.id}}&sub3={{campaign.id}}&sub4={{ad.name}}&sub5={{adset.name}}&sub6={{campaign.name}}&sub7={{site_source_name}}&sub9=Meta&ref_id={{fbclid}},
ND1103,Nordace Pollina Vegan Mini Backpack,,https://lp.nordace.com/dpalink/nordace-pollina-mini-backpack?utm_source=Facebook_DPA&utm_campaign={{campaign.name}}_{{adset.name}}&utm_medium={{adset.id}}&utm_content={{ad.id}}_{{ad.name}}&cmpid=69844dedca420a8b8b43f68e&sub1={{ad.id}}&sub2={{adset.id}}&sub3={{campaign.id}}&sub4={{ad.name}}&sub5={{adset.name}}&sub6={{campaign.name}}&sub7={{site_source_name}}&sub9=Meta&ref_id={{fbclid}},,,in stock,,,99.99 USD,,Backpacks & Wallets,100,,Nordace,ND1103-EN,yes,new,no,,,,,,,ND1103-GROUP,,,,,no,,,English,en,,,single,,,,,https://lp.nordace.com/dpalink/nordace-pollina-mini-backpack?utm_source=Facebook_DPA&utm_campaign={{campaign.name}}_{{adset.name}}&utm_medium={{adset.id}}&utm_content={{ad.id}}_{{ad.name}}&cmpid=69844dedca420a8b8b43f68e&sub1={{ad.id}}&sub2={{adset.id}}&sub3={{campaign.id}}&sub4={{ad.name}}&sub5={{adset.name}}&sub6={{campaign.name}}&sub7={{site_source_name}}&sub9=Meta&ref_id={{fbclid}},
ND1103-1,Nordace Pollina Vegan Mini Backpack,,https://lp.nordace.com/dpalink/nordace-pollina-mini-backpack_black?utm_source=Facebook_DPA&utm_campaign={{campaign.name}}_{{adset.name}}&utm_medium={{adset.id}}&utm_content={{ad.id}}_{{ad.name}}&cmpid=69844dedca420a8b8b43f68e&sub1={{ad.id}}&sub2={{adset.id}}&sub3={{campaign.id}}&sub4={{ad.name}}&sub5={{adset.name}}&sub6={{campaign.name}}&sub7={{site_source_name}}&sub9=Meta&ref_id={{fbclid}},https://nordace.com/wp-content/uploads/2022/08/Pollina-Mini-Backpack-Black-1.jpg,,in stock,,,139.99 USD,99.99 USD,Backpacks & Wallets,100,,Nordace,ND1103-1-EN,yes,new,no,,Black,,,,,ND1103-GROUP,,,,,no,,,English,en,,,single,,,,,https://lp.nordace.com/dpalink/nordace-pollina-mini-backpack_black?utm_source=Facebook_DPA&utm_campaign={{campaign.name}}_{{adset.name}}&utm_medium={{adset.id}}&utm_content={{ad.id}}_{{ad.name}}&cmpid=69844dedca420a8b8b43f68e&sub1={{ad.id}}&sub2={{adset.id}}&sub3={{campaign.id}}&sub4={{ad.name}}&sub5={{adset.name}}&sub6={{campaign.name}}&sub7={{site_source_name}}&sub9=Meta&ref_id={{fbclid}},
ND1115,Nordace Aerial Infinity Duffel Bag,,https://lp.nordace.com/dpalink/nordace-aerial-infinity-duffel-bag?utm_source=Facebook_DPA&utm_campaign={{campaign.name}}_{{adset.name}}&utm_medium={{adset.id}}&utm_content={{ad.id}}_{{ad.name}}&cmpid=69844dedca420a8b8b43f68e&sub1={{ad.id}}&sub2={{adset.id}}&sub3={{campaign.id}}&sub4={{ad.name}}&sub5={{adset.name}}&sub6={{campaign.name}}&sub7={{site_source_name}}&sub9=Meta&ref_id={{fbclid}},,,in stock,,,109.99 USD,89.99 USD,Backpacks & Wallets,100,,Nordace,ND1115-EN,yes,new,no,,,,,,,ND1115-GROUP,,,,,no,,,English,en,,,single,,,,,https://lp.nordace.com/dpalink/nordace-aerial-infinity-duffel-bag?utm_source=Facebook_DPA&utm_campaign={{campaign.name}}_{{adset.name}}&utm_medium={{adset.id}}&utm_content={{ad.id}}_{{ad.name}}&cmpid=69844dedca420a8b8b43f68e&sub1={{ad.id}}&sub2={{adset.id}}&sub3={{campaign.id}}&sub4={{ad.name}}&sub5={{adset.name}}&sub6={{campaign.name}}&sub7={{site_source_name}}&sub9=Meta&ref_id={{fbclid}},
ND1115-5,Nordace Aerial Infinity Duffel Bag,,https://lp.nordace.com/dpalink/nordace-aerial-infinity-duffel-bag_khaki?utm_source=Facebook_DPA&utm_campaign={{campaign.name}}_{{adset.name}}&utm_medium={{adset.id}}&utm_content={{ad.id}}_{{ad.name}}&cmpid=69844dedca420a8b8b43f68e&sub1={{ad.id}}&sub2={{adset.id}}&sub3={{campaign.id}}&sub4={{ad.name}}&sub5={{adset.name}}&sub6={{campaign.name}}&sub7={{site_source_name}}&sub9=Meta&ref_id={{fbclid}},https://nordace.com/wp-content/uploads/2023/01/ND1115-57-1.jpg,,in stock,,,109.99 USD,89.99 USD,Backpacks & Wallets,100,,Nordace,ND1115-5-EN,yes,new,no,,Khaki,,,,,ND1115-GROUP,,,,,no,,,English,en,,,single,,,,,https://lp.nordace.com/dpalink/nordace-aerial-infinity-duffel-bag_khaki?utm_source=Facebook_DPA&utm_campaign={{campaign.name}}_{{adset.name}}&utm_medium={{adset.id}}&utm_content={{ad.id}}_{{ad.name}}&cmpid=69844dedca420a8b8b43f68e&sub1={{ad.id}}&sub2={{adset.id}}&sub3={{campaign.id}}&sub4={{ad.name}}&sub5={{adset.name}}&sub6={{campaign.name}}&sub7={{site_source_name}}&sub9=Meta&ref_id={{fbclid}},
US-100,Nordace AquaSnap Waterproof Phone Bag,,https://lp.nordace.com/dpalink/aquasnap-waterproof-phone-bag?utm_source=Facebook_DPA&utm_campaign={{campaign.name}}_{{adset.name}}&utm_medium={{adset.id}}&utm_content={{ad.id}}_{{ad.name}}&cmpid=69844dedca420a8b8b43f68e&sub1={{ad.id}}&sub2={{adset.id}}&sub3={{campaign.id}}&sub4={{ad.name}}&sub5={{adset.name}}&sub6={{campaign.name}}&sub7={{site_source_name}}&sub9=Meta&ref_id={{fbclid}},,,in stock,,,14.99 USD,,Backpacks & Wallets,100,,Nordace,US-100-EN,yes,new,no,,,,,,,US-100-GROUP,,,,,no,,,English,en,,,single,,,,,https://lp.nordace.com/dpalink/aquasnap-waterproof-phone-bag?utm_source=Facebook_DPA&utm_campaign={{campaign.name}}_{{adset.name}}&utm_medium={{adset.id}}&utm_content={{ad.id}}_{{ad.name}}&cmpid=69844dedca420a8b8b43f68e&sub1={{ad.id}}&sub2={{adset.id}}&sub3={{campaign.id}}&sub4={{ad.name}}&sub5={{adset.name}}&sub6={{campaign.name}}&sub7={{site_source_name}}&sub9=Meta&ref_id={{fbclid}},
US-100-33,Nordace AquaSnap Waterproof Phone Bag,,https://lp.nordace.com/dpalink/aquasnap-waterproof-phone-bag_aqua-blue?utm_source=Facebook_DPA&utm_campaign={{campaign.name}}_{{adset.name}}&utm_medium={{adset.id}}&utm_content={{ad.id}}_{{ad.name}}&cmpid=69844dedca420a8b8b43f68e&sub1={{ad.id}}&sub2={{adset.id}}&sub3={{campaign.id}}&sub4={{ad.name}}&sub5={{adset.name}}&sub6={{campaign.name}}&sub7={{site_source_name}}&sub9=Meta&ref_id={{fbclid}},https://nordace.com/wp-content/uploads/2024/07/TopView_IMG_4778.jpg,,in stock,,,14.99 USD,,Backpacks & Wallets,100,,Nordace,US-100-33-EN,yes,new,no,,Aqua Blue,,,,,US-100-GROUP,,,,,no,,,English,en,,,single,,,,,https://lp.nordace.com/dpalink/aquasnap-waterproof-phone-bag_aqua-blue?utm_source=Facebook_DPA&utm_campaign={{campaign.name}}_{{adset.name}}&utm_medium={{adset.id}}&utm_content={{ad.id}}_{{ad.name}}&cmpid=69844dedca420a8b8b43f68e&sub1={{ad.id}}&sub2={{adset.id}}&sub3={{campaign.id}}&sub4={{ad.name}}&sub5={{adset.name}}&sub6={{campaign.name}}&sub7={{site_source_name}}&sub9=Meta&ref_id={{fbclid}},
US-100-01,Nordace AquaSnap Waterproof Phone Bag,,https://lp.nordace.com/dpalink/aquasnap-waterproof-phone-bag_black?utm_source=Facebook_DPA&utm_campaign={{campaign.name}}_{{adset.name}}&utm_medium={{adset.id}}&utm_content={{ad.id}}_{{ad.name}}&cmpid=69844dedca420a8b8b43f68e&sub1={{ad.id}}&sub2={{adset.id}}&sub3={{campaign.id}}&sub4={{ad.name}}&sub5={{adset.name}}&sub6={{campaign.name}}&sub7={{site_source_name}}&sub9=Meta&ref_id={{fbclid}},https://nordace.com/wp-content/uploads/2024/07/TopView_IMG_4763.jpg,,in stock,,,14.99 USD,,Backpacks & Wallets,100,,Nordace,US-100-01-EN,yes,new,no,,Black,,,,,US-100-GROUP,,,,,no,,,English,en,,,single,,,,,https://lp.nordace.com/dpalink/aquasnap-waterproof-phone-bag_black?utm_source=Facebook_DPA&utm_campaign={{campaign.name}}_{{adset.name}}&utm_medium={{adset.id}}&utm_content={{ad.id}}_{{ad.name}}&cmpid=69844dedca420a8b8b43f68e&sub1={{ad.id}}&sub2={{adset.id}}&sub3={{campaign.id}}&sub4={{ad.name}}&sub5={{adset.name}}&sub6={{campaign.name}}&sub7={{site_source_name}}&sub9=Meta&ref_id={{fbclid}},
US-100-33,Nordace AquaSnap Waterproof Phone Bag,,https://lp.nordace.com/dpalink/aquasnap-waterproof-phone-bag_light-blue?utm_source=Facebook_DPA&utm_campaign={{campaign.name}}_{{adset.name}}&utm_medium={{adset.id}}&utm_content={{ad.id}}_{{ad.name}}&cmpid=69844dedca420a8b8b43f68e&sub1={{ad.id}}&sub2={{adset.id}}&sub3={{campaign.id}}&sub4={{ad.name}}&sub5={{adset.name}}&sub6={{campaign.name}}&sub7={{site_source_name}}&sub9=Meta&ref_id={{fbclid}},https://nordace.com/wp-content/uploads/2024/07/TopView_IMG_4758.jpg,,in stock,,,14.99 USD,,Backpacks & Wallets,100,,Nordace,US-100-33-EN,yes,new,no,,Light Blue,,,,,US-100-GROUP,,,,,no,,,English,en,,,single,,,,,https://lp.nordace.com/dpalink/aquasnap-waterproof-phone-bag_light-blue?utm_source=Facebook_DPA&utm_campaign={{campaign.name}}_{{adset.name}}&utm_medium={{adset.id}}&utm_content={{ad.id}}_{{ad.name}}&cmpid=69844dedca420a8b8b43f68e&sub1={{ad.id}}&sub2={{adset.id}}&sub3={{campaign.id}}&sub4={{ad.name}}&sub5={{adset.name}}&sub6={{campaign.name}}&sub7={{site_source_name}}&sub9=Meta&ref_id={{fbclid}},
US-100-08,Nordace AquaSnap Waterproof Phone Bag,,https://lp.nordace.com/dpalink/aquasnap-waterproof-phone-bag_pink?utm_source=Facebook_DPA&utm_campaign={{campaign.name}}_{{adset.name}}&utm_medium={{adset.id}}&utm_content={{ad.id}}_{{ad.name}}&cmpid=69844dedca420a8b8b43f68e&sub1={{ad.id}}&sub2={{adset.id}}&sub3={{campaign.id}}&sub4={{ad.name}}&sub5={{adset.name}}&sub6={{campaign.name}}&sub7={{site_source_name}}&sub9=Meta&ref_id={{fbclid}},https://nordace.com/wp-content/uploads/2024/07/TopView_IMG_4784.jpg,,in stock,,,14.99 USD,,Backpacks & Wallets,100,,Nordace,US-100-08-EN,yes,new,no,,Pink,,,,,US-100-GROUP,,,,,no,,,English,en,,,single,,,,,https://lp.nordace.com/dpalink/aquasnap-waterproof-phone-bag_pink?utm_source=Facebook_DPA&utm_campaign={{campaign.name}}_{{adset.name}}&utm_medium={{adset.id}}&utm_content={{ad.id}}_{{ad.name}}&cmpid=69844dedca420a8b8b43f68e&sub1={{ad.id}}&sub2={{adset.id}}&sub3={{campaign.id}}&sub4={{ad.name}}&sub5={{adset.name}}&sub6={{campaign.name}}&sub7={{site_source_name}}&sub9=Meta&ref_id={{fbclid}},
US-100-12,Nordace AquaSnap Waterproof Phone Bag,,https://lp.nordace.com/dpalink/aquasnap-waterproof-phone-bag_light-purple?utm_source=Facebook_DPA&utm_campaign={{campaign.name}}_{{adset.name}}&utm_medium={{adset.id}}&utm_content={{ad.id}}_{{ad.name}}&cmpid=69844dedca420a8b8b43f68e&sub1={{ad.id}}&sub2={{adset.id}}&sub3={{campaign.id}}&sub4={{ad.name}}&sub5={{adset.name}}&sub6={{campaign.name}}&sub7={{site_source_name}}&sub9=Meta&ref_id={{fbclid}},https://nordace.com/wp-content/uploads/2024/07/TopView_IMG_4773.jpg,,in stock,,,14.99 USD,,Backpacks & Wallets,100,,Nordace,US-100-12-EN,yes,new,no,,Light Purple,,,,,US-100-GROUP,,,,,no,,,English,en,,,single,,,,,https://lp.nordace.com/dpalink/aquasnap-waterproof-phone-bag_light-purple?utm_source=Facebook_DPA&utm_campaign={{campaign.name}}_{{adset.name}}&utm_medium={{adset.id}}&utm_content={{ad.id}}_{{ad.name}}&cmpid=69844dedca420a8b8b43f68e&sub1={{ad.id}}&sub2={{adset.id}}&sub3={{campaign.id}}&sub4={{ad.name}}&sub5={{adset.name}}&sub6={{campaign.name}}&sub7={{site_source_name}}&sub9=Meta&ref_id={{fbclid}},
US-100-11,Nordace AquaSnap Waterproof Phone Bag,,https://lp.nordace.com/dpalink/aquasnap-waterproof-phone-bag_white?utm_source=Facebook_DPA&utm_campaign={{campaign.name}}_{{adset.name}}&utm_medium={{adset.id}}&utm_content={{ad.id}}_{{ad.name}}&cmpid=69844dedca420a8b8b43f68e&sub1={{ad.id}}&sub2={{adset.id}}&sub3={{campaign.id}}&sub4={{ad.name}}&sub5={{adset.name}}&sub6={{campaign.name}}&sub7={{site_source_name}}&sub9=Meta&ref_id={{fbclid}},https://nordace.com/wp-content/uploads/2024/07/TopView_IMG_4714.jpg,,in stock,,,14.99 USD,,Backpacks & Wallets,100,,Nordace,US-100-11-EN,yes,new,no,,White,,,,,US-100-GROUP,,,,,no,,,English,en,,,single,,,,,https://lp.nordace.com/dpalink/aquasnap-waterproof-phone-bag_white?utm_source=Facebook_DPA&utm_campaign={{campaign.name}}_{{adset.name}}&utm_medium={{adset.id}}&utm_content={{ad.id}}_{{ad.name}}&cmpid=69844dedca420a8b8b43f68e&sub1={{ad.id}}&sub2={{adset.id}}&sub3={{campaign.id}}&sub4={{ad.name}}&sub5={{adset.name}}&sub6={{campaign.name}}&sub7={{site_source_name}}&sub9=Meta&ref_id={{fbclid}},
ND1094,Nordace Leiden Smart Tote Bag,,https://lp.nordace.com/dpalink/nordace-leiden-smart-tote-bag?utm_source=Facebook_DPA&utm_campaign={{campaign.name}}_{{adset.name}}&utm_medium={{adset.id}}&utm_content={{ad.id}}_{{ad.name}}&cmpid=69844dedca420a8b8b43f68e&sub1={{ad.id}}&sub2={{adset.id}}&sub3={{campaign.id}}&sub4={{ad.name}}&sub5={{adset.name}}&sub6={{campaign.name}}&sub7={{site_source_name}}&sub9=Meta&ref_id={{fbclid}},,,in stock,,,129.99 USD,65.99 USD,Backpacks & Wallets,100,,Nordace,ND1094-EN,yes,new,no,,,,,,,ND1094-GROUP,,,,,no,,,English,en,,,single,,,,,https://lp.nordace.com/dpalink/nordace-leiden-smart-tote-bag?utm_source=Facebook_DPA&utm_campaign={{campaign.name}}_{{adset.name}}&utm_medium={{adset.id}}&utm_content={{ad.id}}_{{ad.name}}&cmpid=69844dedca420a8b8b43f68e&sub1={{ad.id}}&sub2={{adset.id}}&sub3={{campaign.id}}&sub4={{ad.name}}&sub5={{adset.name}}&sub6={{campaign.name}}&sub7={{site_source_name}}&sub9=Meta&ref_id={{fbclid}},
ND1094-5,Nordace Leiden Smart Tote Bag,,https://lp.nordace.com/dpalink/nordace-leiden-smart-tote-bag_khaki?utm_source=Facebook_DPA&utm_campaign={{campaign.name}}_{{adset.name}}&utm_medium={{adset.id}}&utm_content={{ad.id}}_{{ad.name}}&cmpid=69844dedca420a8b8b43f68e&sub1={{ad.id}}&sub2={{adset.id}}&sub3={{campaign.id}}&sub4={{ad.name}}&sub5={{adset.name}}&sub6={{campaign.name}}&sub7={{site_source_name}}&sub9=Meta&ref_id={{fbclid}},https://nordace.com/wp-content/uploads/2021/12/Leiden-Tote-Bag-Khaki-1-1.jpg,,in stock,,,129.99 USD,65.99 USD,Backpacks & Wallets,100,,Nordace,ND1094-5-EN,yes,new,no,,Khaki,,,,,ND1094-GROUP,,,,,no,,,English,en,,,single,,,,,https://lp.nordace.com/dpalink/nordace-leiden-smart-tote-bag_khaki?utm_source=Facebook_DPA&utm_campaign={{campaign.name}}_{{adset.name}}&utm_medium={{adset.id}}&utm_content={{ad.id}}_{{ad.name}}&cmpid=69844dedca420a8b8b43f68e&sub1={{ad.id}}&sub2={{adset.id}}&sub3={{campaign.id}}&sub4={{ad.name}}&sub5={{adset.name}}&sub6={{campaign.name}}&sub7={{site_source_name}}&sub9=Meta&ref_id={{fbclid}},
ND1094-1,Nordace Leiden Smart Tote Bag,,https://lp.nordace.com/dpalink/nordace-leiden-smart-tote-bag_black?utm_source=Facebook_DPA&utm_campaign={{campaign.name}}_{{adset.name}}&utm_medium={{adset.id}}&utm_content={{ad.id}}_{{ad.name}}&cmpid=69844dedca420a8b8b43f68e&sub1={{ad.id}}&sub2={{adset.id}}&sub3={{campaign.id}}&sub4={{ad.name}}&sub5={{adset.name}}&sub6={{campaign.name}}&sub7={{site_source_name}}&sub9=Meta&ref_id={{fbclid}},https://nordace.com/wp-content/uploads/2021/12/Leiden-Luggage-Tag-Black-4.jpg,,in stock,,,129.99 USD,65.99 USD,Backpacks & Wallets,100,,Nordace,ND1094-1-EN,yes,new,no,,Black,,,,,ND1094-GROUP,,,,,no,,,English,en,,,single,,,,,https://lp.nordace.com/dpalink/nordace-leiden-smart-tote-bag_black?utm_source=Facebook_DPA&utm_campaign={{campaign.name}}_{{adset.name}}&utm_medium={{adset.id}}&utm_content={{ad.id}}_{{ad.name}}&cmpid=69844dedca420a8b8b43f68e&sub1={{ad.id}}&sub2={{adset.id}}&sub3={{campaign.id}}&sub4={{ad.name}}&sub5={{adset.name}}&sub6={{campaign.name}}&sub7={{site_source_name}}&sub9=Meta&ref_id={{fbclid}},
ND1089,Nordace Siena II Laptop Bag,,https://lp.nordace.com/dpalink/nordace-siena-ii-laptop-bag?utm_source=Facebook_DPA&utm_campaign={{campaign.name}}_{{adset.name}}&utm_medium={{adset.id}}&utm_content={{ad.id}}_{{ad.name}}&cmpid=69844dedca420a8b8b43f68e&sub1={{ad.id}}&sub2={{adset.id}}&sub3={{campaign.id}}&sub4={{ad.name}}&sub5={{adset.name}}&sub6={{campaign.name}}&sub7={{site_source_name}}&sub9=Meta&ref_id={{fbclid}},,,in stock,,,69.99 USD,39.99 USD,Backpacks & Wallets,100,,Nordace,ND1089-EN,yes,new,no,,,,,,,ND1089-GROUP,,,,,no,,,English,en,,,single,,,,,https://lp.nordace.com/dpalink/nordace-siena-ii-laptop-bag?utm_source=Facebook_DPA&utm_campaign={{campaign.name}}_{{adset.name}}&utm_medium={{adset.id}}&utm_content={{ad.id}}_{{ad.name}}&cmpid=69844dedca420a8b8b43f68e&sub1={{ad.id}}&sub2={{adset.id}}&sub3={{campaign.id}}&sub4={{ad.name}}&sub5={{adset.name}}&sub6={{campaign.name}}&sub7={{site_source_name}}&sub9=Meta&ref_id={{fbclid}},
ND1089-5,Nordace Siena II Laptop Bag,,https://lp.nordace.com/dpalink/nordace-siena-ii-laptop-bag_beige?utm_source=Facebook_DPA&utm_campaign={{campaign.name}}_{{adset.name}}&utm_medium={{adset.id}}&utm_content={{ad.id}}_{{ad.name}}&cmpid=69844dedca420a8b8b43f68e&sub1={{ad.id}}&sub2={{adset.id}}&sub3={{campaign.id}}&sub4={{ad.name}}&sub5={{adset.name}}&sub6={{campaign.name}}&sub7={{site_source_name}}&sub9=Meta&ref_id={{fbclid}},https://nordace.com/wp-content/uploads/2021/09/Nordace-Siena-II-Laptop-Bag-2-1-1.jpg,,in stock,,,69.99 USD,39.99 USD,Backpacks & Wallets,100,,Nordace,ND1089-5-EN,yes,new,no,,Beige,,,,,ND1089-GROUP,,,,,no,,,English,en,,,single,,,,,https://lp.nordace.com/dpalink/nordace-siena-ii-laptop-bag_beige?utm_source=Facebook_DPA&utm_campaign={{campaign.name}}_{{adset.name}}&utm_medium={{adset.id}}&utm_content={{ad.id}}_{{ad.name}}&cmpid=69844dedca420a8b8b43f68e&sub1={{ad.id}}&sub2={{adset.id}}&sub3={{campaign.id}}&sub4={{ad.name}}&sub5={{adset.name}}&sub6={{campaign.name}}&sub7={{site_source_name}}&sub9=Meta&ref_id={{fbclid}},
ND1229,Siena Flō Duffel Bag,,https://lp.nordace.com/dpalink/siena-flo-duffel-bag?utm_source=Facebook_DPA&utm_campaign={{campaign.name}}_{{adset.name}}&utm_medium={{adset.id}}&utm_content={{ad.id}}_{{ad.name}}&cmpid=69844dedca420a8b8b43f68e&sub1={{ad.id}}&sub2={{adset.id}}&sub3={{campaign.id}}&sub4={{ad.name}}&sub5={{adset.name}}&sub6={{campaign.name}}&sub7={{site_source_name}}&sub9=Meta&ref_id={{fbclid}},,,in stock,,,128 USD,,Backpacks & Wallets,100,,Nordace,ND1229-EN,yes,new,no,,,,,,,ND1229-GROUP,,,,,no,,,English,en,,,single,,,,,https://lp.nordace.com/dpalink/siena-flo-duffel-bag?utm_source=Facebook_DPA&utm_campaign={{campaign.name}}_{{adset.name}}&utm_medium={{adset.id}}&utm_content={{ad.id}}_{{ad.name}}&cmpid=69844dedca420a8b8b43f68e&sub1={{ad.id}}&sub2={{adset.id}}&sub3={{campaign.id}}&sub4={{ad.name}}&sub5={{adset.name}}&sub6={{campaign.name}}&sub7={{site_source_name}}&sub9=Meta&ref_id={{fbclid}},
ND1229-1,Siena Flō Duffel Bag,,https://lp.nordace.com/dpalink/siena-flo-duffel-bag_black-brown?utm_source=Facebook_DPA&utm_campaign={{campaign.name}}_{{adset.name}}&utm_medium={{adset.id}}&utm_content={{ad.id}}_{{ad.name}}&cmpid=69844dedca420a8b8b43f68e&sub1={{ad.id}}&sub2={{adset.id}}&sub3={{campaign.id}}&sub4={{ad.name}}&sub5={{adset.name}}&sub6={{campaign.name}}&sub7={{site_source_name}}&sub9=Meta&ref_id={{fbclid}},https://nordace.com/wp-content/uploads/2025/05/6G8A5519.jpg,,in stock,,,128 USD,,Backpacks & Wallets,100,,Nordace,ND1229-1-EN,yes,new,no,,Black Brown,,,,,ND1229-GROUP,,,,,no,,,English,en,,,single,,,,,https://lp.nordace.com/dpalink/siena-flo-duffel-bag_black-brown?utm_source=Facebook_DPA&utm_campaign={{campaign.name}}_{{adset.name}}&utm_medium={{adset.id}}&utm_content={{ad.id}}_{{ad.name}}&cmpid=69844dedca420a8b8b43f68e&sub1={{ad.id}}&sub2={{adset.id}}&sub3={{campaign.id}}&sub4={{ad.name}}&sub5={{adset.name}}&sub6={{campaign.name}}&sub7={{site_source_name}}&sub9=Meta&ref_id={{fbclid}},
ND1229-5,Siena Flō Duffel Bag,,https://lp.nordace.com/dpalink/siena-flo-duffel-bag_beige-brown?utm_source=Facebook_DPA&utm_campaign={{campaign.name}}_{{adset.name}}&utm_medium={{adset.id}}&utm_content={{ad.id}}_{{ad.name}}&cmpid=69844dedca420a8b8b43f68e&sub1={{ad.id}}&sub2={{adset.id}}&sub3={{campaign.id}}&sub4={{ad.name}}&sub5={{adset.name}}&sub6={{campaign.name}}&sub7={{site_source_name}}&sub9=Meta&ref_id={{fbclid}},https://nordace.com/wp-content/uploads/2025/06/6G8A5535-1.jpg,,in stock,,,128 USD,,Backpacks & Wallets,100,,Nordace,ND1229-5-EN,yes,new,no,,Beige Brown,,,,,ND1229-GROUP,,,,,no,,,English,en,,,single,,,,,https://lp.nordace.com/dpalink/siena-flo-duffel-bag_beige-brown?utm_source=Facebook_DPA&utm_campaign={{campaign.name}}_{{adset.name}}&utm_medium={{adset.id}}&utm_content={{ad.id}}_{{ad.name}}&cmpid=69844dedca420a8b8b43f68e&sub1={{ad.id}}&sub2={{adset.id}}&sub3={{campaign.id}}&sub4={{ad.name}}&sub5={{adset.name}}&sub6={{campaign.name}}&sub7={{site_source_name}}&sub9=Meta&ref_id={{fbclid}},
ND1211,Nordace Siena Pro Lunch Bag,,https://lp.nordace.com/dpalink/nordace-siena-pro-lunch-bag?utm_source=Facebook_DPA&utm_campaign={{campaign.name}}_{{adset.name}}&utm_medium={{adset.id}}&utm_content={{ad.id}}_{{ad.name}}&cmpid=69844dedca420a8b8b43f68e&sub1={{ad.id}}&sub2={{adset.id}}&sub3={{campaign.id}}&sub4={{ad.name}}&sub5={{adset.name}}&sub6={{campaign.name}}&sub7={{site_source_name}}&sub9=Meta&ref_id={{fbclid}},,,in stock,,,49.99 USD,,Backpacks & Wallets,100,,Nordace,ND1211-EN,yes,new,no,,,,,,,ND1211-GROUP,,,,,no,,,English,en,,,single,,,,,https://lp.nordace.com/dpalink/nordace-siena-pro-lunch-bag?utm_source=Facebook_DPA&utm_campaign={{campaign.name}}_{{adset.name}}&utm_medium={{adset.id}}&utm_content={{ad.id}}_{{ad.name}}&cmpid=69844dedca420a8b8b43f68e&sub1={{ad.id}}&sub2={{adset.id}}&sub3={{campaign.id}}&sub4={{ad.name}}&sub5={{adset.name}}&sub6={{campaign.name}}&sub7={{site_source_name}}&sub9=Meta&ref_id={{fbclid}},
ND1211-5,Nordace Siena Pro Lunch Bag,,https://lp.nordace.com/dpalink/nordace-siena-pro-lunch-bag_beige?utm_source=Facebook_DPA&utm_campaign={{campaign.name}}_{{adset.name}}&utm_medium={{adset.id}}&utm_content={{ad.id}}_{{ad.name}}&cmpid=69844dedca420a8b8b43f68e&sub1={{ad.id}}&sub2={{adset.id}}&sub3={{campaign.id}}&sub4={{ad.name}}&sub5={{adset.name}}&sub6={{campaign.name}}&sub7={{site_source_name}}&sub9=Meta&ref_id={{fbclid}},https://nordace.com/wp-content/uploads/2024/08/ND1211-5-1.jpg,,in stock,,,49.99 USD,,Backpacks & Wallets,100,,Nordace,ND1211-5-EN,yes,new,no,,Beige,,,,,ND1211-GROUP,,,,,no,,,English,en,,,single,,,,,https://lp.nordace.com/dpalink/nordace-siena-pro-lunch-bag_beige?utm_source=Facebook_DPA&utm_campaign={{campaign.name}}_{{adset.name}}&utm_medium={{adset.id}}&utm_content={{ad.id}}_{{ad.name}}&cmpid=69844dedca420a8b8b43f68e&sub1={{ad.id}}&sub2={{adset.id}}&sub3={{campaign.id}}&sub4={{ad.name}}&sub5={{adset.name}}&sub6={{campaign.name}}&sub7={{site_source_name}}&sub9=Meta&ref_id={{fbclid}},
ND1211-1,Nordace Siena Pro Lunch Bag,,https://lp.nordace.com/dpalink/nordace-siena-pro-lunch-bag_black?utm_source=Facebook_DPA&utm_campaign={{campaign.name}}_{{adset.name}}&utm_medium={{adset.id}}&utm_content={{ad.id}}_{{ad.name}}&cmpid=69844dedca420a8b8b43f68e&sub1={{ad.id}}&sub2={{adset.id}}&sub3={{campaign.id}}&sub4={{ad.name}}&sub5={{adset.name}}&sub6={{campaign.name}}&sub7={{site_source_name}}&sub9=Meta&ref_id={{fbclid}},https://nordace.com/wp-content/uploads/2024/08/ND1211-1-1-1.jpg,,in stock,,,49.99 USD,,Backpacks & Wallets,100,,Nordace,ND1211-1-EN,yes,new,no,,Black,,,,,ND1211-GROUP,,,,,no,,,English,en,,,single,,,,,https://lp.nordace.com/dpalink/nordace-siena-pro-lunch-bag_black?utm_source=Facebook_DPA&utm_campaign={{campaign.name}}_{{adset.name}}&utm_medium={{adset.id}}&utm_content={{ad.id}}_{{ad.name}}&cmpid=69844dedca420a8b8b43f68e&sub1={{ad.id}}&sub2={{adset.id}}&sub3={{campaign.id}}&sub4={{ad.name}}&sub5={{adset.name}}&sub6={{campaign.name}}&sub7={{site_source_name}}&sub9=Meta&ref_id={{fbclid}},
ND1040,Multipurpose Picnic / Beach Mat Convertible to Raincoat - Water-Resistant,,https://lp.nordace.com/dpalink/multipurpose-water-resistant-convertible-picnic-beach-mat-raincoat?utm_source=Facebook_DPA&utm_campaign={{campaign.name}}_{{adset.name}}&utm_medium={{adset.id}}&utm_content={{ad.id}}_{{ad.name}}&cmpid=69844dedca420a8b8b43f68e&sub1={{ad.id}}&sub2={{adset.id}}&sub3={{campaign.id}}&sub4={{ad.name}}&sub5={{adset.name}}&sub6={{campaign.name}}&sub7={{site_source_name}}&sub9=Meta&ref_id={{fbclid}},,,in stock,,,39.99 USD,,Backpacks & Wallets,100,,Nordace,ND1040-EN,yes,new,no,,,,,,,ND1040-GROUP,,,,,no,,,English,en,,,single,,,,,https://lp.nordace.com/dpalink/multipurpose-water-resistant-convertible-picnic-beach-mat-raincoat?utm_source=Facebook_DPA&utm_campaign={{campaign.name}}_{{adset.name}}&utm_medium={{adset.id}}&utm_content={{ad.id}}_{{ad.name}}&cmpid=69844dedca420a8b8b43f68e&sub1={{ad.id}}&sub2={{adset.id}}&sub3={{campaign.id}}&sub4={{ad.name}}&sub5={{adset.name}}&sub6={{campaign.name}}&sub7={{site_source_name}}&sub9=Meta&ref_id={{fbclid}},
ND1040-1,Multipurpose Picnic / Beach Mat Convertible to Raincoat - Water-Resistant,,https://lp.nordace.com/dpalink/multipurpose-water-resistant-convertible-picnic-beach-mat-raincoat_black?utm_source=Facebook_DPA&utm_campaign={{campaign.name}}_{{adset.name}}&utm_medium={{adset.id}}&utm_content={{ad.id}}_{{ad.name}}&cmpid=69844dedca420a8b8b43f68e&sub1={{ad.id}}&sub2={{adset.id}}&sub3={{campaign.id}}&sub4={{ad.name}}&sub5={{adset.name}}&sub6={{campaign.name}}&sub7={{site_source_name}}&sub9=Meta&ref_id={{fbclid}},https://nordace.com/wp-content/uploads/2020/04/nordace-picnic-beach-mat-raincoat-1.jpg,,in stock,,,39.99 USD,,Backpacks & Wallets,100,,Nordace,ND1040-1-EN,yes,new,no,,Black,,,,,ND1040-GROUP,,,,,no,,,English,en,,,single,,,,,https://lp.nordace.com/dpalink/multipurpose-water-resistant-convertible-picnic-beach-mat-raincoat_black?utm_source=Facebook_DPA&utm_campaign={{campaign.name}}_{{adset.name}}&utm_medium={{adset.id}}&utm_content={{ad.id}}_{{ad.name}}&cmpid=69844dedca420a8b8b43f68e&sub1={{ad.id}}&sub2={{adset.id}}&sub3={{campaign.id}}&sub4={{ad.name}}&sub5={{adset.name}}&sub6={{campaign.name}}&sub7={{site_source_name}}&sub9=Meta&ref_id={{fbclid}},
ND1040-2,Multipurpose Picnic / Beach Mat Convertible to Raincoat - Water-Resistant,,https://lp.nordace.com/dpalink/multipurpose-water-resistant-convertible-picnic-beach-mat-raincoat_gray?utm_source=Facebook_DPA&utm_campaign={{campaign.name}}_{{adset.name}}&utm_medium={{adset.id}}&utm_content={{ad.id}}_{{ad.name}}&cmpid=69844dedca420a8b8b43f68e&sub1={{ad.id}}&sub2={{adset.id}}&sub3={{campaign.id}}&sub4={{ad.name}}&sub5={{adset.name}}&sub6={{campaign.name}}&sub7={{site_source_name}}&sub9=Meta&ref_id={{fbclid}},https://nordace.com/wp-content/uploads/2020/04/nordace-picnic-beach-mat-raincoat-6.jpg,,in stock,,,39.99 USD,,Backpacks & Wallets,100,,Nordace,ND1040-2-EN,yes,new,no,,Gray,,,,,ND1040-GROUP,,,,,no,,,English,en,,,single,,,,,https://lp.nordace.com/dpalink/multipurpose-water-resistant-convertible-picnic-beach-mat-raincoat_gray?utm_source=Facebook_DPA&utm_campaign={{campaign.name}}_{{adset.name}}&utm_medium={{adset.id}}&utm_content={{ad.id}}_{{ad.name}}&cmpid=69844dedca420a8b8b43f68e&sub1={{ad.id}}&sub2={{adset.id}}&sub3={{campaign.id}}&sub4={{ad.name}}&sub5={{adset.name}}&sub6={{campaign.name}}&sub7={{site_source_name}}&sub9=Meta&ref_id={{fbclid}},
ND1107,Pollina Vegan Phone Crossbody Bag,,https://lp.nordace.com/dpalink/nordace-pollina-vegan-phone-crossbody-bag?utm_source=Facebook_DPA&utm_campaign={{campaign.name}}_{{adset.name}}&utm_medium={{adset.id}}&utm_content={{ad.id}}_{{ad.name}}&cmpid=69844dedca420a8b8b43f68e&sub1={{ad.id}}&sub2={{adset.id}}&sub3={{campaign.id}}&sub4={{ad.name}}&sub5={{adset.name}}&sub6={{campaign.name}}&sub7={{site_source_name}}&sub9=Meta&ref_id={{fbclid}},,,in stock,,,79.99 USD,49.99 USD,Backpacks & Wallets,100,,Nordace,ND1107-EN,yes,new,no,,,,,,,ND1107-GROUP,,,,,no,,,English,en,,,single,,,,,https://lp.nordace.com/dpalink/nordace-pollina-vegan-phone-crossbody-bag?utm_source=Facebook_DPA&utm_campaign={{campaign.name}}_{{adset.name}}&utm_medium={{adset.id}}&utm_content={{ad.id}}_{{ad.name}}&cmpid=69844dedca420a8b8b43f68e&sub1={{ad.id}}&sub2={{adset.id}}&sub3={{campaign.id}}&sub4={{ad.name}}&sub5={{adset.name}}&sub6={{campaign.name}}&sub7={{site_source_name}}&sub9=Meta&ref_id={{fbclid}},
ND1107-2,Pollina Vegan Phone Crossbody Bag,,https://lp.nordace.com/dpalink/nordace-pollina-vegan-phone-crossbody-bag_light-gray?utm_source=Facebook_DPA&utm_campaign={{campaign.name}}_{{adset.name}}&utm_medium={{adset.id}}&utm_content={{ad.id}}_{{ad.name}}&cmpid=69844dedca420a8b8b43f68e&sub1={{ad.id}}&sub2={{adset.id}}&sub3={{campaign.id}}&sub4={{ad.name}}&sub5={{adset.name}}&sub6={{campaign.name}}&sub7={{site_source_name}}&sub9=Meta&ref_id={{fbclid}},https://nordace.com/wp-content/uploads/2022/09/Pollina-Vegan-Phone-Crossbody-Bag-21.jpg,,in stock,,,79.99 USD,49.99 USD,Backpacks & Wallets,100,,Nordace,ND1107-2-EN,yes,new,no,,Light Gray,,,,,ND1107-GROUP,,,,,no,,,English,en,,,single,,,,,https://lp.nordace.com/dpalink/nordace-pollina-vegan-phone-crossbody-bag_light-gray?utm_source=Facebook_DPA&utm_campaign={{campaign.name}}_{{adset.name}}&utm_medium={{adset.id}}&utm_content={{ad.id}}_{{ad.name}}&cmpid=69844dedca420a8b8b43f68e&sub1={{ad.id}}&sub2={{adset.id}}&sub3={{campaign.id}}&sub4={{ad.name}}&sub5={{adset.name}}&sub6={{campaign.name}}&sub7={{site_source_name}}&sub9=Meta&ref_id={{fbclid}},
ND1135,Nordace Colmarre Laptop Briefcase,,https://lp.nordace.com/dpalink/nordace-colmarre-laptop-briefcase?utm_source=Facebook_DPA&utm_campaign={{campaign.name}}_{{adset.name}}&utm_medium={{adset.id}}&utm_content={{ad.id}}_{{ad.name}}&cmpid=69844dedca420a8b8b43f68e&sub1={{ad.id}}&sub2={{adset.id}}&sub3={{campaign.id}}&sub4={{ad.name}}&sub5={{adset.name}}&sub6={{campaign.name}}&sub7={{site_source_name}}&sub9=Meta&ref_id={{fbclid}},,,in stock,,,119.99 USD,69.99 USD,Backpacks & Wallets,100,,Nordace,ND1135-EN,yes,new,no,,,,,,,ND1135-GROUP,,,,,no,,,English,en,,,single,,,,,https://lp.nordace.com/dpalink/nordace-colmarre-laptop-briefcase?utm_source=Facebook_DPA&utm_campaign={{campaign.name}}_{{adset.name}}&utm_medium={{adset.id}}&utm_content={{ad.id}}_{{ad.name}}&cmpid=69844dedca420a8b8b43f68e&sub1={{ad.id}}&sub2={{adset.id}}&sub3={{campaign.id}}&sub4={{ad.name}}&sub5={{adset.name}}&sub6={{campaign.name}}&sub7={{site_source_name}}&sub9=Meta&ref_id={{fbclid}},
ND1135-1,Nordace Colmarre Laptop Briefcase,,https://lp.nordace.com/dpalink/nordace-colmarre-laptop-briefcase_black?utm_source=Facebook_DPA&utm_campaign={{campaign.name}}_{{adset.name}}&utm_medium={{adset.id}}&utm_content={{ad.id}}_{{ad.name}}&cmpid=69844dedca420a8b8b43f68e&sub1={{ad.id}}&sub2={{adset.id}}&sub3={{campaign.id}}&sub4={{ad.name}}&sub5={{adset.name}}&sub6={{campaign.name}}&sub7={{site_source_name}}&sub9=Meta&ref_id={{fbclid}},https://nordace.com/wp-content/uploads/2023/09/ND1135-1-1.jpg,,in stock,,,119.99 USD,69.99 USD,Backpacks & Wallets,100,,Nordace,ND1135-1-EN,yes,new,no,,Black,,,,,ND1135-GROUP,,,,,no,,,English,en,,,single,,,,,https://lp.nordace.com/dpalink/nordace-colmarre-laptop-briefcase_black?utm_source=Facebook_DPA&utm_campaign={{campaign.name}}_{{adset.name}}&utm_medium={{adset.id}}&utm_content={{ad.id}}_{{ad.name}}&cmpid=69844dedca420a8b8b43f68e&sub1={{ad.id}}&sub2={{adset.id}}&sub3={{campaign.id}}&sub4={{ad.name}}&sub5={{adset.name}}&sub6={{campaign.name}}&sub7={{site_source_name}}&sub9=Meta&ref_id={{fbclid}},
ND1135-5,Nordace Colmarre Laptop Briefcase,,https://lp.nordace.com/dpalink/nordace-colmarre-laptop-briefcase_beige?utm_source=Facebook_DPA&utm_campaign={{campaign.name}}_{{adset.name}}&utm_medium={{adset.id}}&utm_content={{ad.id}}_{{ad.name}}&cmpid=69844dedca420a8b8b43f68e&sub1={{ad.id}}&sub2={{adset.id}}&sub3={{campaign.id}}&sub4={{ad.name}}&sub5={{adset.name}}&sub6={{campaign.name}}&sub7={{site_source_name}}&sub9=Meta&ref_id={{fbclid}},https://nordace.com/wp-content/uploads/2023/09/ND1135-5-1.jpg,,in stock,,,119.99 USD,69.99 USD,Backpacks & Wallets,100,,Nordace,ND1135-5-EN,yes,new,no,,Beige,,,,,ND1135-GROUP,,,,,no,,,English,en,,,single,,,,,https://lp.nordace.com/dpalink/nordace-colmarre-laptop-briefcase_beige?utm_source=Facebook_DPA&utm_campaign={{campaign.name}}_{{adset.name}}&utm_medium={{adset.id}}&utm_content={{ad.id}}_{{ad.name}}&cmpid=69844dedca420a8b8b43f68e&sub1={{ad.id}}&sub2={{adset.id}}&sub3={{campaign.id}}&sub4={{ad.name}}&sub5={{adset.name}}&sub6={{campaign.name}}&sub7={{site_source_name}}&sub9=Meta&ref_id={{fbclid}},
ND1135-7,Nordace Colmarre Laptop Briefcase,,https://lp.nordace.com/dpalink/nordace-colmarre-laptop-briefcase_blue?utm_source=Facebook_DPA&utm_campaign={{campaign.name}}_{{adset.name}}&utm_medium={{adset.id}}&utm_content={{ad.id}}_{{ad.name}}&cmpid=69844dedca420a8b8b43f68e&sub1={{ad.id}}&sub2={{adset.id}}&sub3={{campaign.id}}&sub4={{ad.name}}&sub5={{adset.name}}&sub6={{campaign.name}}&sub7={{site_source_name}}&sub9=Meta&ref_id={{fbclid}},https://nordace.com/wp-content/uploads/2023/09/ND1135-7-1.jpg,,in stock,,,119.99 USD,69.99 USD,Backpacks & Wallets,100,,Nordace,ND1135-7-EN,yes,new,no,,Blue,,,,,ND1135-GROUP,,,,,no,,,English,en,,,single,,,,,https://lp.nordace.com/dpalink/nordace-colmarre-laptop-briefcase_blue?utm_source=Facebook_DPA&utm_campaign={{campaign.name}}_{{adset.name}}&utm_medium={{adset.id}}&utm_content={{ad.id}}_{{ad.name}}&cmpid=69844dedca420a8b8b43f68e&sub1={{ad.id}}&sub2={{adset.id}}&sub3={{campaign.id}}&sub4={{ad.name}}&sub5={{adset.name}}&sub6={{campaign.name}}&sub7={{site_source_name}}&sub9=Meta&ref_id={{fbclid}},
ND1219,Siena Nexus Mini Convertible Backpack,,https://lp.nordace.com/dpalink/nordace-siena-nexus-mini-convertible-backpack?utm_source=Facebook_DPA&utm_campaign={{campaign.name}}_{{adset.name}}&utm_medium={{adset.id}}&utm_content={{ad.id}}_{{ad.name}}&cmpid=69844dedca420a8b8b43f68e&sub1={{ad.id}}&sub2={{adset.id}}&sub3={{campaign.id}}&sub4={{ad.name}}&sub5={{adset.name}}&sub6={{campaign.name}}&sub7={{site_source_name}}&sub9=Meta&ref_id={{fbclid}},,,in stock,,,89.99 USD,,Backpacks & Wallets,100,,Nordace,ND1219-EN,yes,new,no,,,,,,,ND1219-GROUP,,,,,no,,,English,en,,,single,,,,,https://lp.nordace.com/dpalink/nordace-siena-nexus-mini-convertible-backpack?utm_source=Facebook_DPA&utm_campaign={{campaign.name}}_{{adset.name}}&utm_medium={{adset.id}}&utm_content={{ad.id}}_{{ad.name}}&cmpid=69844dedca420a8b8b43f68e&sub1={{ad.id}}&sub2={{adset.id}}&sub3={{campaign.id}}&sub4={{ad.name}}&sub5={{adset.name}}&sub6={{campaign.name}}&sub7={{site_source_name}}&sub9=Meta&ref_id={{fbclid}},
ND1219-5,Siena Nexus Mini Convertible Backpack,,https://lp.nordace.com/dpalink/nordace-siena-nexus-mini-convertible-backpack_beige?utm_source=Facebook_DPA&utm_campaign={{campaign.name}}_{{adset.name}}&utm_medium={{adset.id}}&utm_content={{ad.id}}_{{ad.name}}&cmpid=69844dedca420a8b8b43f68e&sub1={{ad.id}}&sub2={{adset.id}}&sub3={{campaign.id}}&sub4={{ad.name}}&sub5={{adset.name}}&sub6={{campaign.name}}&sub7={{site_source_name}}&sub9=Meta&ref_id={{fbclid}},https://nordace.com/wp-content/uploads/2024/12/ND1219-5-3.jpg,,in stock,,,89.99 USD,,Backpacks & Wallets,100,,Nordace,ND1219-5-EN,yes,new,no,,Beige,,,,,ND1219-GROUP,,,,,no,,,English,en,,,single,,,,,https://lp.nordace.com/dpalink/nordace-siena-nexus-mini-convertible-backpack_beige?utm_source=Facebook_DPA&utm_campaign={{campaign.name}}_{{adset.name}}&utm_medium={{adset.id}}&utm_content={{ad.id}}_{{ad.name}}&cmpid=69844dedca420a8b8b43f68e&sub1={{ad.id}}&sub2={{adset.id}}&sub3={{campaign.id}}&sub4={{ad.name}}&sub5={{adset.name}}&sub6={{campaign.name}}&sub7={{site_source_name}}&sub9=Meta&ref_id={{fbclid}},
ND1219-1,Siena Nexus Mini Convertible Backpack,,https://lp.nordace.com/dpalink/nordace-siena-nexus-mini-convertible-backpack_black?utm_source=Facebook_DPA&utm_campaign={{campaign.name}}_{{adset.name}}&utm_medium={{adset.id}}&utm_content={{ad.id}}_{{ad.name}}&cmpid=69844dedca420a8b8b43f68e&sub1={{ad.id}}&sub2={{adset.id}}&sub3={{campaign.id}}&sub4={{ad.name}}&sub5={{adset.name}}&sub6={{campaign.name}}&sub7={{site_source_name}}&sub9=Meta&ref_id={{fbclid}},https://nordace.com/wp-content/uploads/2024/12/ND1219-1-4.jpg,,in stock,,,89.99 USD,,Backpacks & Wallets,100,,Nordace,ND1219-1-EN,yes,new,no,,Black,,,,,ND1219-GROUP,,,,,no,,,English,en,,,single,,,,,https://lp.nordace.com/dpalink/nordace-siena-nexus-mini-convertible-backpack_black?utm_source=Facebook_DPA&utm_campaign={{campaign.name}}_{{adset.name}}&utm_medium={{adset.id}}&utm_content={{ad.id}}_{{ad.name}}&cmpid=69844dedca420a8b8b43f68e&sub1={{ad.id}}&sub2={{adset.id}}&sub3={{campaign.id}}&sub4={{ad.name}}&sub5={{adset.name}}&sub6={{campaign.name}}&sub7={{site_source_name}}&sub9=Meta&ref_id={{fbclid}},
ND1215,Nordace Miram Quilted Backpack,,https://lp.nordace.com/dpalink/nordace-miram-quilted-backpack?utm_source=Facebook_DPA&utm_campaign={{campaign.name}}_{{adset.name}}&utm_medium={{adset.id}}&utm_content={{ad.id}}_{{ad.name}}&cmpid=69844dedca420a8b8b43f68e&sub1={{ad.id}}&sub2={{adset.id}}&sub3={{campaign.id}}&sub4={{ad.name}}&sub5={{adset.name}}&sub6={{campaign.name}}&sub7={{site_source_name}}&sub9=Meta&ref_id={{fbclid}},,,in stock,,,119.99 USD,,Backpacks & Wallets,100,,Nordace,ND1215-EN,yes,new,no,,,,,,,ND1215-GROUP,,,,,no,,,English,en,,,single,,,,,https://lp.nordace.com/dpalink/nordace-miram-quilted-backpack?utm_source=Facebook_DPA&utm_campaign={{campaign.name}}_{{adset.name}}&utm_medium={{adset.id}}&utm_content={{ad.id}}_{{ad.name}}&cmpid=69844dedca420a8b8b43f68e&sub1={{ad.id}}&sub2={{adset.id}}&sub3={{campaign.id}}&sub4={{ad.name}}&sub5={{adset.name}}&sub6={{campaign.name}}&sub7={{site_source_name}}&sub9=Meta&ref_id={{fbclid}},
ND1215-1,Nordace Miram Quilted Backpack,,https://lp.nordace.com/dpalink/nordace-miram-quilted-backpack_black?utm_source=Facebook_DPA&utm_campaign={{campaign.name}}_{{adset.name}}&utm_medium={{adset.id}}&utm_content={{ad.id}}_{{ad.name}}&cmpid=69844dedca420a8b8b43f68e&sub1={{ad.id}}&sub2={{adset.id}}&sub3={{campaign.id}}&sub4={{ad.name}}&sub5={{adset.name}}&sub6={{campaign.name}}&sub7={{site_source_name}}&sub9=Meta&ref_id={{fbclid}},https://nordace.com/wp-content/uploads/2024/08/ND1215-1-1-1.jpg,,in stock,,,119.99 USD,,Backpacks & Wallets,100,,Nordace,ND1215-1-EN,yes,new,no,,Black,,,,,ND1215-GROUP,,,,,no,,,English,en,,,single,,,,,https://lp.nordace.com/dpalink/nordace-miram-quilted-backpack_black?utm_source=Facebook_DPA&utm_campaign={{campaign.name}}_{{adset.name}}&utm_medium={{adset.id}}&utm_content={{ad.id}}_{{ad.name}}&cmpid=69844dedca420a8b8b43f68e&sub1={{ad.id}}&sub2={{adset.id}}&sub3={{campaign.id}}&sub4={{ad.name}}&sub5={{adset.name}}&sub6={{campaign.name}}&sub7={{site_source_name}}&sub9=Meta&ref_id={{fbclid}},
ND1131,Nordace Ventas Daily Backpack,,https://lp.nordace.com/dpalink/norace-ventas-daily-backpack?utm_source=Facebook_DPA&utm_campaign={{campaign.name}}_{{adset.name}}&utm_medium={{adset.id}}&utm_content={{ad.id}}_{{ad.name}}&cmpid=69844dedca420a8b8b43f68e&sub1={{ad.id}}&sub2={{adset.id}}&sub3={{campaign.id}}&sub4={{ad.name}}&sub5={{adset.name}}&sub6={{campaign.name}}&sub7={{site_source_name}}&sub9=Meta&ref_id={{fbclid}},,,in stock,,,109.99 USD,89.99 USD,Backpacks & Wallets,100,,Nordace,ND1131-EN,yes,new,no,,,,,,,ND1131-GROUP,,,,,no,,,English,en,,,single,,,,,https://lp.nordace.com/dpalink/norace-ventas-daily-backpack?utm_source=Facebook_DPA&utm_campaign={{campaign.name}}_{{adset.name}}&utm_medium={{adset.id}}&utm_content={{ad.id}}_{{ad.name}}&cmpid=69844dedca420a8b8b43f68e&sub1={{ad.id}}&sub2={{adset.id}}&sub3={{campaign.id}}&sub4={{ad.name}}&sub5={{adset.name}}&sub6={{campaign.name}}&sub7={{site_source_name}}&sub9=Meta&ref_id={{fbclid}},
ND1131-1,Nordace Ventas Daily Backpack,,https://lp.nordace.com/dpalink/norace-ventas-daily-backpack_black?utm_source=Facebook_DPA&utm_campaign={{campaign.name}}_{{adset.name}}&utm_medium={{adset.id}}&utm_content={{ad.id}}_{{ad.name}}&cmpid=69844dedca420a8b8b43f68e&sub1={{ad.id}}&sub2={{adset.id}}&sub3={{campaign.id}}&sub4={{ad.name}}&sub5={{adset.name}}&sub6={{campaign.name}}&sub7={{site_source_name}}&sub9=Meta&ref_id={{fbclid}},https://nordace.com/wp-content/uploads/2023/08/ND1131-1-1-1.jpg,,in stock,,,109.99 USD,89.99 USD,Backpacks & Wallets,100,,Nordace,ND1131-1-EN,yes,new,no,,Black,,,,,ND1131-GROUP,,,,,no,,,English,en,,,single,,,,,https://lp.nordace.com/dpalink/norace-ventas-daily-backpack_black?utm_source=Facebook_DPA&utm_campaign={{campaign.name}}_{{adset.name}}&utm_medium={{adset.id}}&utm_content={{ad.id}}_{{ad.name}}&cmpid=69844dedca420a8b8b43f68e&sub1={{ad.id}}&sub2={{adset.id}}&sub3={{campaign.id}}&sub4={{ad.name}}&sub5={{adset.name}}&sub6={{campaign.name}}&sub7={{site_source_name}}&sub9=Meta&ref_id={{fbclid}},
ND1222,Siena Pro 11 Backpack,,https://lp.nordace.com/dpalink/siena-pro-11-backpack?utm_source=Facebook_DPA&utm_campaign={{campaign.name}}_{{adset.name}}&utm_medium={{adset.id}}&utm_content={{ad.id}}_{{ad.name}}&cmpid=69844dedca420a8b8b43f68e&sub1={{ad.id}}&sub2={{adset.id}}&sub3={{campaign.id}}&sub4={{ad.name}}&sub5={{adset.name}}&sub6={{campaign.name}}&sub7={{site_source_name}}&sub9=Meta&ref_id={{fbclid}},,,in stock,,,99.99 USD,,Backpacks & Wallets,100,,Nordace,ND1222-EN,yes,new,no,,,,,,,ND1222-GROUP,,,,,no,,,English,en,,,single,,,,,https://lp.nordace.com/dpalink/siena-pro-11-backpack?utm_source=Facebook_DPA&utm_campaign={{campaign.name}}_{{adset.name}}&utm_medium={{adset.id}}&utm_content={{ad.id}}_{{ad.name}}&cmpid=69844dedca420a8b8b43f68e&sub1={{ad.id}}&sub2={{adset.id}}&sub3={{campaign.id}}&sub4={{ad.name}}&sub5={{adset.name}}&sub6={{campaign.name}}&sub7={{site_source_name}}&sub9=Meta&ref_id={{fbclid}},
ND1222-1,Siena Pro 11 Backpack,,https://lp.nordace.com/dpalink/siena-pro-11-backpack_black-brown?utm_source=Facebook_DPA&utm_campaign={{campaign.name}}_{{adset.name}}&utm_medium={{adset.id}}&utm_content={{ad.id}}_{{ad.name}}&cmpid=69844dedca420a8b8b43f68e&sub1={{ad.id}}&sub2={{adset.id}}&sub3={{campaign.id}}&sub4={{ad.name}}&sub5={{adset.name}}&sub6={{campaign.name}}&sub7={{site_source_name}}&sub9=Meta&ref_id={{fbclid}},https://nordace.com/wp-content/uploads/2025/01/ND1222-1-1.jpg,,in stock,,,99.99 USD,,Backpacks & Wallets,100,,Nordace,ND1222-1-EN,yes,new,no,,Black Brown,,,,,ND1222-GROUP,,,,,no,,,English,en,,,single,,,,,https://lp.nordace.com/dpalink/siena-pro-11-backpack_black-brown?utm_source=Facebook_DPA&utm_campaign={{campaign.name}}_{{adset.name}}&utm_medium={{adset.id}}&utm_content={{ad.id}}_{{ad.name}}&cmpid=69844dedca420a8b8b43f68e&sub1={{ad.id}}&sub2={{adset.id}}&sub3={{campaign.id}}&sub4={{ad.name}}&sub5={{adset.name}}&sub6={{campaign.name}}&sub7={{site_source_name}}&sub9=Meta&ref_id={{fbclid}},
ND1222-5,Siena Pro 11 Backpack,,https://lp.nordace.com/dpalink/siena-pro-11-backpack_beige-brown?utm_source=Facebook_DPA&utm_campaign={{campaign.name}}_{{adset.name}}&utm_medium={{adset.id}}&utm_content={{ad.id}}_{{ad.name}}&cmpid=69844dedca420a8b8b43f68e&sub1={{ad.id}}&sub2={{adset.id}}&sub3={{campaign.id}}&sub4={{ad.name}}&sub5={{adset.name}}&sub6={{campaign.name}}&sub7={{site_source_name}}&sub9=Meta&ref_id={{fbclid}},https://nordace.com/wp-content/uploads/2025/01/ND1222-5-1.jpg,,in stock,,,99.99 USD,,Backpacks & Wallets,100,,Nordace,ND1222-5-EN,yes,new,no,,Beige Brown,,,,,ND1222-GROUP,,,,,no,,,English,en,,,single,,,,,https://lp.nordace.com/dpalink/siena-pro-11-backpack_beige-brown?utm_source=Facebook_DPA&utm_campaign={{campaign.name}}_{{adset.name}}&utm_medium={{adset.id}}&utm_content={{ad.id}}_{{ad.name}}&cmpid=69844dedca420a8b8b43f68e&sub1={{ad.id}}&sub2={{adset.id}}&sub3={{campaign.id}}&sub4={{ad.name}}&sub5={{adset.name}}&sub6={{campaign.name}}&sub7={{site_source_name}}&sub9=Meta&ref_id={{fbclid}},
ND1221,Nordace Siena Sling Bag,,https://lp.nordace.com/dpalink/nordace-siena-sling-bag?utm_source=Facebook_DPA&utm_campaign={{campaign.name}}_{{adset.name}}&utm_medium={{adset.id}}&utm_content={{ad.id}}_{{ad.name}}&cmpid=69844dedca420a8b8b43f68e&sub1={{ad.id}}&sub2={{adset.id}}&sub3={{campaign.id}}&sub4={{ad.name}}&sub5={{adset.name}}&sub6={{campaign.name}}&sub7={{site_source_name}}&sub9=Meta&ref_id={{fbclid}},,,in stock,,,59.99 USD,,Backpacks & Wallets,100,,Nordace,ND1221-EN,yes,new,no,,,,,,,ND1221-GROUP,,,,,no,,,English,en,,,single,,,,,https://lp.nordace.com/dpalink/nordace-siena-sling-bag?utm_source=Facebook_DPA&utm_campaign={{campaign.name}}_{{adset.name}}&utm_medium={{adset.id}}&utm_content={{ad.id}}_{{ad.name}}&cmpid=69844dedca420a8b8b43f68e&sub1={{ad.id}}&sub2={{adset.id}}&sub3={{campaign.id}}&sub4={{ad.name}}&sub5={{adset.name}}&sub6={{campaign.name}}&sub7={{site_source_name}}&sub9=Meta&ref_id={{fbclid}},
ND1221-1,Nordace Siena Sling Bag,,https://lp.nordace.com/dpalink/nordace-siena-sling-bag_black-brown?utm_source=Facebook_DPA&utm_campaign={{campaign.name}}_{{adset.name}}&utm_medium={{adset.id}}&utm_content={{ad.id}}_{{ad.name}}&cmpid=69844dedca420a8b8b43f68e&sub1={{ad.id}}&sub2={{adset.id}}&sub3={{campaign.id}}&sub4={{ad.name}}&sub5={{adset.name}}&sub6={{campaign.name}}&sub7={{site_source_name}}&sub9=Meta&ref_id={{fbclid}},https://nordace.com/wp-content/uploads/2024/12/ND1221-1.jpg,,in stock,,,59.99 USD,,Backpacks & Wallets,100,,Nordace,ND1221-1-EN,yes,new,no,,Black Brown,,,,,ND1221-GROUP,,,,,no,,,English,en,,,single,,,,,https://lp.nordace.com/dpalink/nordace-siena-sling-bag_black-brown?utm_source=Facebook_DPA&utm_campaign={{campaign.name}}_{{adset.name}}&utm_medium={{adset.id}}&utm_content={{ad.id}}_{{ad.name}}&cmpid=69844dedca420a8b8b43f68e&sub1={{ad.id}}&sub2={{adset.id}}&sub3={{campaign.id}}&sub4={{ad.name}}&sub5={{adset.name}}&sub6={{campaign.name}}&sub7={{site_source_name}}&sub9=Meta&ref_id={{fbclid}},
ND1221-5,Nordace Siena Sling Bag,,https://lp.nordace.com/dpalink/nordace-siena-sling-bag_beige?utm_source=Facebook_DPA&utm_campaign={{campaign.name}}_{{adset.name}}&utm_medium={{adset.id}}&utm_content={{ad.id}}_{{ad.name}}&cmpid=69844dedca420a8b8b43f68e&sub1={{ad.id}}&sub2={{adset.id}}&sub3={{campaign.id}}&sub4={{ad.name}}&sub5={{adset.name}}&sub6={{campaign.name}}&sub7={{site_source_name}}&sub9=Meta&ref_id={{fbclid}},https://nordace.com/wp-content/uploads/2024/12/ND1221-5-1.jpg,,in stock,,,59.99 USD,,Backpacks & Wallets,100,,Nordace,ND1221-5-EN,yes,new,no,,Beige,,,,,ND1221-GROUP,,,,,no,,,English,en,,,single,,,,,https://lp.nordace.com/dpalink/nordace-siena-sling-bag_beige?utm_source=Facebook_DPA&utm_campaign={{campaign.name}}_{{adset.name}}&utm_medium={{adset.id}}&utm_content={{ad.id}}_{{ad.name}}&cmpid=69844dedca420a8b8b43f68e&sub1={{ad.id}}&sub2={{adset.id}}&sub3={{campaign.id}}&sub4={{ad.name}}&sub5={{adset.name}}&sub6={{campaign.name}}&sub7={{site_source_name}}&sub9=Meta&ref_id={{fbclid}},
ND1230,Siena PackEase Travel Backpack,,https://lp.nordace.com/dpalink/siena-packease-travel-backpack?utm_source=Facebook_DPA&utm_campaign={{campaign.name}}_{{adset.name}}&utm_medium={{adset.id}}&utm_content={{ad.id}}_{{ad.name}}&cmpid=69844dedca420a8b8b43f68e&sub1={{ad.id}}&sub2={{adset.id}}&sub3={{campaign.id}}&sub4={{ad.name}}&sub5={{adset.name}}&sub6={{campaign.name}}&sub7={{site_source_name}}&sub9=Meta&ref_id={{fbclid}},,,in stock,,,108 USD,,Backpacks & Wallets,100,,Nordace,ND1230-EN,yes,new,no,,,,,,,ND1230-GROUP,,,,,no,,,English,en,,,single,,,,,https://lp.nordace.com/dpalink/siena-packease-travel-backpack?utm_source=Facebook_DPA&utm_campaign={{campaign.name}}_{{adset.name}}&utm_medium={{adset.id}}&utm_content={{ad.id}}_{{ad.name}}&cmpid=69844dedca420a8b8b43f68e&sub1={{ad.id}}&sub2={{adset.id}}&sub3={{campaign.id}}&sub4={{ad.name}}&sub5={{adset.name}}&sub6={{campaign.name}}&sub7={{site_source_name}}&sub9=Meta&ref_id={{fbclid}},
ND1230-1,Siena PackEase Travel Backpack,,https://lp.nordace.com/dpalink/siena-packease-travel-backpack_black-brown?utm_source=Facebook_DPA&utm_campaign={{campaign.name}}_{{adset.name}}&utm_medium={{adset.id}}&utm_content={{ad.id}}_{{ad.name}}&cmpid=69844dedca420a8b8b43f68e&sub1={{ad.id}}&sub2={{adset.id}}&sub3={{campaign.id}}&sub4={{ad.name}}&sub5={{adset.name}}&sub6={{campaign.name}}&sub7={{site_source_name}}&sub9=Meta&ref_id={{fbclid}},https://nordace.com/wp-content/uploads/2025/06/ND1230-1-1.jpg,,in stock,,,108 USD,,Backpacks & Wallets,100,,Nordace,ND1230-1-EN,yes,new,no,,Black Brown,,,,,ND1230-GROUP,,,,,no,,,English,en,,,single,,,,,https://lp.nordace.com/dpalink/siena-packease-travel-backpack_black-brown?utm_source=Facebook_DPA&utm_campaign={{campaign.name}}_{{adset.name}}&utm_medium={{adset.id}}&utm_content={{ad.id}}_{{ad.name}}&cmpid=69844dedca420a8b8b43f68e&sub1={{ad.id}}&sub2={{adset.id}}&sub3={{campaign.id}}&sub4={{ad.name}}&sub5={{adset.name}}&sub6={{campaign.name}}&sub7={{site_source_name}}&sub9=Meta&ref_id={{fbclid}},
ND1228,Nordace Siena Flexi Shopping Bag,,https://lp.nordace.com/dpalink/nordace-siena-flexi-shopping-bag?utm_source=Facebook_DPA&utm_campaign={{campaign.name}}_{{adset.name}}&utm_medium={{adset.id}}&utm_content={{ad.id}}_{{ad.name}}&cmpid=69844dedca420a8b8b43f68e&sub1={{ad.id}}&sub2={{adset.id}}&sub3={{campaign.id}}&sub4={{ad.name}}&sub5={{adset.name}}&sub6={{campaign.name}}&sub7={{site_source_name}}&sub9=Meta&ref_id={{fbclid}},,,in stock,,,29.99 USD,,Backpacks & Wallets,100,,Nordace,ND1228-EN,yes,new,no,,,,,,,ND1228-GROUP,,,,,no,,,English,en,,,single,,,,,https://lp.nordace.com/dpalink/nordace-siena-flexi-shopping-bag?utm_source=Facebook_DPA&utm_campaign={{campaign.name}}_{{adset.name}}&utm_medium={{adset.id}}&utm_content={{ad.id}}_{{ad.name}}&cmpid=69844dedca420a8b8b43f68e&sub1={{ad.id}}&sub2={{adset.id}}&sub3={{campaign.id}}&sub4={{ad.name}}&sub5={{adset.name}}&sub6={{campaign.name}}&sub7={{site_source_name}}&sub9=Meta&ref_id={{fbclid}},
ND1228-1,Nordace Siena Flexi Shopping Bag,,https://lp.nordace.com/dpalink/nordace-siena-flexi-shopping-bag_black-brown?utm_source=Facebook_DPA&utm_campaign={{campaign.name}}_{{adset.name}}&utm_medium={{adset.id}}&utm_content={{ad.id}}_{{ad.name}}&cmpid=69844dedca420a8b8b43f68e&sub1={{ad.id}}&sub2={{adset.id}}&sub3={{campaign.id}}&sub4={{ad.name}}&sub5={{adset.name}}&sub6={{campaign.name}}&sub7={{site_source_name}}&sub9=Meta&ref_id={{fbclid}},https://nordace.com/wp-content/uploads/2024/12/ND1228-1-8.jpg,,in stock,,,29.99 USD,,Backpacks & Wallets,100,,Nordace,ND1228-1-EN,yes,new,no,,Black Brown,,,,,ND1228-GROUP,,,,,no,,,English,en,,,single,,,,,https://lp.nordace.com/dpalink/nordace-siena-flexi-shopping-bag_black-brown?utm_source=Facebook_DPA&utm_campaign={{campaign.name}}_{{adset.name}}&utm_medium={{adset.id}}&utm_content={{ad.id}}_{{ad.name}}&cmpid=69844dedca420a8b8b43f68e&sub1={{ad.id}}&sub2={{adset.id}}&sub3={{campaign.id}}&sub4={{ad.name}}&sub5={{adset.name}}&sub6={{campaign.name}}&sub7={{site_source_name}}&sub9=Meta&ref_id={{fbclid}},
ND1228-5,Nordace Siena Flexi Shopping Bag,,https://lp.nordace.com/dpalink/nordace-siena-flexi-shopping-bag_beige-brown?utm_source=Facebook_DPA&utm_campaign={{campaign.name}}_{{adset.name}}&utm_medium={{adset.id}}&utm_content={{ad.id}}_{{ad.name}}&cmpid=69844dedca420a8b8b43f68e&sub1={{ad.id}}&sub2={{adset.id}}&sub3={{campaign.id}}&sub4={{ad.name}}&sub5={{adset.name}}&sub6={{campaign.name}}&sub7={{site_source_name}}&sub9=Meta&ref_id={{fbclid}},https://nordace.com/wp-content/uploads/2024/12/ND1228-5-8.jpg,,in stock,,,29.99 USD,,Backpacks & Wallets,100,,Nordace,ND1228-5-EN,yes,new,no,,Beige Brown,,,,,ND1228-GROUP,,,,,no,,,English,en,,,single,,,,,https://lp.nordace.com/dpalink/nordace-siena-flexi-shopping-bag_beige-brown?utm_source=Facebook_DPA&utm_campaign={{campaign.name}}_{{adset.name}}&utm_medium={{adset.id}}&utm_content={{ad.id}}_{{ad.name}}&cmpid=69844dedca420a8b8b43f68e&sub1={{ad.id}}&sub2={{adset.id}}&sub3={{campaign.id}}&sub4={{ad.name}}&sub5={{adset.name}}&sub6={{campaign.name}}&sub7={{site_source_name}}&sub9=Meta&ref_id={{fbclid}},
ND1202,Nordace Siena Flexi Packable Duffel Bag,,https://lp.nordace.com/dpalink/nordace-siena-flexi-packable-duffel-bag?utm_source=Facebook_DPA&utm_campaign={{campaign.name}}_{{adset.name}}&utm_medium={{adset.id}}&utm_content={{ad.id}}_{{ad.name}}&cmpid=69844dedca420a8b8b43f68e&sub1={{ad.id}}&sub2={{adset.id}}&sub3={{campaign.id}}&sub4={{ad.name}}&sub5={{adset.name}}&sub6={{campaign.name}}&sub7={{site_source_name}}&sub9=Meta&ref_id={{fbclid}},,,in stock,,,74.99 USD,,Backpacks & Wallets,100,,Nordace,ND1202-EN,yes,new,no,,,,,,,ND1202-GROUP,,,,,no,,,English,en,,,single,,,,,https://lp.nordace.com/dpalink/nordace-siena-flexi-packable-duffel-bag?utm_source=Facebook_DPA&utm_campaign={{campaign.name}}_{{adset.name}}&utm_medium={{adset.id}}&utm_content={{ad.id}}_{{ad.name}}&cmpid=69844dedca420a8b8b43f68e&sub1={{ad.id}}&sub2={{adset.id}}&sub3={{campaign.id}}&sub4={{ad.name}}&sub5={{adset.name}}&sub6={{campaign.name}}&sub7={{site_source_name}}&sub9=Meta&ref_id={{fbclid}},
ND1202-1,Nordace Siena Flexi Packable Duffel Bag,,https://lp.nordace.com/dpalink/nordace-siena-flexi-packable-duffel-bag_black-brown?utm_source=Facebook_DPA&utm_campaign={{campaign.name}}_{{adset.name}}&utm_medium={{adset.id}}&utm_content={{ad.id}}_{{ad.name}}&cmpid=69844dedca420a8b8b43f68e&sub1={{ad.id}}&sub2={{adset.id}}&sub3={{campaign.id}}&sub4={{ad.name}}&sub5={{adset.name}}&sub6={{campaign.name}}&sub7={{site_source_name}}&sub9=Meta&ref_id={{fbclid}},https://nordace.com/wp-content/uploads/2024/09/ND1202-1-10a.jpg,,in stock,,,74.99 USD,,Backpacks & Wallets,100,,Nordace,ND1202-1-EN,yes,new,no,,Black Brown,,,,,ND1202-GROUP,,,,,no,,,English,en,,,single,,,,,https://lp.nordace.com/dpalink/nordace-siena-flexi-packable-duffel-bag_black-brown?utm_source=Facebook_DPA&utm_campaign={{campaign.name}}_{{adset.name}}&utm_medium={{adset.id}}&utm_content={{ad.id}}_{{ad.name}}&cmpid=69844dedca420a8b8b43f68e&sub1={{ad.id}}&sub2={{adset.id}}&sub3={{campaign.id}}&sub4={{ad.name}}&sub5={{adset.name}}&sub6={{campaign.name}}&sub7={{site_source_name}}&sub9=Meta&ref_id={{fbclid}},
ND1202-5,Nordace Siena Flexi Packable Duffel Bag,,https://lp.nordace.com/dpalink/nordace-siena-flexi-packable-duffel-bag_beige-brown?utm_source=Facebook_DPA&utm_campaign={{campaign.name}}_{{adset.name}}&utm_medium={{adset.id}}&utm_content={{ad.id}}_{{ad.name}}&cmpid=69844dedca420a8b8b43f68e&sub1={{ad.id}}&sub2={{adset.id}}&sub3={{campaign.id}}&sub4={{ad.name}}&sub5={{adset.name}}&sub6={{campaign.name}}&sub7={{site_source_name}}&sub9=Meta&ref_id={{fbclid}},https://nordace.com/wp-content/uploads/2024/09/ND1202-5-16a.jpg,,in stock,,,74.99 USD,,Backpacks & Wallets,100,,Nordace,ND1202-5-EN,yes,new,no,,Beige Brown,,,,,ND1202-GROUP,,,,,no,,,English,en,,,single,,,,,https://lp.nordace.com/dpalink/nordace-siena-flexi-packable-duffel-bag_beige-brown?utm_source=Facebook_DPA&utm_campaign={{campaign.name}}_{{adset.name}}&utm_medium={{adset.id}}&utm_content={{ad.id}}_{{ad.name}}&cmpid=69844dedca420a8b8b43f68e&sub1={{ad.id}}&sub2={{adset.id}}&sub3={{campaign.id}}&sub4={{ad.name}}&sub5={{adset.name}}&sub6={{campaign.name}}&sub7={{site_source_name}}&sub9=Meta&ref_id={{fbclid}},
ND1104,Nordace Pollina Vegan Crossbody Bag,,https://lp.nordace.com/dpalink/nordace-pollina-vegan-crossbody-bag?utm_source=Facebook_DPA&utm_campaign={{campaign.name}}_{{adset.name}}&utm_medium={{adset.id}}&utm_content={{ad.id}}_{{ad.name}}&cmpid=69844dedca420a8b8b43f68e&sub1={{ad.id}}&sub2={{adset.id}}&sub3={{campaign.id}}&sub4={{ad.name}}&sub5={{adset.name}}&sub6={{campaign.name}}&sub7={{site_source_name}}&sub9=Meta&ref_id={{fbclid}},,,in stock,,,109.99 USD,69.99 USD,Backpacks & Wallets,100,,Nordace,ND1104-EN,yes,new,no,,,,,,,ND1104-GROUP,,,,,no,,,English,en,,,single,,,,,https://lp.nordace.com/dpalink/nordace-pollina-vegan-crossbody-bag?utm_source=Facebook_DPA&utm_campaign={{campaign.name}}_{{adset.name}}&utm_medium={{adset.id}}&utm_content={{ad.id}}_{{ad.name}}&cmpid=69844dedca420a8b8b43f68e&sub1={{ad.id}}&sub2={{adset.id}}&sub3={{campaign.id}}&sub4={{ad.name}}&sub5={{adset.name}}&sub6={{campaign.name}}&sub7={{site_source_name}}&sub9=Meta&ref_id={{fbclid}},
ND1104-1,Nordace Pollina Vegan Crossbody Bag,,https://lp.nordace.com/dpalink/nordace-pollina-vegan-crossbody-bag_black?utm_source=Facebook_DPA&utm_campaign={{campaign.name}}_{{adset.name}}&utm_medium={{adset.id}}&utm_content={{ad.id}}_{{ad.name}}&cmpid=69844dedca420a8b8b43f68e&sub1={{ad.id}}&sub2={{adset.id}}&sub3={{campaign.id}}&sub4={{ad.name}}&sub5={{adset.name}}&sub6={{campaign.name}}&sub7={{site_source_name}}&sub9=Meta&ref_id={{fbclid}},https://nordace.com/wp-content/uploads/2022/08/Pollina-Vegan-Crossbody-Bag-Black-1.jpg,,in stock,,,109.99 USD,69.99 USD,Backpacks & Wallets,100,,Nordace,ND1104-1-EN,yes,new,no,,Black,,,,,ND1104-GROUP,,,,,no,,,English,en,,,single,,,,,https://lp.nordace.com/dpalink/nordace-pollina-vegan-crossbody-bag_black?utm_source=Facebook_DPA&utm_campaign={{campaign.name}}_{{adset.name}}&utm_medium={{adset.id}}&utm_content={{ad.id}}_{{ad.name}}&cmpid=69844dedca420a8b8b43f68e&sub1={{ad.id}}&sub2={{adset.id}}&sub3={{campaign.id}}&sub4={{ad.name}}&sub5={{adset.name}}&sub6={{campaign.name}}&sub7={{site_source_name}}&sub9=Meta&ref_id={{fbclid}},
ND1104-2,Nordace Pollina Vegan Crossbody Bag,,https://lp.nordace.com/dpalink/nordace-pollina-vegan-crossbody-bag_light-gray?utm_source=Facebook_DPA&utm_campaign={{campaign.name}}_{{adset.name}}&utm_medium={{adset.id}}&utm_content={{ad.id}}_{{ad.name}}&cmpid=69844dedca420a8b8b43f68e&sub1={{ad.id}}&sub2={{adset.id}}&sub3={{campaign.id}}&sub4={{ad.name}}&sub5={{adset.name}}&sub6={{campaign.name}}&sub7={{site_source_name}}&sub9=Meta&ref_id={{fbclid}},https://nordace.com/wp-content/uploads/2022/07/Pollina-Vegan-Crossbody-Bag-3.jpg,,in stock,,,109.99 USD,69.99 USD,Backpacks & Wallets,100,,Nordace,ND1104-2-EN,yes,new,no,,Light Gray,,,,,ND1104-GROUP,,,,,no,,,English,en,,,single,,,,,https://lp.nordace.com/dpalink/nordace-pollina-vegan-crossbody-bag_light-gray?utm_source=Facebook_DPA&utm_campaign={{campaign.name}}_{{adset.name}}&utm_medium={{adset.id}}&utm_content={{ad.id}}_{{ad.name}}&cmpid=69844dedca420a8b8b43f68e&sub1={{ad.id}}&sub2={{adset.id}}&sub3={{campaign.id}}&sub4={{ad.name}}&sub5={{adset.name}}&sub6={{campaign.name}}&sub7={{site_source_name}}&sub9=Meta&ref_id={{fbclid}},
ND1104-4,Nordace Pollina Vegan Crossbody Bag,,https://lp.nordace.com/dpalink/nordace-pollina-vegan-crossbody-bag_aqua?utm_source=Facebook_DPA&utm_campaign={{campaign.name}}_{{adset.name}}&utm_medium={{adset.id}}&utm_content={{ad.id}}_{{ad.name}}&cmpid=69844dedca420a8b8b43f68e&sub1={{ad.id}}&sub2={{adset.id}}&sub3={{campaign.id}}&sub4={{ad.name}}&sub5={{adset.name}}&sub6={{campaign.name}}&sub7={{site_source_name}}&sub9=Meta&ref_id={{fbclid}},https://nordace.com/wp-content/uploads/2022/08/Pollina-Vegan-Crossbody-Bag-Aqua-1-1.jpg,,in stock,,,109.99 USD,69.99 USD,Backpacks & Wallets,100,,Nordace,ND1104-4-EN,yes,new,no,,Aqua,,,,,ND1104-GROUP,,,,,no,,,English,en,,,single,,,,,https://lp.nordace.com/dpalink/nordace-pollina-vegan-crossbody-bag_aqua?utm_source=Facebook_DPA&utm_campaign={{campaign.name}}_{{adset.name}}&utm_medium={{adset.id}}&utm_content={{ad.id}}_{{ad.name}}&cmpid=69844dedca420a8b8b43f68e&sub1={{ad.id}}&sub2={{adset.id}}&sub3={{campaign.id}}&sub4={{ad.name}}&sub5={{adset.name}}&sub6={{campaign.name}}&sub7={{site_source_name}}&sub9=Meta&ref_id={{fbclid}},
ND1105,Nordace Pollina Vegan Cardholder,,https://lp.nordace.com/dpalink/nordace-pollina-vegan-cardholder?utm_source=Facebook_DPA&utm_campaign={{campaign.name}}_{{adset.name}}&utm_medium={{adset.id}}&utm_content={{ad.id}}_{{ad.name}}&cmpid=69844dedca420a8b8b43f68e&sub1={{ad.id}}&sub2={{adset.id}}&sub3={{campaign.id}}&sub4={{ad.name}}&sub5={{adset.name}}&sub6={{campaign.name}}&sub7={{site_source_name}}&sub9=Meta&ref_id={{fbclid}},,,in stock,,,49.99 USD,,Backpacks & Wallets,100,,Nordace,ND1105-EN,yes,new,no,,,,,,,ND1105-GROUP,,,,,no,,,English,en,,,single,,,,,https://lp.nordace.com/dpalink/nordace-pollina-vegan-cardholder?utm_source=Facebook_DPA&utm_campaign={{campaign.name}}_{{adset.name}}&utm_medium={{adset.id}}&utm_content={{ad.id}}_{{ad.name}}&cmpid=69844dedca420a8b8b43f68e&sub1={{ad.id}}&sub2={{adset.id}}&sub3={{campaign.id}}&sub4={{ad.name}}&sub5={{adset.name}}&sub6={{campaign.name}}&sub7={{site_source_name}}&sub9=Meta&ref_id={{fbclid}},
ND1105-1,Nordace Pollina Vegan Cardholder,,https://lp.nordace.com/dpalink/nordace-pollina-vegan-cardholder_black?utm_source=Facebook_DPA&utm_campaign={{campaign.name}}_{{adset.name}}&utm_medium={{adset.id}}&utm_content={{ad.id}}_{{ad.name}}&cmpid=69844dedca420a8b8b43f68e&sub1={{ad.id}}&sub2={{adset.id}}&sub3={{campaign.id}}&sub4={{ad.name}}&sub5={{adset.name}}&sub6={{campaign.name}}&sub7={{site_source_name}}&sub9=Meta&ref_id={{fbclid}},https://nordace.com/wp-content/uploads/2022/08/Pollina-Vegan-Cardholder-Black-1.jpg,,in stock,,,59.99 USD,49.99 USD,Backpacks & Wallets,100,,Nordace,ND1105-1-EN,yes,new,no,,Black,,,,,ND1105-GROUP,,,,,no,,,English,en,,,single,,,,,https://lp.nordace.com/dpalink/nordace-pollina-vegan-cardholder_black?utm_source=Facebook_DPA&utm_campaign={{campaign.name}}_{{adset.name}}&utm_medium={{adset.id}}&utm_content={{ad.id}}_{{ad.name}}&cmpid=69844dedca420a8b8b43f68e&sub1={{ad.id}}&sub2={{adset.id}}&sub3={{campaign.id}}&sub4={{ad.name}}&sub5={{adset.name}}&sub6={{campaign.name}}&sub7={{site_source_name}}&sub9=Meta&ref_id={{fbclid}},
ND1105-4,Nordace Pollina Vegan Cardholder,,https://lp.nordace.com/dpalink/nordace-pollina-vegan-cardholder_aqua?utm_source=Facebook_DPA&utm_campaign={{campaign.name}}_{{adset.name}}&utm_medium={{adset.id}}&utm_content={{ad.id}}_{{ad.name}}&cmpid=69844dedca420a8b8b43f68e&sub1={{ad.id}}&sub2={{adset.id}}&sub3={{campaign.id}}&sub4={{ad.name}}&sub5={{adset.name}}&sub6={{campaign.name}}&sub7={{site_source_name}}&sub9=Meta&ref_id={{fbclid}},https://nordace.com/wp-content/uploads/2022/08/Pollina-Vegan-Cardholder-1.jpg,,in stock,,,59.99 USD,49.99 USD,Backpacks & Wallets,100,,Nordace,ND1105-4-EN,yes,new,no,,Aqua,,,,,ND1105-GROUP,,,,,no,,,English,en,,,single,,,,,https://lp.nordace.com/dpalink/nordace-pollina-vegan-cardholder_aqua?utm_source=Facebook_DPA&utm_campaign={{campaign.name}}_{{adset.name}}&utm_medium={{adset.id}}&utm_content={{ad.id}}_{{ad.name}}&cmpid=69844dedca420a8b8b43f68e&sub1={{ad.id}}&sub2={{adset.id}}&sub3={{campaign.id}}&sub4={{ad.name}}&sub5={{adset.name}}&sub6={{campaign.name}}&sub7={{site_source_name}}&sub9=Meta&ref_id={{fbclid}},
ND1236,Nelson II Backpack,,https://lp.nordace.com/dpalink/nelson-ii-backpack?utm_source=Facebook_DPA&utm_campaign={{campaign.name}}_{{adset.name}}&utm_medium={{adset.id}}&utm_content={{ad.id}}_{{ad.name}}&cmpid=69844dedca420a8b8b43f68e&sub1={{ad.id}}&sub2={{adset.id}}&sub3={{campaign.id}}&sub4={{ad.name}}&sub5={{adset.name}}&sub6={{campaign.name}}&sub7={{site_source_name}}&sub9=Meta&ref_id={{fbclid}},,,in stock,,,108 USD,,Backpacks & Wallets,100,,Nordace,ND1236-EN,yes,new,no,,,,,,,ND1236-GROUP,,,,,no,,,English,en,,,single,,,,,https://lp.nordace.com/dpalink/nelson-ii-backpack?utm_source=Facebook_DPA&utm_campaign={{campaign.name}}_{{adset.name}}&utm_medium={{adset.id}}&utm_content={{ad.id}}_{{ad.name}}&cmpid=69844dedca420a8b8b43f68e&sub1={{ad.id}}&sub2={{adset.id}}&sub3={{campaign.id}}&sub4={{ad.name}}&sub5={{adset.name}}&sub6={{campaign.name}}&sub7={{site_source_name}}&sub9=Meta&ref_id={{fbclid}},
ND1236-1,Nelson II Backpack,,https://lp.nordace.com/dpalink/nelson-ii-backpack_black?utm_source=Facebook_DPA&utm_campaign={{campaign.name}}_{{adset.name}}&utm_medium={{adset.id}}&utm_content={{ad.id}}_{{ad.name}}&cmpid=69844dedca420a8b8b43f68e&sub1={{ad.id}}&sub2={{adset.id}}&sub3={{campaign.id}}&sub4={{ad.name}}&sub5={{adset.name}}&sub6={{campaign.name}}&sub7={{site_source_name}}&sub9=Meta&ref_id={{fbclid}},https://nordace.com/wp-content/uploads/2025/08/ND1236-1-1.jpg,,in stock,,,108 USD,,Backpacks & Wallets,100,,Nordace,ND1236-1-EN,yes,new,no,,Black,,,,,ND1236-GROUP,,,,,no,,,English,en,,,single,,,,,https://lp.nordace.com/dpalink/nelson-ii-backpack_black?utm_source=Facebook_DPA&utm_campaign={{campaign.name}}_{{adset.name}}&utm_medium={{adset.id}}&utm_content={{ad.id}}_{{ad.name}}&cmpid=69844dedca420a8b8b43f68e&sub1={{ad.id}}&sub2={{adset.id}}&sub3={{campaign.id}}&sub4={{ad.name}}&sub5={{adset.name}}&sub6={{campaign.name}}&sub7={{site_source_name}}&sub9=Meta&ref_id={{fbclid}},
ND1236-2,Nelson II Backpack,,https://lp.nordace.com/dpalink/nelson-ii-backpack_gray?utm_source=Facebook_DPA&utm_campaign={{campaign.name}}_{{adset.name}}&utm_medium={{adset.id}}&utm_content={{ad.id}}_{{ad.name}}&cmpid=69844dedca420a8b8b43f68e&sub1={{ad.id}}&sub2={{adset.id}}&sub3={{campaign.id}}&sub4={{ad.name}}&sub5={{adset.name}}&sub6={{campaign.name}}&sub7={{site_source_name}}&sub9=Meta&ref_id={{fbclid}},https://nordace.com/wp-content/uploads/2025/08/ND1234-2-1-1-1.jpg,,in stock,,,108 USD,,Backpacks & Wallets,100,,Nordace,ND1236-2-EN,yes,new,no,,Gray,,,,,ND1236-GROUP,,,,,no,,,English,en,,,single,,,,,https://lp.nordace.com/dpalink/nelson-ii-backpack_gray?utm_source=Facebook_DPA&utm_campaign={{campaign.name}}_{{adset.name}}&utm_medium={{adset.id}}&utm_content={{ad.id}}_{{ad.name}}&cmpid=69844dedca420a8b8b43f68e&sub1={{ad.id}}&sub2={{adset.id}}&sub3={{campaign.id}}&sub4={{ad.name}}&sub5={{adset.name}}&sub6={{campaign.name}}&sub7={{site_source_name}}&sub9=Meta&ref_id={{fbclid}},
ND1214,Siena Riviera Boston Bag,,https://lp.nordace.com/dpalink/siena-riviera-boston-bag?utm_source=Facebook_DPA&utm_campaign={{campaign.name}}_{{adset.name}}&utm_medium={{adset.id}}&utm_content={{ad.id}}_{{ad.name}}&cmpid=69844dedca420a8b8b43f68e&sub1={{ad.id}}&sub2={{adset.id}}&sub3={{campaign.id}}&sub4={{ad.name}}&sub5={{adset.name}}&sub6={{campaign.name}}&sub7={{site_source_name}}&sub9=Meta&ref_id={{fbclid}},,,in stock,,,149.99 USD,,Backpacks & Wallets,100,,Nordace,ND1214-EN,yes,new,no,,,,,,,ND1214-GROUP,,,,,no,,,English,en,,,single,,,,,https://lp.nordace.com/dpalink/siena-riviera-boston-bag?utm_source=Facebook_DPA&utm_campaign={{campaign.name}}_{{adset.name}}&utm_medium={{adset.id}}&utm_content={{ad.id}}_{{ad.name}}&cmpid=69844dedca420a8b8b43f68e&sub1={{ad.id}}&sub2={{adset.id}}&sub3={{campaign.id}}&sub4={{ad.name}}&sub5={{adset.name}}&sub6={{campaign.name}}&sub7={{site_source_name}}&sub9=Meta&ref_id={{fbclid}},
ND1214-1,Siena Riviera Boston Bag,,https://lp.nordace.com/dpalink/siena-riviera-boston-bag_black-brown?utm_source=Facebook_DPA&utm_campaign={{campaign.name}}_{{adset.name}}&utm_medium={{adset.id}}&utm_content={{ad.id}}_{{ad.name}}&cmpid=69844dedca420a8b8b43f68e&sub1={{ad.id}}&sub2={{adset.id}}&sub3={{campaign.id}}&sub4={{ad.name}}&sub5={{adset.name}}&sub6={{campaign.name}}&sub7={{site_source_name}}&sub9=Meta&ref_id={{fbclid}},https://nordace.com/wp-content/uploads/2025/01/6G8A0986.jpg,,in stock,,,149.99 USD,,Backpacks & Wallets,100,,Nordace,ND1214-1-EN,yes,new,no,,Black Brown,,,,,ND1214-GROUP,,,,,no,,,English,en,,,single,,,,,https://lp.nordace.com/dpalink/siena-riviera-boston-bag_black-brown?utm_source=Facebook_DPA&utm_campaign={{campaign.name}}_{{adset.name}}&utm_medium={{adset.id}}&utm_content={{ad.id}}_{{ad.name}}&cmpid=69844dedca420a8b8b43f68e&sub1={{ad.id}}&sub2={{adset.id}}&sub3={{campaign.id}}&sub4={{ad.name}}&sub5={{adset.name}}&sub6={{campaign.name}}&sub7={{site_source_name}}&sub9=Meta&ref_id={{fbclid}},
ND1214-5,Siena Riviera Boston Bag,,https://lp.nordace.com/dpalink/siena-riviera-boston-bag_beige-brown?utm_source=Facebook_DPA&utm_campaign={{campaign.name}}_{{adset.name}}&utm_medium={{adset.id}}&utm_content={{ad.id}}_{{ad.name}}&cmpid=69844dedca420a8b8b43f68e&sub1={{ad.id}}&sub2={{adset.id}}&sub3={{campaign.id}}&sub4={{ad.name}}&sub5={{adset.name}}&sub6={{campaign.name}}&sub7={{site_source_name}}&sub9=Meta&ref_id={{fbclid}},https://nordace.com/wp-content/uploads/2025/01/ND1214-5-1.jpg,,in stock,,,149.99 USD,,Backpacks & Wallets,100,,Nordace,ND1214-5-EN,yes,new,no,,Beige Brown,,,,,ND1214-GROUP,,,,,no,,,English,en,,,single,,,,,https://lp.nordace.com/dpalink/siena-riviera-boston-bag_beige-brown?utm_source=Facebook_DPA&utm_campaign={{campaign.name}}_{{adset.name}}&utm_medium={{adset.id}}&utm_content={{ad.id}}_{{ad.name}}&cmpid=69844dedca420a8b8b43f68e&sub1={{ad.id}}&sub2={{adset.id}}&sub3={{campaign.id}}&sub4={{ad.name}}&sub5={{adset.name}}&sub6={{campaign.name}}&sub7={{site_source_name}}&sub9=Meta&ref_id={{fbclid}},
ND1231,Siena Messenger Bag,,https://lp.nordace.com/dpalink/siena-messenger-bag?utm_source=Facebook_DPA&utm_campaign={{campaign.name}}_{{adset.name}}&utm_medium={{adset.id}}&utm_content={{ad.id}}_{{ad.name}}&cmpid=69844dedca420a8b8b43f68e&sub1={{ad.id}}&sub2={{adset.id}}&sub3={{campaign.id}}&sub4={{ad.name}}&sub5={{adset.name}}&sub6={{campaign.name}}&sub7={{site_source_name}}&sub9=Meta&ref_id={{fbclid}},,,in stock,,,78 USD,,Backpacks & Wallets,100,,Nordace,ND1231-EN,yes,new,no,,,,,,,ND1231-GROUP,,,,,no,,,English,en,,,single,,,,,https://lp.nordace.com/dpalink/siena-messenger-bag?utm_source=Facebook_DPA&utm_campaign={{campaign.name}}_{{adset.name}}&utm_medium={{adset.id}}&utm_content={{ad.id}}_{{ad.name}}&cmpid=69844dedca420a8b8b43f68e&sub1={{ad.id}}&sub2={{adset.id}}&sub3={{campaign.id}}&sub4={{ad.name}}&sub5={{adset.name}}&sub6={{campaign.name}}&sub7={{site_source_name}}&sub9=Meta&ref_id={{fbclid}},
ND1231-1,Siena Messenger Bag,,https://lp.nordace.com/dpalink/siena-messenger-bag_black-brown?utm_source=Facebook_DPA&utm_campaign={{campaign.name}}_{{adset.name}}&utm_medium={{adset.id}}&utm_content={{ad.id}}_{{ad.name}}&cmpid=69844dedca420a8b8b43f68e&sub1={{ad.id}}&sub2={{adset.id}}&sub3={{campaign.id}}&sub4={{ad.name}}&sub5={{adset.name}}&sub6={{campaign.name}}&sub7={{site_source_name}}&sub9=Meta&ref_id={{fbclid}},https://nordace.com/wp-content/uploads/2025/06/IMG_92848.jpg,,in stock,,,78 USD,,Backpacks & Wallets,100,,Nordace,ND1231-1-EN,yes,new,no,,Black Brown,,,,,ND1231-GROUP,,,,,no,,,English,en,,,single,,,,,https://lp.nordace.com/dpalink/siena-messenger-bag_black-brown?utm_source=Facebook_DPA&utm_campaign={{campaign.name}}_{{adset.name}}&utm_medium={{adset.id}}&utm_content={{ad.id}}_{{ad.name}}&cmpid=69844dedca420a8b8b43f68e&sub1={{ad.id}}&sub2={{adset.id}}&sub3={{campaign.id}}&sub4={{ad.name}}&sub5={{adset.name}}&sub6={{campaign.name}}&sub7={{site_source_name}}&sub9=Meta&ref_id={{fbclid}},
ND1231-4,Siena Messenger Bag,,https://lp.nordace.com/dpalink/siena-messenger-bag_navy-blue?utm_source=Facebook_DPA&utm_campaign={{campaign.name}}_{{adset.name}}&utm_medium={{adset.id}}&utm_content={{ad.id}}_{{ad.name}}&cmpid=69844dedca420a8b8b43f68e&sub1={{ad.id}}&sub2={{adset.id}}&sub3={{campaign.id}}&sub4={{ad.name}}&sub5={{adset.name}}&sub6={{campaign.name}}&sub7={{site_source_name}}&sub9=Meta&ref_id={{fbclid}},https://nordace.com/wp-content/uploads/2025/06/IMG_92850.jpg,,in stock,,,78 USD,,Backpacks & Wallets,100,,Nordace,ND1231-4-EN,yes,new,no,,Navy Blue,,,,,ND1231-GROUP,,,,,no,,,English,en,,,single,,,,,https://lp.nordace.com/dpalink/siena-messenger-bag_navy-blue?utm_source=Facebook_DPA&utm_campaign={{campaign.name}}_{{adset.name}}&utm_medium={{adset.id}}&utm_content={{ad.id}}_{{ad.name}}&cmpid=69844dedca420a8b8b43f68e&sub1={{ad.id}}&sub2={{adset.id}}&sub3={{campaign.id}}&sub4={{ad.name}}&sub5={{adset.name}}&sub6={{campaign.name}}&sub7={{site_source_name}}&sub9=Meta&ref_id={{fbclid}},
ND1063,Nordace Comino Neck Pouch,,https://lp.nordace.com/dpalink/nordace-comino-neck-pouch?utm_source=Facebook_DPA&utm_campaign={{campaign.name}}_{{adset.name}}&utm_medium={{adset.id}}&utm_content={{ad.id}}_{{ad.name}}&cmpid=69844dedca420a8b8b43f68e&sub1={{ad.id}}&sub2={{adset.id}}&sub3={{campaign.id}}&sub4={{ad.name}}&sub5={{adset.name}}&sub6={{campaign.name}}&sub7={{site_source_name}}&sub9=Meta&ref_id={{fbclid}},,,in stock,,,59.99 USD,,Backpacks & Wallets,100,,Nordace,ND1063-EN,yes,new,no,,,,,,,ND1063-GROUP,,,,,no,,,English,en,,,single,,,,,https://lp.nordace.com/dpalink/nordace-comino-neck-pouch?utm_source=Facebook_DPA&utm_campaign={{campaign.name}}_{{adset.name}}&utm_medium={{adset.id}}&utm_content={{ad.id}}_{{ad.name}}&cmpid=69844dedca420a8b8b43f68e&sub1={{ad.id}}&sub2={{adset.id}}&sub3={{campaign.id}}&sub4={{ad.name}}&sub5={{adset.name}}&sub6={{campaign.name}}&sub7={{site_source_name}}&sub9=Meta&ref_id={{fbclid}},
ND1063-2,Nordace Comino Neck Pouch,,https://lp.nordace.com/dpalink/nordace-comino-neck-pouch_gray?utm_source=Facebook_DPA&utm_campaign={{campaign.name}}_{{adset.name}}&utm_medium={{adset.id}}&utm_content={{ad.id}}_{{ad.name}}&cmpid=69844dedca420a8b8b43f68e&sub1={{ad.id}}&sub2={{adset.id}}&sub3={{campaign.id}}&sub4={{ad.name}}&sub5={{adset.name}}&sub6={{campaign.name}}&sub7={{site_source_name}}&sub9=Meta&ref_id={{fbclid}},https://nordace.com/wp-content/uploads/2020/10/ND1063-2-18.jpg,,in stock,,,59.99 USD,,Backpacks & Wallets,100,,Nordace,ND1063-2-EN,yes,new,no,,Gray,,,,,ND1063-GROUP,,,,,no,,,English,en,,,single,,,,,https://lp.nordace.com/dpalink/nordace-comino-neck-pouch_gray?utm_source=Facebook_DPA&utm_campaign={{campaign.name}}_{{adset.name}}&utm_medium={{adset.id}}&utm_content={{ad.id}}_{{ad.name}}&cmpid=69844dedca420a8b8b43f68e&sub1={{ad.id}}&sub2={{adset.id}}&sub3={{campaign.id}}&sub4={{ad.name}}&sub5={{adset.name}}&sub6={{campaign.name}}&sub7={{site_source_name}}&sub9=Meta&ref_id={{fbclid}},
,Nordace Dry Bag,,https://lp.nordace.com/dpalink/nordace-dry-bag?utm_source=Facebook_DPA&utm_campaign={{campaign.name}}_{{adset.name}}&utm_medium={{adset.id}}&utm_content={{ad.id}}_{{ad.name}}&cmpid=69844dedca420a8b8b43f68e&sub1={{ad.id}}&sub2={{adset.id}}&sub3={{campaign.id}}&sub4={{ad.name}}&sub5={{adset.name}}&sub6={{campaign.name}}&sub7={{site_source_name}}&sub9=Meta&ref_id={{fbclid}},,,in stock,,,9.99 USD,,Backpacks & Wallets,100,,Nordace,-EN,yes,new,no,,,,,,,,,,,,no,,,English,en,,,single,,,,,https://lp.nordace.com/dpalink/nordace-dry-bag?utm_source=Facebook_DPA&utm_campaign={{campaign.name}}_{{adset.name}}&utm_medium={{adset.id}}&utm_content={{ad.id}}_{{ad.name}}&cmpid=69844dedca420a8b8b43f68e&sub1={{ad.id}}&sub2={{adset.id}}&sub3={{campaign.id}}&sub4={{ad.name}}&sub5={{adset.name}}&sub6={{campaign.name}}&sub7={{site_source_name}}&sub9=Meta&ref_id={{fbclid}},
ND1071-2,Nordace Dry Bag,,https://lp.nordace.com/dpalink/nordace-dry-bag_10l?utm_source=Facebook_DPA&utm_campaign={{campaign.name}}_{{adset.name}}&utm_medium={{adset.id}}&utm_content={{ad.id}}_{{ad.name}}&cmpid=69844dedca420a8b8b43f68e&sub1={{ad.id}}&sub2={{adset.id}}&sub3={{campaign.id}}&sub4={{ad.name}}&sub5={{adset.name}}&sub6={{campaign.name}}&sub7={{site_source_name}}&sub9=Meta&ref_id={{fbclid}},https://nordace.com/wp-content/uploads/2020/11/ND1071-2-Dry-Bag-Small.jpg,,in stock,,,19.99 USD,9.99 USD,Backpacks & Wallets,100,,Nordace,ND1071-2-EN,yes,new,no,,,,,,10l,,,,,,no,,,English,en,,,single,,,,,https://lp.nordace.com/dpalink/nordace-dry-bag_10l?utm_source=Facebook_DPA&utm_campaign={{campaign.name}}_{{adset.name}}&utm_medium={{adset.id}}&utm_content={{ad.id}}_{{ad.name}}&cmpid=69844dedca420a8b8b43f68e&sub1={{ad.id}}&sub2={{adset.id}}&sub3={{campaign.id}}&sub4={{ad.name}}&sub5={{adset.name}}&sub6={{campaign.name}}&sub7={{site_source_name}}&sub9=Meta&ref_id={{fbclid}},
ND1232,Siena Pro Bucket Bag,,https://lp.nordace.com/dpalink/siena-pro-bucket-bag?utm_source=Facebook_DPA&utm_campaign={{campaign.name}}_{{adset.name}}&utm_medium={{adset.id}}&utm_content={{ad.id}}_{{ad.name}}&cmpid=69844dedca420a8b8b43f68e&sub1={{ad.id}}&sub2={{adset.id}}&sub3={{campaign.id}}&sub4={{ad.name}}&sub5={{adset.name}}&sub6={{campaign.name}}&sub7={{site_source_name}}&sub9=Meta&ref_id={{fbclid}},,,in stock,,,58 USD,,Backpacks & Wallets,100,,Nordace,ND1232-EN,yes,new,no,,,,,,,ND1232-GROUP,,,,,no,,,English,en,,,single,,,,,https://lp.nordace.com/dpalink/siena-pro-bucket-bag?utm_source=Facebook_DPA&utm_campaign={{campaign.name}}_{{adset.name}}&utm_medium={{adset.id}}&utm_content={{ad.id}}_{{ad.name}}&cmpid=69844dedca420a8b8b43f68e&sub1={{ad.id}}&sub2={{adset.id}}&sub3={{campaign.id}}&sub4={{ad.name}}&sub5={{adset.name}}&sub6={{campaign.name}}&sub7={{site_source_name}}&sub9=Meta&ref_id={{fbclid}},
ND1232-1,Siena Pro Bucket Bag,,https://lp.nordace.com/dpalink/siena-pro-bucket-bag_black-brown?utm_source=Facebook_DPA&utm_campaign={{campaign.name}}_{{adset.name}}&utm_medium={{adset.id}}&utm_content={{ad.id}}_{{ad.name}}&cmpid=69844dedca420a8b8b43f68e&sub1={{ad.id}}&sub2={{adset.id}}&sub3={{campaign.id}}&sub4={{ad.name}}&sub5={{adset.name}}&sub6={{campaign.name}}&sub7={{site_source_name}}&sub9=Meta&ref_id={{fbclid}},https://nordace.com/wp-content/uploads/2025/07/ND1232-1-1.jpg,,in stock,,,58 USD,,Backpacks & Wallets,100,,Nordace,ND1232-1-EN,yes,new,no,,Black Brown,,,,,ND1232-GROUP,,,,,no,,,English,en,,,single,,,,,https://lp.nordace.com/dpalink/siena-pro-bucket-bag_black-brown?utm_source=Facebook_DPA&utm_campaign={{campaign.name}}_{{adset.name}}&utm_medium={{adset.id}}&utm_content={{ad.id}}_{{ad.name}}&cmpid=69844dedca420a8b8b43f68e&sub1={{ad.id}}&sub2={{adset.id}}&sub3={{campaign.id}}&sub4={{ad.name}}&sub5={{adset.name}}&sub6={{campaign.name}}&sub7={{site_source_name}}&sub9=Meta&ref_id={{fbclid}},
ND1232-5,Siena Pro Bucket Bag,,https://lp.nordace.com/dpalink/siena-pro-bucket-bag_beige-brown?utm_source=Facebook_DPA&utm_campaign={{campaign.name}}_{{adset.name}}&utm_medium={{adset.id}}&utm_content={{ad.id}}_{{ad.name}}&cmpid=69844dedca420a8b8b43f68e&sub1={{ad.id}}&sub2={{adset.id}}&sub3={{campaign.id}}&sub4={{ad.name}}&sub5={{adset.name}}&sub6={{campaign.name}}&sub7={{site_source_name}}&sub9=Meta&ref_id={{fbclid}},https://nordace.com/wp-content/uploads/2025/07/ND1232-5-1.jpg,,in stock,,,58 USD,,Backpacks & Wallets,100,,Nordace,ND1232-5-EN,yes,new,no,,Beige Brown,,,,,ND1232-GROUP,,,,,no,,,English,en,,,single,,,,,https://lp.nordace.com/dpalink/siena-pro-bucket-bag_beige-brown?utm_source=Facebook_DPA&utm_campaign={{campaign.name}}_{{adset.name}}&utm_medium={{adset.id}}&utm_content={{ad.id}}_{{ad.name}}&cmpid=69844dedca420a8b8b43f68e&sub1={{ad.id}}&sub2={{adset.id}}&sub3={{campaign.id}}&sub4={{ad.name}}&sub5={{adset.name}}&sub6={{campaign.name}}&sub7={{site_source_name}}&sub9=Meta&ref_id={{fbclid}},
ND1112,Nordace Aerial Infinity Flap Backpack,,https://lp.nordace.com/dpalink/nordace-aerial-infinity-flap-backpack?utm_source=Facebook_DPA&utm_campaign={{campaign.name}}_{{adset.name}}&utm_medium={{adset.id}}&utm_content={{ad.id}}_{{ad.name}}&cmpid=69844dedca420a8b8b43f68e&sub1={{ad.id}}&sub2={{adset.id}}&sub3={{campaign.id}}&sub4={{ad.name}}&sub5={{adset.name}}&sub6={{campaign.name}}&sub7={{site_source_name}}&sub9=Meta&ref_id={{fbclid}},,,in stock,,,139.99 USD,99.99 USD,Backpacks & Wallets,100,,Nordace,ND1112-EN,yes,new,no,,,,,,,ND1112-GROUP,,,,,no,,,English,en,,,single,,,,,https://lp.nordace.com/dpalink/nordace-aerial-infinity-flap-backpack?utm_source=Facebook_DPA&utm_campaign={{campaign.name}}_{{adset.name}}&utm_medium={{adset.id}}&utm_content={{ad.id}}_{{ad.name}}&cmpid=69844dedca420a8b8b43f68e&sub1={{ad.id}}&sub2={{adset.id}}&sub3={{campaign.id}}&sub4={{ad.name}}&sub5={{adset.name}}&sub6={{campaign.name}}&sub7={{site_source_name}}&sub9=Meta&ref_id={{fbclid}},
ND1112-1,Nordace Aerial Infinity Flap Backpack,,https://lp.nordace.com/dpalink/nordace-aerial-infinity-flap-backpack_black?utm_source=Facebook_DPA&utm_campaign={{campaign.name}}_{{adset.name}}&utm_medium={{adset.id}}&utm_content={{ad.id}}_{{ad.name}}&cmpid=69844dedca420a8b8b43f68e&sub1={{ad.id}}&sub2={{adset.id}}&sub3={{campaign.id}}&sub4={{ad.name}}&sub5={{adset.name}}&sub6={{campaign.name}}&sub7={{site_source_name}}&sub9=Meta&ref_id={{fbclid}},https://nordace.com/wp-content/uploads/2023/01/ND1112-13.jpg,,in stock,,,139.99 USD,99.99 USD,Backpacks & Wallets,100,,Nordace,ND1112-1-EN,yes,new,no,,Black,,,,,ND1112-GROUP,,,,,no,,,English,en,,,single,,,,,https://lp.nordace.com/dpalink/nordace-aerial-infinity-flap-backpack_black?utm_source=Facebook_DPA&utm_campaign={{campaign.name}}_{{adset.name}}&utm_medium={{adset.id}}&utm_content={{ad.id}}_{{ad.name}}&cmpid=69844dedca420a8b8b43f68e&sub1={{ad.id}}&sub2={{adset.id}}&sub3={{campaign.id}}&sub4={{ad.name}}&sub5={{adset.name}}&sub6={{campaign.name}}&sub7={{site_source_name}}&sub9=Meta&ref_id={{fbclid}},
ND1112-5,Nordace Aerial Infinity Flap Backpack,,https://lp.nordace.com/dpalink/nordace-aerial-infinity-flap-backpack_khaki?utm_source=Facebook_DPA&utm_campaign={{campaign.name}}_{{adset.name}}&utm_medium={{adset.id}}&utm_content={{ad.id}}_{{ad.name}}&cmpid=69844dedca420a8b8b43f68e&sub1={{ad.id}}&sub2={{adset.id}}&sub3={{campaign.id}}&sub4={{ad.name}}&sub5={{adset.name}}&sub6={{campaign.name}}&sub7={{site_source_name}}&sub9=Meta&ref_id={{fbclid}},https://nordace.com/wp-content/uploads/2023/01/ND1112-57.jpg,,in stock,,,139.99 USD,99.99 USD,Backpacks & Wallets,100,,Nordace,ND1112-5-EN,yes,new,no,,Khaki,,,,,ND1112-GROUP,,,,,no,,,English,en,,,single,,,,,https://lp.nordace.com/dpalink/nordace-aerial-infinity-flap-backpack_khaki?utm_source=Facebook_DPA&utm_campaign={{campaign.name}}_{{adset.name}}&utm_medium={{adset.id}}&utm_content={{ad.id}}_{{ad.name}}&cmpid=69844dedca420a8b8b43f68e&sub1={{ad.id}}&sub2={{adset.id}}&sub3={{campaign.id}}&sub4={{ad.name}}&sub5={{adset.name}}&sub6={{campaign.name}}&sub7={{site_source_name}}&sub9=Meta&ref_id={{fbclid}},
ND1128,Nordace Edin Classic Backpack,,https://lp.nordace.com/dpalink/nordace-edin-classic-backpack?utm_source=Facebook_DPA&utm_campaign={{campaign.name}}_{{adset.name}}&utm_medium={{adset.id}}&utm_content={{ad.id}}_{{ad.name}}&cmpid=69844dedca420a8b8b43f68e&sub1={{ad.id}}&sub2={{adset.id}}&sub3={{campaign.id}}&sub4={{ad.name}}&sub5={{adset.name}}&sub6={{campaign.name}}&sub7={{site_source_name}}&sub9=Meta&ref_id={{fbclid}},,,in stock,,,59.99 USD,,Backpacks & Wallets,100,,Nordace,ND1128-EN,yes,new,no,,,,,,,ND1128-GROUP,,,,,no,,,English,en,,,single,,,,,https://lp.nordace.com/dpalink/nordace-edin-classic-backpack?utm_source=Facebook_DPA&utm_campaign={{campaign.name}}_{{adset.name}}&utm_medium={{adset.id}}&utm_content={{ad.id}}_{{ad.name}}&cmpid=69844dedca420a8b8b43f68e&sub1={{ad.id}}&sub2={{adset.id}}&sub3={{campaign.id}}&sub4={{ad.name}}&sub5={{adset.name}}&sub6={{campaign.name}}&sub7={{site_source_name}}&sub9=Meta&ref_id={{fbclid}},
ND1128-9,Nordace Edin Classic Backpack,,https://lp.nordace.com/dpalink/nordace-edin-classic-backpack_khaki?utm_source=Facebook_DPA&utm_campaign={{campaign.name}}_{{adset.name}}&utm_medium={{adset.id}}&utm_content={{ad.id}}_{{ad.name}}&cmpid=69844dedca420a8b8b43f68e&sub1={{ad.id}}&sub2={{adset.id}}&sub3={{campaign.id}}&sub4={{ad.name}}&sub5={{adset.name}}&sub6={{campaign.name}}&sub7={{site_source_name}}&sub9=Meta&ref_id={{fbclid}},https://nordace.com/wp-content/uploads/2023/09/ND1128-9-1.jpg,,in stock,,,119.99 USD,59.99 USD,Backpacks & Wallets,100,,Nordace,ND1128-9-EN,yes,new,no,,Khaki,,,,,ND1128-GROUP,,,,,no,,,English,en,,,single,,,,,https://lp.nordace.com/dpalink/nordace-edin-classic-backpack_khaki?utm_source=Facebook_DPA&utm_campaign={{campaign.name}}_{{adset.name}}&utm_medium={{adset.id}}&utm_content={{ad.id}}_{{ad.name}}&cmpid=69844dedca420a8b8b43f68e&sub1={{ad.id}}&sub2={{adset.id}}&sub3={{campaign.id}}&sub4={{ad.name}}&sub5={{adset.name}}&sub6={{campaign.name}}&sub7={{site_source_name}}&sub9=Meta&ref_id={{fbclid}},
ND1102,Nordace Pollina Vegan Bucket Bag,,https://lp.nordace.com/dpalink/nordace-pollina-vegan-bucket-bag?utm_source=Facebook_DPA&utm_campaign={{campaign.name}}_{{adset.name}}&utm_medium={{adset.id}}&utm_content={{ad.id}}_{{ad.name}}&cmpid=69844dedca420a8b8b43f68e&sub1={{ad.id}}&sub2={{adset.id}}&sub3={{campaign.id}}&sub4={{ad.name}}&sub5={{adset.name}}&sub6={{campaign.name}}&sub7={{site_source_name}}&sub9=Meta&ref_id={{fbclid}},,,in stock,,,129.99 USD,89.99 USD,Backpacks & Wallets,100,,Nordace,ND1102-EN,yes,new,no,,,,,,,ND1102-GROUP,,,,,no,,,English,en,,,single,,,,,https://lp.nordace.com/dpalink/nordace-pollina-vegan-bucket-bag?utm_source=Facebook_DPA&utm_campaign={{campaign.name}}_{{adset.name}}&utm_medium={{adset.id}}&utm_content={{ad.id}}_{{ad.name}}&cmpid=69844dedca420a8b8b43f68e&sub1={{ad.id}}&sub2={{adset.id}}&sub3={{campaign.id}}&sub4={{ad.name}}&sub5={{adset.name}}&sub6={{campaign.name}}&sub7={{site_source_name}}&sub9=Meta&ref_id={{fbclid}},
ND1102-1,Nordace Pollina Vegan Bucket Bag,,https://lp.nordace.com/dpalink/nordace-pollina-vegan-bucket-bag_black?utm_source=Facebook_DPA&utm_campaign={{campaign.name}}_{{adset.name}}&utm_medium={{adset.id}}&utm_content={{ad.id}}_{{ad.name}}&cmpid=69844dedca420a8b8b43f68e&sub1={{ad.id}}&sub2={{adset.id}}&sub3={{campaign.id}}&sub4={{ad.name}}&sub5={{adset.name}}&sub6={{campaign.name}}&sub7={{site_source_name}}&sub9=Meta&ref_id={{fbclid}},https://nordace.com/wp-content/uploads/2022/08/Pollina-Vegan-Bucket-Bag-Black-1.jpg,,in stock,,,129.99 USD,89.99 USD,Backpacks & Wallets,100,,Nordace,ND1102-1-EN,yes,new,no,,Black,,,,,ND1102-GROUP,,,,,no,,,English,en,,,single,,,,,https://lp.nordace.com/dpalink/nordace-pollina-vegan-bucket-bag_black?utm_source=Facebook_DPA&utm_campaign={{campaign.name}}_{{adset.name}}&utm_medium={{adset.id}}&utm_content={{ad.id}}_{{ad.name}}&cmpid=69844dedca420a8b8b43f68e&sub1={{ad.id}}&sub2={{adset.id}}&sub3={{campaign.id}}&sub4={{ad.name}}&sub5={{adset.name}}&sub6={{campaign.name}}&sub7={{site_source_name}}&sub9=Meta&ref_id={{fbclid}},
ND1102-2,Nordace Pollina Vegan Bucket Bag,,https://lp.nordace.com/dpalink/nordace-pollina-vegan-bucket-bag_light-gray?utm_source=Facebook_DPA&utm_campaign={{campaign.name}}_{{adset.name}}&utm_medium={{adset.id}}&utm_content={{ad.id}}_{{ad.name}}&cmpid=69844dedca420a8b8b43f68e&sub1={{ad.id}}&sub2={{adset.id}}&sub3={{campaign.id}}&sub4={{ad.name}}&sub5={{adset.name}}&sub6={{campaign.name}}&sub7={{site_source_name}}&sub9=Meta&ref_id={{fbclid}},https://nordace.com/wp-content/uploads/2022/07/Pollina-Vegan-Bucket-Bag-2.jpg,,in stock,,,129.99 USD,89.99 USD,Backpacks & Wallets,100,,Nordace,ND1102-2-EN,yes,new,no,,Light Gray,,,,,ND1102-GROUP,,,,,no,,,English,en,,,single,,,,,https://lp.nordace.com/dpalink/nordace-pollina-vegan-bucket-bag_light-gray?utm_source=Facebook_DPA&utm_campaign={{campaign.name}}_{{adset.name}}&utm_medium={{adset.id}}&utm_content={{ad.id}}_{{ad.name}}&cmpid=69844dedca420a8b8b43f68e&sub1={{ad.id}}&sub2={{adset.id}}&sub3={{campaign.id}}&sub4={{ad.name}}&sub5={{adset.name}}&sub6={{campaign.name}}&sub7={{site_source_name}}&sub9=Meta&ref_id={{fbclid}},
ND1102-4,Nordace Pollina Vegan Bucket Bag,,https://lp.nordace.com/dpalink/nordace-pollina-vegan-bucket-bag_aqua?utm_source=Facebook_DPA&utm_campaign={{campaign.name}}_{{adset.name}}&utm_medium={{adset.id}}&utm_content={{ad.id}}_{{ad.name}}&cmpid=69844dedca420a8b8b43f68e&sub1={{ad.id}}&sub2={{adset.id}}&sub3={{campaign.id}}&sub4={{ad.name}}&sub5={{adset.name}}&sub6={{campaign.name}}&sub7={{site_source_name}}&sub9=Meta&ref_id={{fbclid}},https://nordace.com/wp-content/uploads/2022/08/Pollina-Vegan-Bucket-Bag-Aqua-1-1.jpg,,in stock,,,129.99 USD,89.99 USD,Backpacks & Wallets,100,,Nordace,ND1102-4-EN,yes,new,no,,Aqua,,,,,ND1102-GROUP,,,,,no,,,English,en,,,single,,,,,https://lp.nordace.com/dpalink/nordace-pollina-vegan-bucket-bag_aqua?utm_source=Facebook_DPA&utm_campaign={{campaign.name}}_{{adset.name}}&utm_medium={{adset.id}}&utm_content={{ad.id}}_{{ad.name}}&cmpid=69844dedca420a8b8b43f68e&sub1={{ad.id}}&sub2={{adset.id}}&sub3={{campaign.id}}&sub4={{ad.name}}&sub5={{adset.name}}&sub6={{campaign.name}}&sub7={{site_source_name}}&sub9=Meta&ref_id={{fbclid}},
ND1205,Nordace Siena Flexi Packable Backpack,,https://lp.nordace.com/dpalink/nordace-siena-flexi-packable-backpack?utm_source=Facebook_DPA&utm_campaign={{campaign.name}}_{{adset.name}}&utm_medium={{adset.id}}&utm_content={{ad.id}}_{{ad.name}}&cmpid=69844dedca420a8b8b43f68e&sub1={{ad.id}}&sub2={{adset.id}}&sub3={{campaign.id}}&sub4={{ad.name}}&sub5={{adset.name}}&sub6={{campaign.name}}&sub7={{site_source_name}}&sub9=Meta&ref_id={{fbclid}},,,in stock,,,69.99 USD,,Backpacks & Wallets,100,,Nordace,ND1205-EN,yes,new,no,,,,,,,ND1205-GROUP,,,,,no,,,English,en,,,single,,,,,https://lp.nordace.com/dpalink/nordace-siena-flexi-packable-backpack?utm_source=Facebook_DPA&utm_campaign={{campaign.name}}_{{adset.name}}&utm_medium={{adset.id}}&utm_content={{ad.id}}_{{ad.name}}&cmpid=69844dedca420a8b8b43f68e&sub1={{ad.id}}&sub2={{adset.id}}&sub3={{campaign.id}}&sub4={{ad.name}}&sub5={{adset.name}}&sub6={{campaign.name}}&sub7={{site_source_name}}&sub9=Meta&ref_id={{fbclid}},
ND1205-1,Nordace Siena Flexi Packable Backpack,,https://lp.nordace.com/dpalink/nordace-siena-flexi-packable-backpack_black-brown?utm_source=Facebook_DPA&utm_campaign={{campaign.name}}_{{adset.name}}&utm_medium={{adset.id}}&utm_content={{ad.id}}_{{ad.name}}&cmpid=69844dedca420a8b8b43f68e&sub1={{ad.id}}&sub2={{adset.id}}&sub3={{campaign.id}}&sub4={{ad.name}}&sub5={{adset.name}}&sub6={{campaign.name}}&sub7={{site_source_name}}&sub9=Meta&ref_id={{fbclid}},https://nordace.com/wp-content/uploads/2024/12/ND1205-1-2.jpg,,in stock,,,69.99 USD,,Backpacks & Wallets,100,,Nordace,ND1205-1-EN,yes,new,no,,Black Brown,,,,,ND1205-GROUP,,,,,no,,,English,en,,,single,,,,,https://lp.nordace.com/dpalink/nordace-siena-flexi-packable-backpack_black-brown?utm_source=Facebook_DPA&utm_campaign={{campaign.name}}_{{adset.name}}&utm_medium={{adset.id}}&utm_content={{ad.id}}_{{ad.name}}&cmpid=69844dedca420a8b8b43f68e&sub1={{ad.id}}&sub2={{adset.id}}&sub3={{campaign.id}}&sub4={{ad.name}}&sub5={{adset.name}}&sub6={{campaign.name}}&sub7={{site_source_name}}&sub9=Meta&ref_id={{fbclid}},
ND1205-5,Nordace Siena Flexi Packable Backpack,,https://lp.nordace.com/dpalink/nordace-siena-flexi-packable-backpack_beige-brown?utm_source=Facebook_DPA&utm_campaign={{campaign.name}}_{{adset.name}}&utm_medium={{adset.id}}&utm_content={{ad.id}}_{{ad.name}}&cmpid=69844dedca420a8b8b43f68e&sub1={{ad.id}}&sub2={{adset.id}}&sub3={{campaign.id}}&sub4={{ad.name}}&sub5={{adset.name}}&sub6={{campaign.name}}&sub7={{site_source_name}}&sub9=Meta&ref_id={{fbclid}},https://nordace.com/wp-content/uploads/2024/12/ND1205-5-10.jpg,,in stock,,,69.99 USD,,Backpacks & Wallets,100,,Nordace,ND1205-5-EN,yes,new,no,,Beige Brown,,,,,ND1205-GROUP,,,,,no,,,English,en,,,single,,,,,https://lp.nordace.com/dpalink/nordace-siena-flexi-packable-backpack_beige-brown?utm_source=Facebook_DPA&utm_campaign={{campaign.name}}_{{adset.name}}&utm_medium={{adset.id}}&utm_content={{ad.id}}_{{ad.name}}&cmpid=69844dedca420a8b8b43f68e&sub1={{ad.id}}&sub2={{adset.id}}&sub3={{campaign.id}}&sub4={{ad.name}}&sub5={{adset.name}}&sub6={{campaign.name}}&sub7={{site_source_name}}&sub9=Meta&ref_id={{fbclid}},
ND1096,Nordace Siena II Camera Case,,https://lp.nordace.com/dpalink/nordace-siena-ii-camera-case?utm_source=Facebook_DPA&utm_campaign={{campaign.name}}_{{adset.name}}&utm_medium={{adset.id}}&utm_content={{ad.id}}_{{ad.name}}&cmpid=69844dedca420a8b8b43f68e&sub1={{ad.id}}&sub2={{adset.id}}&sub3={{campaign.id}}&sub4={{ad.name}}&sub5={{adset.name}}&sub6={{campaign.name}}&sub7={{site_source_name}}&sub9=Meta&ref_id={{fbclid}},,,in stock,,,39.99 USD,,Backpacks & Wallets,100,,Nordace,ND1096-EN,yes,new,no,,,,,,,ND1096-GROUP,,,,,no,,,English,en,,,single,,,,,https://lp.nordace.com/dpalink/nordace-siena-ii-camera-case?utm_source=Facebook_DPA&utm_campaign={{campaign.name}}_{{adset.name}}&utm_medium={{adset.id}}&utm_content={{ad.id}}_{{ad.name}}&cmpid=69844dedca420a8b8b43f68e&sub1={{ad.id}}&sub2={{adset.id}}&sub3={{campaign.id}}&sub4={{ad.name}}&sub5={{adset.name}}&sub6={{campaign.name}}&sub7={{site_source_name}}&sub9=Meta&ref_id={{fbclid}},
ND1096-1,Nordace Siena II Camera Case,,https://lp.nordace.com/dpalink/nordace-siena-ii-camera-case_black?utm_source=Facebook_DPA&utm_campaign={{campaign.name}}_{{adset.name}}&utm_medium={{adset.id}}&utm_content={{ad.id}}_{{ad.name}}&cmpid=69844dedca420a8b8b43f68e&sub1={{ad.id}}&sub2={{adset.id}}&sub3={{campaign.id}}&sub4={{ad.name}}&sub5={{adset.name}}&sub6={{campaign.name}}&sub7={{site_source_name}}&sub9=Meta&ref_id={{fbclid}},https://nordace.com/wp-content/uploads/2021/10/Siena-II-Camera-Case-1.jpg,,in stock,,,59.99 USD,39.99 USD,Backpacks & Wallets,100,,Nordace,ND1096-1-EN,yes,new,no,,Black,,,,,ND1096-GROUP,,,,,no,,,English,en,,,single,,,,,https://lp.nordace.com/dpalink/nordace-siena-ii-camera-case_black?utm_source=Facebook_DPA&utm_campaign={{campaign.name}}_{{adset.name}}&utm_medium={{adset.id}}&utm_content={{ad.id}}_{{ad.name}}&cmpid=69844dedca420a8b8b43f68e&sub1={{ad.id}}&sub2={{adset.id}}&sub3={{campaign.id}}&sub4={{ad.name}}&sub5={{adset.name}}&sub6={{campaign.name}}&sub7={{site_source_name}}&sub9=Meta&ref_id={{fbclid}},
ND1127,Nordace Edin Rolltop Backpack,,https://lp.nordace.com/dpalink/nordace-edin-rolltop-backpack?utm_source=Facebook_DPA&utm_campaign={{campaign.name}}_{{adset.name}}&utm_medium={{adset.id}}&utm_content={{ad.id}}_{{ad.name}}&cmpid=69844dedca420a8b8b43f68e&sub1={{ad.id}}&sub2={{adset.id}}&sub3={{campaign.id}}&sub4={{ad.name}}&sub5={{adset.name}}&sub6={{campaign.name}}&sub7={{site_source_name}}&sub9=Meta&ref_id={{fbclid}},,,in stock,,,65.00 USD,,Backpacks & Wallets,100,,Nordace,ND1127-EN,yes,new,no,,,,,,,ND1127-GROUP,,,,,no,,,English,en,,,single,,,,,https://lp.nordace.com/dpalink/nordace-edin-rolltop-backpack?utm_source=Facebook_DPA&utm_campaign={{campaign.name}}_{{adset.name}}&utm_medium={{adset.id}}&utm_content={{ad.id}}_{{ad.name}}&cmpid=69844dedca420a8b8b43f68e&sub1={{ad.id}}&sub2={{adset.id}}&sub3={{campaign.id}}&sub4={{ad.name}}&sub5={{adset.name}}&sub6={{campaign.name}}&sub7={{site_source_name}}&sub9=Meta&ref_id={{fbclid}},
ND1127-5,Nordace Edin Rolltop Backpack,,https://lp.nordace.com/dpalink/nordace-edin-rolltop-backpack_light-gray?utm_source=Facebook_DPA&utm_campaign={{campaign.name}}_{{adset.name}}&utm_medium={{adset.id}}&utm_content={{ad.id}}_{{ad.name}}&cmpid=69844dedca420a8b8b43f68e&sub1={{ad.id}}&sub2={{adset.id}}&sub3={{campaign.id}}&sub4={{ad.name}}&sub5={{adset.name}}&sub6={{campaign.name}}&sub7={{site_source_name}}&sub9=Meta&ref_id={{fbclid}},https://nordace.com/wp-content/uploads/2023/09/ND1127-5-1a.jpg,,in stock,,,129.99 USD,65 USD,Backpacks & Wallets,100,,Nordace,ND1127-5-EN,yes,new,no,,Light Gray,,,,,ND1127-GROUP,,,,,no,,,English,en,,,single,,,,,https://lp.nordace.com/dpalink/nordace-edin-rolltop-backpack_light-gray?utm_source=Facebook_DPA&utm_campaign={{campaign.name}}_{{adset.name}}&utm_medium={{adset.id}}&utm_content={{ad.id}}_{{ad.name}}&cmpid=69844dedca420a8b8b43f68e&sub1={{ad.id}}&sub2={{adset.id}}&sub3={{campaign.id}}&sub4={{ad.name}}&sub5={{adset.name}}&sub6={{campaign.name}}&sub7={{site_source_name}}&sub9=Meta&ref_id={{fbclid}},
VOA2091,Laval Travel Set,,https://lp.nordace.com/dpalink/laval-travel-set?utm_source=Facebook_DPA&utm_campaign={{campaign.name}}_{{adset.name}}&utm_medium={{adset.id}}&utm_content={{ad.id}}_{{ad.name}}&cmpid=69844dedca420a8b8b43f68e&sub1={{ad.id}}&sub2={{adset.id}}&sub3={{campaign.id}}&sub4={{ad.name}}&sub5={{adset.name}}&sub6={{campaign.name}}&sub7={{site_source_name}}&sub9=Meta&ref_id={{fbclid}},,,in stock,,,214.96 USD,149.99 USD,Backpacks & Wallets,100,,Nordace,VOA2091-EN,yes,new,no,,,,,,,,,,,,no,,,English,en,,,single,,,,,https://lp.nordace.com/dpalink/laval-travel-set?utm_source=Facebook_DPA&utm_campaign={{campaign.name}}_{{adset.name}}&utm_medium={{adset.id}}&utm_content={{ad.id}}_{{ad.name}}&cmpid=69844dedca420a8b8b43f68e&sub1={{ad.id}}&sub2={{adset.id}}&sub3={{campaign.id}}&sub4={{ad.name}}&sub5={{adset.name}}&sub6={{campaign.name}}&sub7={{site_source_name}}&sub9=Meta&ref_id={{fbclid}},
US-097,Nordace OptiFort Sunglasses Travel Case,,https://lp.nordace.com/dpalink/travel-sunglasses-holder?utm_source=Facebook_DPA&utm_campaign={{campaign.name}}_{{adset.name}}&utm_medium={{adset.id}}&utm_content={{ad.id}}_{{ad.name}}&cmpid=69844dedca420a8b8b43f68e&sub1={{ad.id}}&sub2={{adset.id}}&sub3={{campaign.id}}&sub4={{ad.name}}&sub5={{adset.name}}&sub6={{campaign.name}}&sub7={{site_source_name}}&sub9=Meta&ref_id={{fbclid}},,,in stock,,,9.99 USD,,Backpacks & Wallets,100,,Nordace,US-097-EN,yes,new,no,,,,,,,US-097-GROUP,,,,,no,,,English,en,,,single,,,,,https://lp.nordace.com/dpalink/travel-sunglasses-holder?utm_source=Facebook_DPA&utm_campaign={{campaign.name}}_{{adset.name}}&utm_medium={{adset.id}}&utm_content={{ad.id}}_{{ad.name}}&cmpid=69844dedca420a8b8b43f68e&sub1={{ad.id}}&sub2={{adset.id}}&sub3={{campaign.id}}&sub4={{ad.name}}&sub5={{adset.name}}&sub6={{campaign.name}}&sub7={{site_source_name}}&sub9=Meta&ref_id={{fbclid}},
US-097-23,Nordace OptiFort Sunglasses Travel Case,,https://lp.nordace.com/dpalink/travel-sunglasses-holder_beige?utm_source=Facebook_DPA&utm_campaign={{campaign.name}}_{{adset.name}}&utm_medium={{adset.id}}&utm_content={{ad.id}}_{{ad.name}}&cmpid=69844dedca420a8b8b43f68e&sub1={{ad.id}}&sub2={{adset.id}}&sub3={{campaign.id}}&sub4={{ad.name}}&sub5={{adset.name}}&sub6={{campaign.name}}&sub7={{site_source_name}}&sub9=Meta&ref_id={{fbclid}},https://nordace.com/wp-content/uploads/2024/01/US-097-23-1.jpg,,in stock,,,9.99 USD,,Backpacks & Wallets,100,,Nordace,US-097-23-EN,yes,new,no,,Beige,,,,,US-097-GROUP,,,,,no,,,English,en,,,single,,,,,https://lp.nordace.com/dpalink/travel-sunglasses-holder_beige?utm_source=Facebook_DPA&utm_campaign={{campaign.name}}_{{adset.name}}&utm_medium={{adset.id}}&utm_content={{ad.id}}_{{ad.name}}&cmpid=69844dedca420a8b8b43f68e&sub1={{ad.id}}&sub2={{adset.id}}&sub3={{campaign.id}}&sub4={{ad.name}}&sub5={{adset.name}}&sub6={{campaign.name}}&sub7={{site_source_name}}&sub9=Meta&ref_id={{fbclid}},
US-097-4,Nordace OptiFort Sunglasses Travel Case,,https://lp.nordace.com/dpalink/travel-sunglasses-holder_blue?utm_source=Facebook_DPA&utm_campaign={{campaign.name}}_{{adset.name}}&utm_medium={{adset.id}}&utm_content={{ad.id}}_{{ad.name}}&cmpid=69844dedca420a8b8b43f68e&sub1={{ad.id}}&sub2={{adset.id}}&sub3={{campaign.id}}&sub4={{ad.name}}&sub5={{adset.name}}&sub6={{campaign.name}}&sub7={{site_source_name}}&sub9=Meta&ref_id={{fbclid}},https://nordace.com/wp-content/uploads/2024/01/US-097-4-1-scaled.jpg,,in stock,,,9.99 USD,,Backpacks & Wallets,100,,Nordace,US-097-4-EN,yes,new,no,,Blue,,,,,US-097-GROUP,,,,,no,,,English,en,,,single,,,,,https://lp.nordace.com/dpalink/travel-sunglasses-holder_blue?utm_source=Facebook_DPA&utm_campaign={{campaign.name}}_{{adset.name}}&utm_medium={{adset.id}}&utm_content={{ad.id}}_{{ad.name}}&cmpid=69844dedca420a8b8b43f68e&sub1={{ad.id}}&sub2={{adset.id}}&sub3={{campaign.id}}&sub4={{ad.name}}&sub5={{adset.name}}&sub6={{campaign.name}}&sub7={{site_source_name}}&sub9=Meta&ref_id={{fbclid}},
US-097-10,Nordace OptiFort Sunglasses Travel Case,,https://lp.nordace.com/dpalink/travel-sunglasses-holder_brown?utm_source=Facebook_DPA&utm_campaign={{campaign.name}}_{{adset.name}}&utm_medium={{adset.id}}&utm_content={{ad.id}}_{{ad.name}}&cmpid=69844dedca420a8b8b43f68e&sub1={{ad.id}}&sub2={{adset.id}}&sub3={{campaign.id}}&sub4={{ad.name}}&sub5={{adset.name}}&sub6={{campaign.name}}&sub7={{site_source_name}}&sub9=Meta&ref_id={{fbclid}},https://nordace.com/wp-content/uploads/2024/01/US-097-10-1.jpg,,in stock,,,9.99 USD,,Backpacks & Wallets,100,,Nordace,US-097-10-EN,yes,new,no,,Brown,,,,,US-097-GROUP,,,,,no,,,English,en,,,single,,,,,https://lp.nordace.com/dpalink/travel-sunglasses-holder_brown?utm_source=Facebook_DPA&utm_campaign={{campaign.name}}_{{adset.name}}&utm_medium={{adset.id}}&utm_content={{ad.id}}_{{ad.name}}&cmpid=69844dedca420a8b8b43f68e&sub1={{ad.id}}&sub2={{adset.id}}&sub3={{campaign.id}}&sub4={{ad.name}}&sub5={{adset.name}}&sub6={{campaign.name}}&sub7={{site_source_name}}&sub9=Meta&ref_id={{fbclid}},
US-097-3,Nordace OptiFort Sunglasses Travel Case,,https://lp.nordace.com/dpalink/travel-sunglasses-holder_pink?utm_source=Facebook_DPA&utm_campaign={{campaign.name}}_{{adset.name}}&utm_medium={{adset.id}}&utm_content={{ad.id}}_{{ad.name}}&cmpid=69844dedca420a8b8b43f68e&sub1={{ad.id}}&sub2={{adset.id}}&sub3={{campaign.id}}&sub4={{ad.name}}&sub5={{adset.name}}&sub6={{campaign.name}}&sub7={{site_source_name}}&sub9=Meta&ref_id={{fbclid}},https://nordace.com/wp-content/uploads/2024/01/US-097-3-1.jpg,,in stock,,,9.99 USD,,Backpacks & Wallets,100,,Nordace,US-097-3-EN,yes,new,no,,Pink,,,,,US-097-GROUP,,,,,no,,,English,en,,,single,,,,,https://lp.nordace.com/dpalink/travel-sunglasses-holder_pink?utm_source=Facebook_DPA&utm_campaign={{campaign.name}}_{{adset.name}}&utm_medium={{adset.id}}&utm_content={{ad.id}}_{{ad.name}}&cmpid=69844dedca420a8b8b43f68e&sub1={{ad.id}}&sub2={{adset.id}}&sub3={{campaign.id}}&sub4={{ad.name}}&sub5={{adset.name}}&sub6={{campaign.name}}&sub7={{site_source_name}}&sub9=Meta&ref_id={{fbclid}},
US-097-11,Nordace OptiFort Sunglasses Travel Case,,https://lp.nordace.com/dpalink/travel-sunglasses-holder_white?utm_source=Facebook_DPA&utm_campaign={{campaign.name}}_{{adset.name}}&utm_medium={{adset.id}}&utm_content={{ad.id}}_{{ad.name}}&cmpid=69844dedca420a8b8b43f68e&sub1={{ad.id}}&sub2={{adset.id}}&sub3={{campaign.id}}&sub4={{ad.name}}&sub5={{adset.name}}&sub6={{campaign.name}}&sub7={{site_source_name}}&sub9=Meta&ref_id={{fbclid}},https://nordace.com/wp-content/uploads/2024/01/US-097-11-1.jpg,,in stock,,,9.99 USD,,Backpacks & Wallets,100,,Nordace,US-097-11-EN,yes,new,no,,White,,,,,US-097-GROUP,,,,,no,,,English,en,,,single,,,,,https://lp.nordace.com/dpalink/travel-sunglasses-holder_white?utm_source=Facebook_DPA&utm_campaign={{campaign.name}}_{{adset.name}}&utm_medium={{adset.id}}&utm_content={{ad.id}}_{{ad.name}}&cmpid=69844dedca420a8b8b43f68e&sub1={{ad.id}}&sub2={{adset.id}}&sub3={{campaign.id}}&sub4={{ad.name}}&sub5={{adset.name}}&sub6={{campaign.name}}&sub7={{site_source_name}}&sub9=Meta&ref_id={{fbclid}},
US-097-6,Nordace OptiFort Sunglasses Travel Case,,https://lp.nordace.com/dpalink/travel-sunglasses-holder_teal?utm_source=Facebook_DPA&utm_campaign={{campaign.name}}_{{adset.name}}&utm_medium={{adset.id}}&utm_content={{ad.id}}_{{ad.name}}&cmpid=69844dedca420a8b8b43f68e&sub1={{ad.id}}&sub2={{adset.id}}&sub3={{campaign.id}}&sub4={{ad.name}}&sub5={{adset.name}}&sub6={{campaign.name}}&sub7={{site_source_name}}&sub9=Meta&ref_id={{fbclid}},https://nordace.com/wp-content/uploads/2024/01/US-097-6-1.jpg,,in stock,,,9.99 USD,,Backpacks & Wallets,100,,Nordace,US-097-6-EN,yes,new,no,,Teal,,,,,US-097-GROUP,,,,,no,,,English,en,,,single,,,,,https://lp.nordace.com/dpalink/travel-sunglasses-holder_teal?utm_source=Facebook_DPA&utm_campaign={{campaign.name}}_{{adset.name}}&utm_medium={{adset.id}}&utm_content={{ad.id}}_{{ad.name}}&cmpid=69844dedca420a8b8b43f68e&sub1={{ad.id}}&sub2={{adset.id}}&sub3={{campaign.id}}&sub4={{ad.name}}&sub5={{adset.name}}&sub6={{campaign.name}}&sub7={{site_source_name}}&sub9=Meta&ref_id={{fbclid}},
ND1234,Siena Flō Baby Diaper Backpack,,https://lp.nordace.com/dpalink/siena-flo-baby-diaper-backpack?utm_source=Facebook_DPA&utm_campaign={{campaign.name}}_{{adset.name}}&utm_medium={{adset.id}}&utm_content={{ad.id}}_{{ad.name}}&cmpid=69844dedca420a8b8b43f68e&sub1={{ad.id}}&sub2={{adset.id}}&sub3={{campaign.id}}&sub4={{ad.name}}&sub5={{adset.name}}&sub6={{campaign.name}}&sub7={{site_source_name}}&sub9=Meta&ref_id={{fbclid}},,,in stock,,,148 USD,,Backpacks & Wallets,100,,Nordace,ND1234-EN,yes,new,no,,,,,,,ND1234-GROUP,,,,,no,,,English,en,,,single,,,,,https://lp.nordace.com/dpalink/siena-flo-baby-diaper-backpack?utm_source=Facebook_DPA&utm_campaign={{campaign.name}}_{{adset.name}}&utm_medium={{adset.id}}&utm_content={{ad.id}}_{{ad.name}}&cmpid=69844dedca420a8b8b43f68e&sub1={{ad.id}}&sub2={{adset.id}}&sub3={{campaign.id}}&sub4={{ad.name}}&sub5={{adset.name}}&sub6={{campaign.name}}&sub7={{site_source_name}}&sub9=Meta&ref_id={{fbclid}},
ND1234-1,Siena Flō Baby Diaper Backpack,,https://lp.nordace.com/dpalink/siena-flo-baby-diaper-backpack_black-brown?utm_source=Facebook_DPA&utm_campaign={{campaign.name}}_{{adset.name}}&utm_medium={{adset.id}}&utm_content={{ad.id}}_{{ad.name}}&cmpid=69844dedca420a8b8b43f68e&sub1={{ad.id}}&sub2={{adset.id}}&sub3={{campaign.id}}&sub4={{ad.name}}&sub5={{adset.name}}&sub6={{campaign.name}}&sub7={{site_source_name}}&sub9=Meta&ref_id={{fbclid}},https://nordace.com/wp-content/uploads/2025/08/ND1234-1-1-1.jpg,,in stock,,,148 USD,,Backpacks & Wallets,100,,Nordace,ND1234-1-EN,yes,new,no,,Black Brown,,,,,ND1234-GROUP,,,,,no,,,English,en,,,single,,,,,https://lp.nordace.com/dpalink/siena-flo-baby-diaper-backpack_black-brown?utm_source=Facebook_DPA&utm_campaign={{campaign.name}}_{{adset.name}}&utm_medium={{adset.id}}&utm_content={{ad.id}}_{{ad.name}}&cmpid=69844dedca420a8b8b43f68e&sub1={{ad.id}}&sub2={{adset.id}}&sub3={{campaign.id}}&sub4={{ad.name}}&sub5={{adset.name}}&sub6={{campaign.name}}&sub7={{site_source_name}}&sub9=Meta&ref_id={{fbclid}},
ND1234-5,Siena Flō Baby Diaper Backpack,,https://lp.nordace.com/dpalink/siena-flo-baby-diaper-backpack_beige-brown?utm_source=Facebook_DPA&utm_campaign={{campaign.name}}_{{adset.name}}&utm_medium={{adset.id}}&utm_content={{ad.id}}_{{ad.name}}&cmpid=69844dedca420a8b8b43f68e&sub1={{ad.id}}&sub2={{adset.id}}&sub3={{campaign.id}}&sub4={{ad.name}}&sub5={{adset.name}}&sub6={{campaign.name}}&sub7={{site_source_name}}&sub9=Meta&ref_id={{fbclid}},https://nordace.com/wp-content/uploads/2025/08/ND1234-5-1-1.jpg,,in stock,,,148 USD,,Backpacks & Wallets,100,,Nordace,ND1234-5-EN,yes,new,no,,Beige Brown,,,,,ND1234-GROUP,,,,,no,,,English,en,,,single,,,,,https://lp.nordace.com/dpalink/siena-flo-baby-diaper-backpack_beige-brown?utm_source=Facebook_DPA&utm_campaign={{campaign.name}}_{{adset.name}}&utm_medium={{adset.id}}&utm_content={{ad.id}}_{{ad.name}}&cmpid=69844dedca420a8b8b43f68e&sub1={{ad.id}}&sub2={{adset.id}}&sub3={{campaign.id}}&sub4={{ad.name}}&sub5={{adset.name}}&sub6={{campaign.name}}&sub7={{site_source_name}}&sub9=Meta&ref_id={{fbclid}},
ND1234-2,Siena Flō Baby Diaper Backpack,,https://lp.nordace.com/dpalink/siena-flo-baby-diaper-backpack_gray?utm_source=Facebook_DPA&utm_campaign={{campaign.name}}_{{adset.name}}&utm_medium={{adset.id}}&utm_content={{ad.id}}_{{ad.name}}&cmpid=69844dedca420a8b8b43f68e&sub1={{ad.id}}&sub2={{adset.id}}&sub3={{campaign.id}}&sub4={{ad.name}}&sub5={{adset.name}}&sub6={{campaign.name}}&sub7={{site_source_name}}&sub9=Meta&ref_id={{fbclid}},https://nordace.com/wp-content/uploads/2025/08/ND1234-2-1-1.jpg,,in stock,,,148 USD,,Backpacks & Wallets,100,,Nordace,ND1234-2-EN,yes,new,no,,Gray,,,,,ND1234-GROUP,,,,,no,,,English,en,,,single,,,,,https://lp.nordace.com/dpalink/siena-flo-baby-diaper-backpack_gray?utm_source=Facebook_DPA&utm_campaign={{campaign.name}}_{{adset.name}}&utm_medium={{adset.id}}&utm_content={{ad.id}}_{{ad.name}}&cmpid=69844dedca420a8b8b43f68e&sub1={{ad.id}}&sub2={{adset.id}}&sub3={{campaign.id}}&sub4={{ad.name}}&sub5={{adset.name}}&sub6={{campaign.name}}&sub7={{site_source_name}}&sub9=Meta&ref_id={{fbclid}},
ND1044,Nordace Merino Wool Crew Socks,,https://lp.nordace.com/dpalink/nordace-merino-wool-crew-socks?utm_source=Facebook_DPA&utm_campaign={{campaign.name}}_{{adset.name}}&utm_medium={{adset.id}}&utm_content={{ad.id}}_{{ad.name}}&cmpid=69844dedca420a8b8b43f68e&sub1={{ad.id}}&sub2={{adset.id}}&sub3={{campaign.id}}&sub4={{ad.name}}&sub5={{adset.name}}&sub6={{campaign.name}}&sub7={{site_source_name}}&sub9=Meta&ref_id={{fbclid}},,,in stock,,,9.99 USD,,Backpacks & Wallets,100,,Nordace,ND1044-EN,yes,new,no,,,,,,,ND1044-GROUP,,,,,no,,,English,en,,,single,,,,,https://lp.nordace.com/dpalink/nordace-merino-wool-crew-socks?utm_source=Facebook_DPA&utm_campaign={{campaign.name}}_{{adset.name}}&utm_medium={{adset.id}}&utm_content={{ad.id}}_{{ad.name}}&cmpid=69844dedca420a8b8b43f68e&sub1={{ad.id}}&sub2={{adset.id}}&sub3={{campaign.id}}&sub4={{ad.name}}&sub5={{adset.name}}&sub6={{campaign.name}}&sub7={{site_source_name}}&sub9=Meta&ref_id={{fbclid}},
ND1044-2AS,Nordace Merino Wool Crew Socks,,https://lp.nordace.com/dpalink/nordace-merino-wool-crew-socks_s?utm_source=Facebook_DPA&utm_campaign={{campaign.name}}_{{adset.name}}&utm_medium={{adset.id}}&utm_content={{ad.id}}_{{ad.name}}&cmpid=69844dedca420a8b8b43f68e&sub1={{ad.id}}&sub2={{adset.id}}&sub3={{campaign.id}}&sub4={{ad.name}}&sub5={{adset.name}}&sub6={{campaign.name}}&sub7={{site_source_name}}&sub9=Meta&ref_id={{fbclid}},https://nordace.com/wp-content/uploads/2020/06/merino-outdoor-everyday-1.jpg,,in stock,,,19.99 USD,9.99 USD,Backpacks & Wallets,100,,Nordace,ND1044-2AS-EN,yes,new,no,,,,,,S,ND1044-GROUP,,,,,no,,,English,en,,,single,,,,,https://lp.nordace.com/dpalink/nordace-merino-wool-crew-socks_s?utm_source=Facebook_DPA&utm_campaign={{campaign.name}}_{{adset.name}}&utm_medium={{adset.id}}&utm_content={{ad.id}}_{{ad.name}}&cmpid=69844dedca420a8b8b43f68e&sub1={{ad.id}}&sub2={{adset.id}}&sub3={{campaign.id}}&sub4={{ad.name}}&sub5={{adset.name}}&sub6={{campaign.name}}&sub7={{site_source_name}}&sub9=Meta&ref_id={{fbclid}},
ND1044-2AF,Nordace Merino Wool Crew Socks,,https://lp.nordace.com/dpalink/nordace-merino-wool-crew-socks_m?utm_source=Facebook_DPA&utm_campaign={{campaign.name}}_{{adset.name}}&utm_medium={{adset.id}}&utm_content={{ad.id}}_{{ad.name}}&cmpid=69844dedca420a8b8b43f68e&sub1={{ad.id}}&sub2={{adset.id}}&sub3={{campaign.id}}&sub4={{ad.name}}&sub5={{adset.name}}&sub6={{campaign.name}}&sub7={{site_source_name}}&sub9=Meta&ref_id={{fbclid}},https://nordace.com/wp-content/uploads/2020/06/merino-outdoor-everyday-1.jpg,,in stock,,,19.99 USD,9.99 USD,Backpacks & Wallets,100,,Nordace,ND1044-2AF-EN,yes,new,no,,,,,,M,ND1044-GROUP,,,,,no,,,English,en,,,single,,,,,https://lp.nordace.com/dpalink/nordace-merino-wool-crew-socks_m?utm_source=Facebook_DPA&utm_campaign={{campaign.name}}_{{adset.name}}&utm_medium={{adset.id}}&utm_content={{ad.id}}_{{ad.name}}&cmpid=69844dedca420a8b8b43f68e&sub1={{ad.id}}&sub2={{adset.id}}&sub3={{campaign.id}}&sub4={{ad.name}}&sub5={{adset.name}}&sub6={{campaign.name}}&sub7={{site_source_name}}&sub9=Meta&ref_id={{fbclid}},
ND1044-2AL,Nordace Merino Wool Crew Socks,,https://lp.nordace.com/dpalink/nordace-merino-wool-crew-socks_l?utm_source=Facebook_DPA&utm_campaign={{campaign.name}}_{{adset.name}}&utm_medium={{adset.id}}&utm_content={{ad.id}}_{{ad.name}}&cmpid=69844dedca420a8b8b43f68e&sub1={{ad.id}}&sub2={{adset.id}}&sub3={{campaign.id}}&sub4={{ad.name}}&sub5={{adset.name}}&sub6={{campaign.name}}&sub7={{site_source_name}}&sub9=Meta&ref_id={{fbclid}},https://nordace.com/wp-content/uploads/2020/06/merino-outdoor-everyday-1.jpg,,in stock,,,19.99 USD,9.99 USD,Backpacks & Wallets,100,,Nordace,ND1044-2AL-EN,yes,new,no,,,,,,L,ND1044-GROUP,,,,,no,,,English,en,,,single,,,,,https://lp.nordace.com/dpalink/nordace-merino-wool-crew-socks_l?utm_source=Facebook_DPA&utm_campaign={{campaign.name}}_{{adset.name}}&utm_medium={{adset.id}}&utm_content={{ad.id}}_{{ad.name}}&cmpid=69844dedca420a8b8b43f68e&sub1={{ad.id}}&sub2={{adset.id}}&sub3={{campaign.id}}&sub4={{ad.name}}&sub5={{adset.name}}&sub6={{campaign.name}}&sub7={{site_source_name}}&sub9=Meta&ref_id={{fbclid}},
ND1209,Nordace Siena Riviera Small Hobo Bag,,https://lp.nordace.com/dpalink/siena-riviera-small-hobo-bag?utm_source=Facebook_DPA&utm_campaign={{campaign.name}}_{{adset.name}}&utm_medium={{adset.id}}&utm_content={{ad.id}}_{{ad.name}}&cmpid=69844dedca420a8b8b43f68e&sub1={{ad.id}}&sub2={{adset.id}}&sub3={{campaign.id}}&sub4={{ad.name}}&sub5={{adset.name}}&sub6={{campaign.name}}&sub7={{site_source_name}}&sub9=Meta&ref_id={{fbclid}},,,in stock,,,159 USD,,Backpacks & Wallets,100,,Nordace,ND1209-EN,yes,new,no,,,,,,,ND1209-GROUP,,,,,no,,,English,en,,,single,,,,,https://lp.nordace.com/dpalink/siena-riviera-small-hobo-bag?utm_source=Facebook_DPA&utm_campaign={{campaign.name}}_{{adset.name}}&utm_medium={{adset.id}}&utm_content={{ad.id}}_{{ad.name}}&cmpid=69844dedca420a8b8b43f68e&sub1={{ad.id}}&sub2={{adset.id}}&sub3={{campaign.id}}&sub4={{ad.name}}&sub5={{adset.name}}&sub6={{campaign.name}}&sub7={{site_source_name}}&sub9=Meta&ref_id={{fbclid}},
ND1209-1,Nordace Siena Riviera Small Hobo Bag,,https://lp.nordace.com/dpalink/siena-riviera-small-hobo-bag_black-brown?utm_source=Facebook_DPA&utm_campaign={{campaign.name}}_{{adset.name}}&utm_medium={{adset.id}}&utm_content={{ad.id}}_{{ad.name}}&cmpid=69844dedca420a8b8b43f68e&sub1={{ad.id}}&sub2={{adset.id}}&sub3={{campaign.id}}&sub4={{ad.name}}&sub5={{adset.name}}&sub6={{campaign.name}}&sub7={{site_source_name}}&sub9=Meta&ref_id={{fbclid}},https://nordace.com/wp-content/uploads/2024/07/6G8A8910_ok.jpg,,in stock,,,159 USD,,Backpacks & Wallets,100,,Nordace,ND1209-1-EN,yes,new,no,,Black Brown,,,,,ND1209-GROUP,,,,,no,,,English,en,,,single,,,,,https://lp.nordace.com/dpalink/siena-riviera-small-hobo-bag_black-brown?utm_source=Facebook_DPA&utm_campaign={{campaign.name}}_{{adset.name}}&utm_medium={{adset.id}}&utm_content={{ad.id}}_{{ad.name}}&cmpid=69844dedca420a8b8b43f68e&sub1={{ad.id}}&sub2={{adset.id}}&sub3={{campaign.id}}&sub4={{ad.name}}&sub5={{adset.name}}&sub6={{campaign.name}}&sub7={{site_source_name}}&sub9=Meta&ref_id={{fbclid}},
ND1209-5,Nordace Siena Riviera Small Hobo Bag,,https://lp.nordace.com/dpalink/siena-riviera-small-hobo-bag_beige-brown?utm_source=Facebook_DPA&utm_campaign={{campaign.name}}_{{adset.name}}&utm_medium={{adset.id}}&utm_content={{ad.id}}_{{ad.name}}&cmpid=69844dedca420a8b8b43f68e&sub1={{ad.id}}&sub2={{adset.id}}&sub3={{campaign.id}}&sub4={{ad.name}}&sub5={{adset.name}}&sub6={{campaign.name}}&sub7={{site_source_name}}&sub9=Meta&ref_id={{fbclid}},https://nordace.com/wp-content/uploads/2024/07/6G8A8934.jpg,,in stock,,,159 USD,,Backpacks & Wallets,100,,Nordace,ND1209-5-EN,yes,new,no,,Beige Brown,,,,,ND1209-GROUP,,,,,no,,,English,en,,,single,,,,,https://lp.nordace.com/dpalink/siena-riviera-small-hobo-bag_beige-brown?utm_source=Facebook_DPA&utm_campaign={{campaign.name}}_{{adset.name}}&utm_medium={{adset.id}}&utm_content={{ad.id}}_{{ad.name}}&cmpid=69844dedca420a8b8b43f68e&sub1={{ad.id}}&sub2={{adset.id}}&sub3={{campaign.id}}&sub4={{ad.name}}&sub5={{adset.name}}&sub6={{campaign.name}}&sub7={{site_source_name}}&sub9=Meta&ref_id={{fbclid}},
ND1079,Nordace Adventure Sun Hat,,https://lp.nordace.com/dpalink/nordace-adventure-sun-hat?utm_source=Facebook_DPA&utm_campaign={{campaign.name}}_{{adset.name}}&utm_medium={{adset.id}}&utm_content={{ad.id}}_{{ad.name}}&cmpid=69844dedca420a8b8b43f68e&sub1={{ad.id}}&sub2={{adset.id}}&sub3={{campaign.id}}&sub4={{ad.name}}&sub5={{adset.name}}&sub6={{campaign.name}}&sub7={{site_source_name}}&sub9=Meta&ref_id={{fbclid}},,,in stock,,,29.99 USD,,Backpacks & Wallets,100,,Nordace,ND1079-EN,yes,new,no,,,,,,,ND1079-GROUP,,,,,no,,,English,en,,,single,,,,,https://lp.nordace.com/dpalink/nordace-adventure-sun-hat?utm_source=Facebook_DPA&utm_campaign={{campaign.name}}_{{adset.name}}&utm_medium={{adset.id}}&utm_content={{ad.id}}_{{ad.name}}&cmpid=69844dedca420a8b8b43f68e&sub1={{ad.id}}&sub2={{adset.id}}&sub3={{campaign.id}}&sub4={{ad.name}}&sub5={{adset.name}}&sub6={{campaign.name}}&sub7={{site_source_name}}&sub9=Meta&ref_id={{fbclid}},
ND1079-8,Nordace Adventure Sun Hat,,https://lp.nordace.com/dpalink/nordace-adventure-sun-hat_pink?utm_source=Facebook_DPA&utm_campaign={{campaign.name}}_{{adset.name}}&utm_medium={{adset.id}}&utm_content={{ad.id}}_{{ad.name}}&cmpid=69844dedca420a8b8b43f68e&sub1={{ad.id}}&sub2={{adset.id}}&sub3={{campaign.id}}&sub4={{ad.name}}&sub5={{adset.name}}&sub6={{campaign.name}}&sub7={{site_source_name}}&sub9=Meta&ref_id={{fbclid}},https://nordace.com/wp-content/uploads/2021/06/Adventure-Sun-Hat-5.jpg,,in stock,,,29.99 USD,,Backpacks & Wallets,100,,Nordace,ND1079-8-EN,yes,new,no,,Pink,,,,,ND1079-GROUP,,,,,no,,,English,en,,,single,,,,,https://lp.nordace.com/dpalink/nordace-adventure-sun-hat_pink?utm_source=Facebook_DPA&utm_campaign={{campaign.name}}_{{adset.name}}&utm_medium={{adset.id}}&utm_content={{ad.id}}_{{ad.name}}&cmpid=69844dedca420a8b8b43f68e&sub1={{ad.id}}&sub2={{adset.id}}&sub3={{campaign.id}}&sub4={{ad.name}}&sub5={{adset.name}}&sub6={{campaign.name}}&sub7={{site_source_name}}&sub9=Meta&ref_id={{fbclid}},
ND1207,Siena Mesh Tote Bag,,https://lp.nordace.com/dpalink/nordace-siena-mesh-tote-bag?utm_source=Facebook_DPA&utm_campaign={{campaign.name}}_{{adset.name}}&utm_medium={{adset.id}}&utm_content={{ad.id}}_{{ad.name}}&cmpid=69844dedca420a8b8b43f68e&sub1={{ad.id}}&sub2={{adset.id}}&sub3={{campaign.id}}&sub4={{ad.name}}&sub5={{adset.name}}&sub6={{campaign.name}}&sub7={{site_source_name}}&sub9=Meta&ref_id={{fbclid}},,,in stock,,,69.99 USD,,Backpacks & Wallets,100,,Nordace,ND1207-EN,yes,new,no,,,,,,,ND1207-GROUP,,,,,no,,,English,en,,,single,,,,,https://lp.nordace.com/dpalink/nordace-siena-mesh-tote-bag?utm_source=Facebook_DPA&utm_campaign={{campaign.name}}_{{adset.name}}&utm_medium={{adset.id}}&utm_content={{ad.id}}_{{ad.name}}&cmpid=69844dedca420a8b8b43f68e&sub1={{ad.id}}&sub2={{adset.id}}&sub3={{campaign.id}}&sub4={{ad.name}}&sub5={{adset.name}}&sub6={{campaign.name}}&sub7={{site_source_name}}&sub9=Meta&ref_id={{fbclid}},
ND1207-1,Siena Mesh Tote Bag,,https://lp.nordace.com/dpalink/nordace-siena-mesh-tote-bag_black?utm_source=Facebook_DPA&utm_campaign={{campaign.name}}_{{adset.name}}&utm_medium={{adset.id}}&utm_content={{ad.id}}_{{ad.name}}&cmpid=69844dedca420a8b8b43f68e&sub1={{ad.id}}&sub2={{adset.id}}&sub3={{campaign.id}}&sub4={{ad.name}}&sub5={{adset.name}}&sub6={{campaign.name}}&sub7={{site_source_name}}&sub9=Meta&ref_id={{fbclid}},https://nordace.com/wp-content/uploads/2024/05/6G8A9530.jpg,,in stock,,,69.99 USD,,Backpacks & Wallets,100,,Nordace,ND1207-1-EN,yes,new,no,,Black,,,,,ND1207-GROUP,,,,,no,,,English,en,,,single,,,,,https://lp.nordace.com/dpalink/nordace-siena-mesh-tote-bag_black?utm_source=Facebook_DPA&utm_campaign={{campaign.name}}_{{adset.name}}&utm_medium={{adset.id}}&utm_content={{ad.id}}_{{ad.name}}&cmpid=69844dedca420a8b8b43f68e&sub1={{ad.id}}&sub2={{adset.id}}&sub3={{campaign.id}}&sub4={{ad.name}}&sub5={{adset.name}}&sub6={{campaign.name}}&sub7={{site_source_name}}&sub9=Meta&ref_id={{fbclid}},
ND1207-5,Siena Mesh Tote Bag,,https://lp.nordace.com/dpalink/nordace-siena-mesh-tote-bag_beige?utm_source=Facebook_DPA&utm_campaign={{campaign.name}}_{{adset.name}}&utm_medium={{adset.id}}&utm_content={{ad.id}}_{{ad.name}}&cmpid=69844dedca420a8b8b43f68e&sub1={{ad.id}}&sub2={{adset.id}}&sub3={{campaign.id}}&sub4={{ad.name}}&sub5={{adset.name}}&sub6={{campaign.name}}&sub7={{site_source_name}}&sub9=Meta&ref_id={{fbclid}},https://nordace.com/wp-content/uploads/2024/05/6G8A9517.jpg,,in stock,,,69.99 USD,,Backpacks & Wallets,100,,Nordace,ND1207-5-EN,yes,new,no,,Beige,,,,,ND1207-GROUP,,,,,no,,,English,en,,,single,,,,,https://lp.nordace.com/dpalink/nordace-siena-mesh-tote-bag_beige?utm_source=Facebook_DPA&utm_campaign={{campaign.name}}_{{adset.name}}&utm_medium={{adset.id}}&utm_content={{ad.id}}_{{ad.name}}&cmpid=69844dedca420a8b8b43f68e&sub1={{ad.id}}&sub2={{adset.id}}&sub3={{campaign.id}}&sub4={{ad.name}}&sub5={{adset.name}}&sub6={{campaign.name}}&sub7={{site_source_name}}&sub9=Meta&ref_id={{fbclid}},
ND1043,Nordace Merino Wool Women's T-shirt for Daily Activities & Travel,,https://lp.nordace.com/dpalink/nordace-merino-wool-womens-t-shirt-for-daily-activities-travel?utm_source=Facebook_DPA&utm_campaign={{campaign.name}}_{{adset.name}}&utm_medium={{adset.id}}&utm_content={{ad.id}}_{{ad.name}}&cmpid=69844dedca420a8b8b43f68e&sub1={{ad.id}}&sub2={{adset.id}}&sub3={{campaign.id}}&sub4={{ad.name}}&sub5={{adset.name}}&sub6={{campaign.name}}&sub7={{site_source_name}}&sub9=Meta&ref_id={{fbclid}},,,in stock,,,39.99 USD,,Backpacks & Wallets,100,,Nordace,ND1043-EN,yes,new,no,,,,,,,ND1043-GROUP,,,,,no,,,English,en,,,single,,,,,https://lp.nordace.com/dpalink/nordace-merino-wool-womens-t-shirt-for-daily-activities-travel?utm_source=Facebook_DPA&utm_campaign={{campaign.name}}_{{adset.name}}&utm_medium={{adset.id}}&utm_content={{ad.id}}_{{ad.name}}&cmpid=69844dedca420a8b8b43f68e&sub1={{ad.id}}&sub2={{adset.id}}&sub3={{campaign.id}}&sub4={{ad.name}}&sub5={{adset.name}}&sub6={{campaign.name}}&sub7={{site_source_name}}&sub9=Meta&ref_id={{fbclid}},
ND1043-1FL,Nordace Merino Wool Women's T-shirt for Daily Activities & Travel,,https://lp.nordace.com/dpalink/nordace-merino-wool-womens-t-shirt-for-daily-activities-travel_black_l?utm_source=Facebook_DPA&utm_campaign={{campaign.name}}_{{adset.name}}&utm_medium={{adset.id}}&utm_content={{ad.id}}_{{ad.name}}&cmpid=69844dedca420a8b8b43f68e&sub1={{ad.id}}&sub2={{adset.id}}&sub3={{campaign.id}}&sub4={{ad.name}}&sub5={{adset.name}}&sub6={{campaign.name}}&sub7={{site_source_name}}&sub9=Meta&ref_id={{fbclid}},https://nordace.com/wp-content/uploads/2020/07/Merino_Wool_T-shirt-F-Black-1.jpg,,in stock,,,69.99 USD,39.99 USD,Backpacks & Wallets,100,,Nordace,ND1043-1FL-EN,yes,new,no,,Black,,,,L,ND1043-GROUP,,,,,no,,,English,en,,,single,,,,,https://lp.nordace.com/dpalink/nordace-merino-wool-womens-t-shirt-for-daily-activities-travel_black_l?utm_source=Facebook_DPA&utm_campaign={{campaign.name}}_{{adset.name}}&utm_medium={{adset.id}}&utm_content={{ad.id}}_{{ad.name}}&cmpid=69844dedca420a8b8b43f68e&sub1={{ad.id}}&sub2={{adset.id}}&sub3={{campaign.id}}&sub4={{ad.name}}&sub5={{adset.name}}&sub6={{campaign.name}}&sub7={{site_source_name}}&sub9=Meta&ref_id={{fbclid}},
ND1043-1FXL,Nordace Merino Wool Women's T-shirt for Daily Activities & Travel,,https://lp.nordace.com/dpalink/nordace-merino-wool-womens-t-shirt-for-daily-activities-travel_black_xl?utm_source=Facebook_DPA&utm_campaign={{campaign.name}}_{{adset.name}}&utm_medium={{adset.id}}&utm_content={{ad.id}}_{{ad.name}}&cmpid=69844dedca420a8b8b43f68e&sub1={{ad.id}}&sub2={{adset.id}}&sub3={{campaign.id}}&sub4={{ad.name}}&sub5={{adset.name}}&sub6={{campaign.name}}&sub7={{site_source_name}}&sub9=Meta&ref_id={{fbclid}},https://nordace.com/wp-content/uploads/2020/07/Merino_Wool_T-shirt-F-Black-1.jpg,,in stock,,,69.99 USD,39.99 USD,Backpacks & Wallets,100,,Nordace,ND1043-1FXL-EN,yes,new,no,,Black,,,,Xl,ND1043-GROUP,,,,,no,,,English,en,,,single,,,,,https://lp.nordace.com/dpalink/nordace-merino-wool-womens-t-shirt-for-daily-activities-travel_black_xl?utm_source=Facebook_DPA&utm_campaign={{campaign.name}}_{{adset.name}}&utm_medium={{adset.id}}&utm_content={{ad.id}}_{{ad.name}}&cmpid=69844dedca420a8b8b43f68e&sub1={{ad.id}}&sub2={{adset.id}}&sub3={{campaign.id}}&sub4={{ad.name}}&sub5={{adset.name}}&sub6={{campaign.name}}&sub7={{site_source_name}}&sub9=Meta&ref_id={{fbclid}},
ND1043-1FXXL,Nordace Merino Wool Women's T-shirt for Daily Activities & Travel,,https://lp.nordace.com/dpalink/nordace-merino-wool-womens-t-shirt-for-daily-activities-travel_black_xxl?utm_source=Facebook_DPA&utm_campaign={{campaign.name}}_{{adset.name}}&utm_medium={{adset.id}}&utm_content={{ad.id}}_{{ad.name}}&cmpid=69844dedca420a8b8b43f68e&sub1={{ad.id}}&sub2={{adset.id}}&sub3={{campaign.id}}&sub4={{ad.name}}&sub5={{adset.name}}&sub6={{campaign.name}}&sub7={{site_source_name}}&sub9=Meta&ref_id={{fbclid}},https://nordace.com/wp-content/uploads/2020/07/Merino_Wool_T-shirt-F-Black-1.jpg,,in stock,,,69.99 USD,39.99 USD,Backpacks & Wallets,100,,Nordace,ND1043-1FXXL-EN,yes,new,no,,Black,,,,Xxl,ND1043-GROUP,,,,,no,,,English,en,,,single,,,,,https://lp.nordace.com/dpalink/nordace-merino-wool-womens-t-shirt-for-daily-activities-travel_black_xxl?utm_source=Facebook_DPA&utm_campaign={{campaign.name}}_{{adset.name}}&utm_medium={{adset.id}}&utm_content={{ad.id}}_{{ad.name}}&cmpid=69844dedca420a8b8b43f68e&sub1={{ad.id}}&sub2={{adset.id}}&sub3={{campaign.id}}&sub4={{ad.name}}&sub5={{adset.name}}&sub6={{campaign.name}}&sub7={{site_source_name}}&sub9=Meta&ref_id={{fbclid}},
ND1043-2FM,Nordace Merino Wool Women's T-shirt for Daily Activities & Travel,,https://lp.nordace.com/dpalink/nordace-merino-wool-womens-t-shirt-for-daily-activities-travel_gray_m?utm_source=Facebook_DPA&utm_campaign={{campaign.name}}_{{adset.name}}&utm_medium={{adset.id}}&utm_content={{ad.id}}_{{ad.name}}&cmpid=69844dedca420a8b8b43f68e&sub1={{ad.id}}&sub2={{adset.id}}&sub3={{campaign.id}}&sub4={{ad.name}}&sub5={{adset.name}}&sub6={{campaign.name}}&sub7={{site_source_name}}&sub9=Meta&ref_id={{fbclid}},https://nordace.com/wp-content/uploads/2020/07/Merino_Wool_T-shirt-F-Gray-1.jpg,,in stock,,,69.99 USD,39.99 USD,Backpacks & Wallets,100,,Nordace,ND1043-2FM-EN,yes,new,no,,Gray,,,,M,ND1043-GROUP,,,,,no,,,English,en,,,single,,,,,https://lp.nordace.com/dpalink/nordace-merino-wool-womens-t-shirt-for-daily-activities-travel_gray_m?utm_source=Facebook_DPA&utm_campaign={{campaign.name}}_{{adset.name}}&utm_medium={{adset.id}}&utm_content={{ad.id}}_{{ad.name}}&cmpid=69844dedca420a8b8b43f68e&sub1={{ad.id}}&sub2={{adset.id}}&sub3={{campaign.id}}&sub4={{ad.name}}&sub5={{adset.name}}&sub6={{campaign.name}}&sub7={{site_source_name}}&sub9=Meta&ref_id={{fbclid}},
ND1043-2FL,Nordace Merino Wool Women's T-shirt for Daily Activities & Travel,,https://lp.nordace.com/dpalink/nordace-merino-wool-womens-t-shirt-for-daily-activities-travel_gray_l?utm_source=Facebook_DPA&utm_campaign={{campaign.name}}_{{adset.name}}&utm_medium={{adset.id}}&utm_content={{ad.id}}_{{ad.name}}&cmpid=69844dedca420a8b8b43f68e&sub1={{ad.id}}&sub2={{adset.id}}&sub3={{campaign.id}}&sub4={{ad.name}}&sub5={{adset.name}}&sub6={{campaign.name}}&sub7={{site_source_name}}&sub9=Meta&ref_id={{fbclid}},https://nordace.com/wp-content/uploads/2020/07/Merino_Wool_T-shirt-F-Gray-1.jpg,,in stock,,,69.99 USD,39.99 USD,Backpacks & Wallets,100,,Nordace,ND1043-2FL-EN,yes,new,no,,Gray,,,,L,ND1043-GROUP,,,,,no,,,English,en,,,single,,,,,https://lp.nordace.com/dpalink/nordace-merino-wool-womens-t-shirt-for-daily-activities-travel_gray_l?utm_source=Facebook_DPA&utm_campaign={{campaign.name}}_{{adset.name}}&utm_medium={{adset.id}}&utm_content={{ad.id}}_{{ad.name}}&cmpid=69844dedca420a8b8b43f68e&sub1={{ad.id}}&sub2={{adset.id}}&sub3={{campaign.id}}&sub4={{ad.name}}&sub5={{adset.name}}&sub6={{campaign.name}}&sub7={{site_source_name}}&sub9=Meta&ref_id={{fbclid}},
ND1043-2FXL,Nordace Merino Wool Women's T-shirt for Daily Activities & Travel,,https://lp.nordace.com/dpalink/nordace-merino-wool-womens-t-shirt-for-daily-activities-travel_gray_xl?utm_source=Facebook_DPA&utm_campaign={{campaign.name}}_{{adset.name}}&utm_medium={{adset.id}}&utm_content={{ad.id}}_{{ad.name}}&cmpid=69844dedca420a8b8b43f68e&sub1={{ad.id}}&sub2={{adset.id}}&sub3={{campaign.id}}&sub4={{ad.name}}&sub5={{adset.name}}&sub6={{campaign.name}}&sub7={{site_source_name}}&sub9=Meta&ref_id={{fbclid}},https://nordace.com/wp-content/uploads/2020/07/Merino_Wool_T-shirt-F-Gray-1.jpg,,in stock,,,69.99 USD,39.99 USD,Backpacks & Wallets,100,,Nordace,ND1043-2FXL-EN,yes,new,no,,Gray,,,,Xl,ND1043-GROUP,,,,,no,,,English,en,,,single,,,,,https://lp.nordace.com/dpalink/nordace-merino-wool-womens-t-shirt-for-daily-activities-travel_gray_xl?utm_source=Facebook_DPA&utm_campaign={{campaign.name}}_{{adset.name}}&utm_medium={{adset.id}}&utm_content={{ad.id}}_{{ad.name}}&cmpid=69844dedca420a8b8b43f68e&sub1={{ad.id}}&sub2={{adset.id}}&sub3={{campaign.id}}&sub4={{ad.name}}&sub5={{adset.name}}&sub6={{campaign.name}}&sub7={{site_source_name}}&sub9=Meta&ref_id={{fbclid}},
ND1043-2FXXL,Nordace Merino Wool Women's T-shirt for Daily Activities & Travel,,https://lp.nordace.com/dpalink/nordace-merino-wool-womens-t-shirt-for-daily-activities-travel_gray_xxl?utm_source=Facebook_DPA&utm_campaign={{campaign.name}}_{{adset.name}}&utm_medium={{adset.id}}&utm_content={{ad.id}}_{{ad.name}}&cmpid=69844dedca420a8b8b43f68e&sub1={{ad.id}}&sub2={{adset.id}}&sub3={{campaign.id}}&sub4={{ad.name}}&sub5={{adset.name}}&sub6={{campaign.name}}&sub7={{site_source_name}}&sub9=Meta&ref_id={{fbclid}},https://nordace.com/wp-content/uploads/2020/07/Merino_Wool_T-shirt-F-Gray-1.jpg,,in stock,,,69.99 USD,39.99 USD,Backpacks & Wallets,100,,Nordace,ND1043-2FXXL-EN,yes,new,no,,Gray,,,,Xxl,ND1043-GROUP,,,,,no,,,English,en,,,single,,,,,https://lp.nordace.com/dpalink/nordace-merino-wool-womens-t-shirt-for-daily-activities-travel_gray_xxl?utm_source=Facebook_DPA&utm_campaign={{campaign.name}}_{{adset.name}}&utm_medium={{adset.id}}&utm_content={{ad.id}}_{{ad.name}}&cmpid=69844dedca420a8b8b43f68e&sub1={{ad.id}}&sub2={{adset.id}}&sub3={{campaign.id}}&sub4={{ad.name}}&sub5={{adset.name}}&sub6={{campaign.name}}&sub7={{site_source_name}}&sub9=Meta&ref_id={{fbclid}},
ND1110,Audon Petit Insulated Bottle Bag,,https://lp.nordace.com/dpalink/audon-petit-insulated-bottle-bag?utm_source=Facebook_DPA&utm_campaign={{campaign.name}}_{{adset.name}}&utm_medium={{adset.id}}&utm_content={{ad.id}}_{{ad.name}}&cmpid=69844dedca420a8b8b43f68e&sub1={{ad.id}}&sub2={{adset.id}}&sub3={{campaign.id}}&sub4={{ad.name}}&sub5={{adset.name}}&sub6={{campaign.name}}&sub7={{site_source_name}}&sub9=Meta&ref_id={{fbclid}},,,in stock,,,29.99 USD,,Backpacks & Wallets,100,,Nordace,ND1110-EN,yes,new,no,,,,,,,ND1110-GROUP,,,,,no,,,English,en,,,single,,,,,https://lp.nordace.com/dpalink/audon-petit-insulated-bottle-bag?utm_source=Facebook_DPA&utm_campaign={{campaign.name}}_{{adset.name}}&utm_medium={{adset.id}}&utm_content={{ad.id}}_{{ad.name}}&cmpid=69844dedca420a8b8b43f68e&sub1={{ad.id}}&sub2={{adset.id}}&sub3={{campaign.id}}&sub4={{ad.name}}&sub5={{adset.name}}&sub6={{campaign.name}}&sub7={{site_source_name}}&sub9=Meta&ref_id={{fbclid}},
ND1110-5,Audon Petit Insulated Bottle Bag,,https://lp.nordace.com/dpalink/audon-petit-insulated-bottle-bag_caramel?utm_source=Facebook_DPA&utm_campaign={{campaign.name}}_{{adset.name}}&utm_medium={{adset.id}}&utm_content={{ad.id}}_{{ad.name}}&cmpid=69844dedca420a8b8b43f68e&sub1={{ad.id}}&sub2={{adset.id}}&sub3={{campaign.id}}&sub4={{ad.name}}&sub5={{adset.name}}&sub6={{campaign.name}}&sub7={{site_source_name}}&sub9=Meta&ref_id={{fbclid}},https://nordace.com/wp-content/uploads/2022/12/ND1110-51.jpg,,in stock,,,29.99 USD,,Backpacks & Wallets,100,,Nordace,ND1110-5-EN,yes,new,no,,Caramel,,,,,ND1110-GROUP,,,,,no,,,English,en,,,single,,,,,https://lp.nordace.com/dpalink/audon-petit-insulated-bottle-bag_caramel?utm_source=Facebook_DPA&utm_campaign={{campaign.name}}_{{adset.name}}&utm_medium={{adset.id}}&utm_content={{ad.id}}_{{ad.name}}&cmpid=69844dedca420a8b8b43f68e&sub1={{ad.id}}&sub2={{adset.id}}&sub3={{campaign.id}}&sub4={{ad.name}}&sub5={{adset.name}}&sub6={{campaign.name}}&sub7={{site_source_name}}&sub9=Meta&ref_id={{fbclid}},
ND1110-1,Audon Petit Insulated Bottle Bag,,https://lp.nordace.com/dpalink/audon-petit-insulated-bottle-bag_black?utm_source=Facebook_DPA&utm_campaign={{campaign.name}}_{{adset.name}}&utm_medium={{adset.id}}&utm_content={{ad.id}}_{{ad.name}}&cmpid=69844dedca420a8b8b43f68e&sub1={{ad.id}}&sub2={{adset.id}}&sub3={{campaign.id}}&sub4={{ad.name}}&sub5={{adset.name}}&sub6={{campaign.name}}&sub7={{site_source_name}}&sub9=Meta&ref_id={{fbclid}},https://nordace.com/wp-content/uploads/2022/12/ND1110-11.jpg,,in stock,,,29.99 USD,,Backpacks & Wallets,100,,Nordace,ND1110-1-EN,yes,new,no,,Black,,,,,ND1110-GROUP,,,,,no,,,English,en,,,single,,,,,https://lp.nordace.com/dpalink/audon-petit-insulated-bottle-bag_black?utm_source=Facebook_DPA&utm_campaign={{campaign.name}}_{{adset.name}}&utm_medium={{adset.id}}&utm_content={{ad.id}}_{{ad.name}}&cmpid=69844dedca420a8b8b43f68e&sub1={{ad.id}}&sub2={{adset.id}}&sub3={{campaign.id}}&sub4={{ad.name}}&sub5={{adset.name}}&sub6={{campaign.name}}&sub7={{site_source_name}}&sub9=Meta&ref_id={{fbclid}},
US-101,Nordace HydraPocket Water Bottle,,https://lp.nordace.com/dpalink/nordace-hydrapocket-water-bottle?utm_source=Facebook_DPA&utm_campaign={{campaign.name}}_{{adset.name}}&utm_medium={{adset.id}}&utm_content={{ad.id}}_{{ad.name}}&cmpid=69844dedca420a8b8b43f68e&sub1={{ad.id}}&sub2={{adset.id}}&sub3={{campaign.id}}&sub4={{ad.name}}&sub5={{adset.name}}&sub6={{campaign.name}}&sub7={{site_source_name}}&sub9=Meta&ref_id={{fbclid}},,,in stock,,,19.99 USD,,Backpacks & Wallets,100,,Nordace,US-101-EN,yes,new,no,,,,,,,US-101-GROUP,,,,,no,,,English,en,,,single,,,,,https://lp.nordace.com/dpalink/nordace-hydrapocket-water-bottle?utm_source=Facebook_DPA&utm_campaign={{campaign.name}}_{{adset.name}}&utm_medium={{adset.id}}&utm_content={{ad.id}}_{{ad.name}}&cmpid=69844dedca420a8b8b43f68e&sub1={{ad.id}}&sub2={{adset.id}}&sub3={{campaign.id}}&sub4={{ad.name}}&sub5={{adset.name}}&sub6={{campaign.name}}&sub7={{site_source_name}}&sub9=Meta&ref_id={{fbclid}},
US-101-01,Nordace HydraPocket Water Bottle,,https://lp.nordace.com/dpalink/nordace-hydrapocket-water-bottle_black?utm_source=Facebook_DPA&utm_campaign={{campaign.name}}_{{adset.name}}&utm_medium={{adset.id}}&utm_content={{ad.id}}_{{ad.name}}&cmpid=69844dedca420a8b8b43f68e&sub1={{ad.id}}&sub2={{adset.id}}&sub3={{campaign.id}}&sub4={{ad.name}}&sub5={{adset.name}}&sub6={{campaign.name}}&sub7={{site_source_name}}&sub9=Meta&ref_id={{fbclid}},https://nordace.com/wp-content/uploads/2024/07/GP3A7300.jpg,,in stock,,,19.99 USD,,Backpacks & Wallets,100,,Nordace,US-101-01-EN,yes,new,no,,Black,,,,,US-101-GROUP,,,,,no,,,English,en,,,single,,,,,https://lp.nordace.com/dpalink/nordace-hydrapocket-water-bottle_black?utm_source=Facebook_DPA&utm_campaign={{campaign.name}}_{{adset.name}}&utm_medium={{adset.id}}&utm_content={{ad.id}}_{{ad.name}}&cmpid=69844dedca420a8b8b43f68e&sub1={{ad.id}}&sub2={{adset.id}}&sub3={{campaign.id}}&sub4={{ad.name}}&sub5={{adset.name}}&sub6={{campaign.name}}&sub7={{site_source_name}}&sub9=Meta&ref_id={{fbclid}},
VOA2099,Eclat Daily Set,,https://lp.nordace.com/dpalink/eclat-daily-set?utm_source=Facebook_DPA&utm_campaign={{campaign.name}}_{{adset.name}}&utm_medium={{adset.id}}&utm_content={{ad.id}}_{{ad.name}}&cmpid=69844dedca420a8b8b43f68e&sub1={{ad.id}}&sub2={{adset.id}}&sub3={{campaign.id}}&sub4={{ad.name}}&sub5={{adset.name}}&sub6={{campaign.name}}&sub7={{site_source_name}}&sub9=Meta&ref_id={{fbclid}},,,in stock,,,149.98 USD,124.99 USD,Backpacks & Wallets,100,,Nordace,VOA2099-EN,yes,new,no,,,,,,,,,,,,no,,,English,en,,,single,,,,,https://lp.nordace.com/dpalink/eclat-daily-set?utm_source=Facebook_DPA&utm_campaign={{campaign.name}}_{{adset.name}}&utm_medium={{adset.id}}&utm_content={{ad.id}}_{{ad.name}}&cmpid=69844dedca420a8b8b43f68e&sub1={{ad.id}}&sub2={{adset.id}}&sub3={{campaign.id}}&sub4={{ad.name}}&sub5={{adset.name}}&sub6={{campaign.name}}&sub7={{site_source_name}}&sub9=Meta&ref_id={{fbclid}},
,Eliz Set,,https://lp.nordace.com/dpalink/eliz-set?utm_source=Facebook_DPA&utm_campaign={{campaign.name}}_{{adset.name}}&utm_medium={{adset.id}}&utm_content={{ad.id}}_{{ad.name}}&cmpid=69844dedca420a8b8b43f68e&sub1={{ad.id}}&sub2={{adset.id}}&sub3={{campaign.id}}&sub4={{ad.name}}&sub5={{adset.name}}&sub6={{campaign.name}}&sub7={{site_source_name}}&sub9=Meta&ref_id={{fbclid}},,,in stock,,,143.00 USD,128.70 USD,Backpacks & Wallets,100,,Nordace,-EN,yes,new,no,,,,,,,,,,,,no,,,English,en,,,single,,,,,https://lp.nordace.com/dpalink/eliz-set?utm_source=Facebook_DPA&utm_campaign={{campaign.name}}_{{adset.name}}&utm_medium={{adset.id}}&utm_content={{ad.id}}_{{ad.name}}&cmpid=69844dedca420a8b8b43f68e&sub1={{ad.id}}&sub2={{adset.id}}&sub3={{campaign.id}}&sub4={{ad.name}}&sub5={{adset.name}}&sub6={{campaign.name}}&sub7={{site_source_name}}&sub9=Meta&ref_id={{fbclid}},
ND1043,Nordace Merino Wool High Performance Men's T-shirt,,https://lp.nordace.com/dpalink/nordace-merino-wool-high-performance-mens-t-shirt?utm_source=Facebook_DPA&utm_campaign={{campaign.name}}_{{adset.name}}&utm_medium={{adset.id}}&utm_content={{ad.id}}_{{ad.name}}&cmpid=69844dedca420a8b8b43f68e&sub1={{ad.id}}&sub2={{adset.id}}&sub3={{campaign.id}}&sub4={{ad.name}}&sub5={{adset.name}}&sub6={{campaign.name}}&sub7={{site_source_name}}&sub9=Meta&ref_id={{fbclid}},,,in stock,,,39.99 USD,,Backpacks & Wallets,100,,Nordace,ND1043-EN,yes,new,no,,,,,,,ND1043-GROUP,,,,,no,,,English,en,,,single,,,,,https://lp.nordace.com/dpalink/nordace-merino-wool-high-performance-mens-t-shirt?utm_source=Facebook_DPA&utm_campaign={{campaign.name}}_{{adset.name}}&utm_medium={{adset.id}}&utm_content={{ad.id}}_{{ad.name}}&cmpid=69844dedca420a8b8b43f68e&sub1={{ad.id}}&sub2={{adset.id}}&sub3={{campaign.id}}&sub4={{ad.name}}&sub5={{adset.name}}&sub6={{campaign.name}}&sub7={{site_source_name}}&sub9=Meta&ref_id={{fbclid}},
ND1043-1MXL,Nordace Merino Wool High Performance Men's T-shirt,,https://lp.nordace.com/dpalink/nordace-merino-wool-high-performance-mens-t-shirt_black_xl?utm_source=Facebook_DPA&utm_campaign={{campaign.name}}_{{adset.name}}&utm_medium={{adset.id}}&utm_content={{ad.id}}_{{ad.name}}&cmpid=69844dedca420a8b8b43f68e&sub1={{ad.id}}&sub2={{adset.id}}&sub3={{campaign.id}}&sub4={{ad.name}}&sub5={{adset.name}}&sub6={{campaign.name}}&sub7={{site_source_name}}&sub9=Meta&ref_id={{fbclid}},https://nordace.com/wp-content/uploads/2020/08/Merino_Wool_T-shirt_1.jpg,,in stock,,,69.99 USD,39.99 USD,Backpacks & Wallets,100,,Nordace,ND1043-1MXL-EN,yes,new,no,,Black,,,,Xl,ND1043-GROUP,,,,,no,,,English,en,,,single,,,,,https://lp.nordace.com/dpalink/nordace-merino-wool-high-performance-mens-t-shirt_black_xl?utm_source=Facebook_DPA&utm_campaign={{campaign.name}}_{{adset.name}}&utm_medium={{adset.id}}&utm_content={{ad.id}}_{{ad.name}}&cmpid=69844dedca420a8b8b43f68e&sub1={{ad.id}}&sub2={{adset.id}}&sub3={{campaign.id}}&sub4={{ad.name}}&sub5={{adset.name}}&sub6={{campaign.name}}&sub7={{site_source_name}}&sub9=Meta&ref_id={{fbclid}},
ND1043-1MXXL,Nordace Merino Wool High Performance Men's T-shirt,,https://lp.nordace.com/dpalink/nordace-merino-wool-high-performance-mens-t-shirt_black_xxl?utm_source=Facebook_DPA&utm_campaign={{campaign.name}}_{{adset.name}}&utm_medium={{adset.id}}&utm_content={{ad.id}}_{{ad.name}}&cmpid=69844dedca420a8b8b43f68e&sub1={{ad.id}}&sub2={{adset.id}}&sub3={{campaign.id}}&sub4={{ad.name}}&sub5={{adset.name}}&sub6={{campaign.name}}&sub7={{site_source_name}}&sub9=Meta&ref_id={{fbclid}},https://nordace.com/wp-content/uploads/2020/08/Merino_Wool_T-shirt_1.jpg,,in stock,,,69.99 USD,39.99 USD,Backpacks & Wallets,100,,Nordace,ND1043-1MXXL-EN,yes,new,no,,Black,,,,Xxl,ND1043-GROUP,,,,,no,,,English,en,,,single,,,,,https://lp.nordace.com/dpalink/nordace-merino-wool-high-performance-mens-t-shirt_black_xxl?utm_source=Facebook_DPA&utm_campaign={{campaign.name}}_{{adset.name}}&utm_medium={{adset.id}}&utm_content={{ad.id}}_{{ad.name}}&cmpid=69844dedca420a8b8b43f68e&sub1={{ad.id}}&sub2={{adset.id}}&sub3={{campaign.id}}&sub4={{ad.name}}&sub5={{adset.name}}&sub6={{campaign.name}}&sub7={{site_source_name}}&sub9=Meta&ref_id={{fbclid}},
VOA2058,Comino Daypack Set,,https://lp.nordace.com/dpalink/comino-daypack-set?utm_source=Facebook_DPA&utm_campaign={{campaign.name}}_{{adset.name}}&utm_medium={{adset.id}}&utm_content={{ad.id}}_{{ad.name}}&cmpid=69844dedca420a8b8b43f68e&sub1={{ad.id}}&sub2={{adset.id}}&sub3={{campaign.id}}&sub4={{ad.name}}&sub5={{adset.name}}&sub6={{campaign.name}}&sub7={{site_source_name}}&sub9=Meta&ref_id={{fbclid}},,,in stock,,,256.99 USD,159.99 USD,Backpacks & Wallets,100,,Nordace,VOA2058-EN,yes,new,no,,,,,,,,,,,,no,,,English,en,,,single,,,,,https://lp.nordace.com/dpalink/comino-daypack-set?utm_source=Facebook_DPA&utm_campaign={{campaign.name}}_{{adset.name}}&utm_medium={{adset.id}}&utm_content={{ad.id}}_{{ad.name}}&cmpid=69844dedca420a8b8b43f68e&sub1={{ad.id}}&sub2={{adset.id}}&sub3={{campaign.id}}&sub4={{ad.name}}&sub5={{adset.name}}&sub6={{campaign.name}}&sub7={{site_source_name}}&sub9=Meta&ref_id={{fbclid}},
VOA2073,Orleans on the Move,,https://lp.nordace.com/dpalink/orleans-on-the-move?utm_source=Facebook_DPA&utm_campaign={{campaign.name}}_{{adset.name}}&utm_medium={{adset.id}}&utm_content={{ad.id}}_{{ad.name}}&cmpid=69844dedca420a8b8b43f68e&sub1={{ad.id}}&sub2={{adset.id}}&sub3={{campaign.id}}&sub4={{ad.name}}&sub5={{adset.name}}&sub6={{campaign.name}}&sub7={{site_source_name}}&sub9=Meta&ref_id={{fbclid}},,,in stock,,,194.96 USD,159.99 USD,Backpacks & Wallets,100,,Nordace,VOA2073-EN,yes,new,no,,,,,,,,,,,,no,,,English,en,,,single,,,,,https://lp.nordace.com/dpalink/orleans-on-the-move?utm_source=Facebook_DPA&utm_campaign={{campaign.name}}_{{adset.name}}&utm_medium={{adset.id}}&utm_content={{ad.id}}_{{ad.name}}&cmpid=69844dedca420a8b8b43f68e&sub1={{ad.id}}&sub2={{adset.id}}&sub3={{campaign.id}}&sub4={{ad.name}}&sub5={{adset.name}}&sub6={{campaign.name}}&sub7={{site_source_name}}&sub9=Meta&ref_id={{fbclid}},
VOA2060,Comino Duo,,https://lp.nordace.com/dpalink/comino-duo?utm_source=Facebook_DPA&utm_campaign={{campaign.name}}_{{adset.name}}&utm_medium={{adset.id}}&utm_content={{ad.id}}_{{ad.name}}&cmpid=69844dedca420a8b8b43f68e&sub1={{ad.id}}&sub2={{adset.id}}&sub3={{campaign.id}}&sub4={{ad.name}}&sub5={{adset.name}}&sub6={{campaign.name}}&sub7={{site_source_name}}&sub9=Meta&ref_id={{fbclid}},,,in stock,,,259.98 USD,209.99 USD,Backpacks & Wallets,100,,Nordace,VOA2060-EN,yes,new,no,,,,,,,,,,,,no,,,English,en,,,single,,,,,https://lp.nordace.com/dpalink/comino-duo?utm_source=Facebook_DPA&utm_campaign={{campaign.name}}_{{adset.name}}&utm_medium={{adset.id}}&utm_content={{ad.id}}_{{ad.name}}&cmpid=69844dedca420a8b8b43f68e&sub1={{ad.id}}&sub2={{adset.id}}&sub3={{campaign.id}}&sub4={{ad.name}}&sub5={{adset.name}}&sub6={{campaign.name}}&sub7={{site_source_name}}&sub9=Meta&ref_id={{fbclid}},